ARCH: blackhole, CHIP_FREQ[MHz]: 1350, Max Compute Cores: 120
PCIe slot, core_x, core_y, RISC processor type, timer_id, time[cycles since reset], data, run host ID, trace id, trace id counter, zone name, type, source line, source file, meta data
0,1,2,BRISC,51381,15504818688825,0,0,,,BRISC-FW,ZONE_START,433,/home/nx09/nx09/nebriscv/tt-metal-0.74/tt-metal/tt_metal/hw/firmware/src/tt-1xx/brisc.cc,
0,1,2,BRISC,31418,15504818689604,0,0,,,BRISC-KERNEL,ZONE_START,77,/home/nx09/nx09/nebriscv/tt-metal-0.74/tt-metal/tt_metal/hw/firmware/src/tt-1xx/brisck.cc,
0,1,2,BRISC,31418,15504818778051,0,0,,,BRISC-KERNEL,ZONE_END,77,/home/nx09/nx09/nebriscv/tt-metal-0.74/tt-metal/tt_metal/hw/firmware/src/tt-1xx/brisck.cc,
0,1,2,BRISC,51381,15504818779874,0,0,,,BRISC-FW,ZONE_END,433,/home/nx09/nx09/nebriscv/tt-metal-0.74/tt-metal/tt_metal/hw/firmware/src/tt-1xx/brisc.cc,
0,1,2,NCRISC,49034,15504818688978,0,0,,,NCRISC-FW,ZONE_START,129,/home/nx09/nx09/nebriscv/tt-metal-0.74/tt-metal/tt_metal/hw/firmware/src/tt-1xx/ncrisc.cc,
0,1,2,NCRISC,13096,15504818689457,0,0,,,NCRISC-KERNEL,ZONE_START,69,/home/nx09/nx09/nebriscv/tt-metal-0.74/tt-metal/tt_metal/hw/firmware/src/tt-1xx/ncrisck.cc,
0,1,2,NCRISC,13096,15504818779685,0,0,,,NCRISC-KERNEL,ZONE_END,69,/home/nx09/nx09/nebriscv/tt-metal-0.74/tt-metal/tt_metal/hw/firmware/src/tt-1xx/ncrisck.cc,
0,1,2,NCRISC,49034,15504818779714,0,0,,,NCRISC-FW,ZONE_END,129,/home/nx09/nx09/nebriscv/tt-metal-0.74/tt-metal/tt_metal/hw/firmware/src/tt-1xx/ncrisc.cc,
0,1,2,TRISC_0,30839,15504818689085,0,0,,,TRISC-FW,ZONE_START,150,/home/nx09/nx09/nebriscv/tt-metal-0.74/tt-metal/tt_metal/hw/firmware/src/tt-1xx/trisc.cc,
0,1,2,TRISC_0,60173,15504818689502,0,0,,,TRISC-KERNEL,ZONE_START,86,/home/nx09/nx09/nebriscv/tt-metal-0.74/tt-metal/tt_metal/hw/firmware/src/tt-1xx/trisck.cc,
0,1,2,TRISC_0,60173,15504818779747,0,0,,,TRISC-KERNEL,ZONE_END,86,/home/nx09/nx09/nebriscv/tt-metal-0.74/tt-metal/tt_metal/hw/firmware/src/tt-1xx/trisck.cc,
0,1,2,TRISC_0,30839,15504818779784,0,0,,,TRISC-FW,ZONE_END,150,/home/nx09/nx09/nebriscv/tt-metal-0.74/tt-metal/tt_metal/hw/firmware/src/tt-1xx/trisc.cc,
0,1,2,TRISC_1,30839,15504818689093,0,0,,,TRISC-FW,ZONE_START,150,/home/nx09/nx09/nebriscv/tt-metal-0.74/tt-metal/tt_metal/hw/firmware/src/tt-1xx/trisc.cc,
0,1,2,TRISC_1,60173,15504818689274,0,0,,,TRISC-KERNEL,ZONE_START,86,/home/nx09/nx09/nebriscv/tt-metal-0.74/tt-metal/tt_metal/hw/firmware/src/tt-1xx/trisck.cc,
0,1,2,TRISC_1,60173,15504818768597,0,0,,,TRISC-KERNEL,ZONE_END,86,/home/nx09/nx09/nebriscv/tt-metal-0.74/tt-metal/tt_metal/hw/firmware/src/tt-1xx/trisck.cc,
0,1,2,TRISC_1,30839,15504818777558,0,0,,,TRISC-FW,ZONE_END,150,/home/nx09/nx09/nebriscv/tt-metal-0.74/tt-metal/tt_metal/hw/firmware/src/tt-1xx/trisc.cc,
0,1,2,TRISC_2,30839,15504818689098,0,0,,,TRISC-FW,ZONE_START,150,/home/nx09/nx09/nebriscv/tt-metal-0.74/tt-metal/tt_metal/hw/firmware/src/tt-1xx/trisc.cc,
0,1,2,TRISC_2,60173,15504818689528,0,0,,,TRISC-KERNEL,ZONE_START,86,/home/nx09/nx09/nebriscv/tt-metal-0.74/tt-metal/tt_metal/hw/firmware/src/tt-1xx/trisck.cc,
0,1,2,TRISC_2,60173,15504818755068,0,0,,,TRISC-KERNEL,ZONE_END,86,/home/nx09/nx09/nebriscv/tt-metal-0.74/tt-metal/tt_metal/hw/firmware/src/tt-1xx/trisck.cc,
0,1,2,TRISC_2,30839,15504818777606,0,0,,,TRISC-FW,ZONE_END,150,/home/nx09/nx09/nebriscv/tt-metal-0.74/tt-metal/tt_metal/hw/firmware/src/tt-1xx/trisc.cc,
0,1,3,BRISC,51381,15504818717467,0,0,,,BRISC-FW,ZONE_START,433,/home/nx09/nx09/nebriscv/tt-metal-0.74/tt-metal/tt_metal/hw/firmware/src/tt-1xx/brisc.cc,
0,1,3,BRISC,31418,15504818718245,0,0,,,BRISC-KERNEL,ZONE_START,77,/home/nx09/nx09/nebriscv/tt-metal-0.74/tt-metal/tt_metal/hw/firmware/src/tt-1xx/brisck.cc,
0,1,3,BRISC,31418,15504818809363,0,0,,,BRISC-KERNEL,ZONE_END,77,/home/nx09/nx09/nebriscv/tt-metal-0.74/tt-metal/tt_metal/hw/firmware/src/tt-1xx/brisck.cc,
0,1,3,BRISC,51381,15504818809454,0,0,,,BRISC-FW,ZONE_END,433,/home/nx09/nx09/nebriscv/tt-metal-0.74/tt-metal/tt_metal/hw/firmware/src/tt-1xx/brisc.cc,
0,1,3,NCRISC,49034,15504818717620,0,0,,,NCRISC-FW,ZONE_START,129,/home/nx09/nx09/nebriscv/tt-metal-0.74/tt-metal/tt_metal/hw/firmware/src/tt-1xx/ncrisc.cc,
0,1,3,NCRISC,13096,15504818718105,0,0,,,NCRISC-KERNEL,ZONE_START,69,/home/nx09/nx09/nebriscv/tt-metal-0.74/tt-metal/tt_metal/hw/firmware/src/tt-1xx/ncrisck.cc,
0,1,3,NCRISC,13096,15504818808761,0,0,,,NCRISC-KERNEL,ZONE_END,69,/home/nx09/nx09/nebriscv/tt-metal-0.74/tt-metal/tt_metal/hw/firmware/src/tt-1xx/ncrisck.cc,
0,1,3,NCRISC,49034,15504818808789,0,0,,,NCRISC-FW,ZONE_END,129,/home/nx09/nx09/nebriscv/tt-metal-0.74/tt-metal/tt_metal/hw/firmware/src/tt-1xx/ncrisc.cc,
0,1,3,TRISC_0,30839,15504818717728,0,0,,,TRISC-FW,ZONE_START,150,/home/nx09/nx09/nebriscv/tt-metal-0.74/tt-metal/tt_metal/hw/firmware/src/tt-1xx/trisc.cc,
0,1,3,TRISC_0,60173,15504818718139,0,0,,,TRISC-KERNEL,ZONE_START,86,/home/nx09/nx09/nebriscv/tt-metal-0.74/tt-metal/tt_metal/hw/firmware/src/tt-1xx/trisck.cc,
0,1,3,TRISC_0,60173,15504818808828,0,0,,,TRISC-KERNEL,ZONE_END,86,/home/nx09/nx09/nebriscv/tt-metal-0.74/tt-metal/tt_metal/hw/firmware/src/tt-1xx/trisck.cc,
0,1,3,TRISC_0,30839,15504818808864,0,0,,,TRISC-FW,ZONE_END,150,/home/nx09/nx09/nebriscv/tt-metal-0.74/tt-metal/tt_metal/hw/firmware/src/tt-1xx/trisc.cc,
0,1,3,TRISC_1,30839,15504818717741,0,0,,,TRISC-FW,ZONE_START,150,/home/nx09/nx09/nebriscv/tt-metal-0.74/tt-metal/tt_metal/hw/firmware/src/tt-1xx/trisc.cc,
0,1,3,TRISC_1,60173,15504818717926,0,0,,,TRISC-KERNEL,ZONE_START,86,/home/nx09/nx09/nebriscv/tt-metal-0.74/tt-metal/tt_metal/hw/firmware/src/tt-1xx/trisck.cc,
0,1,3,TRISC_1,60173,15504818799776,0,0,,,TRISC-KERNEL,ZONE_END,86,/home/nx09/nx09/nebriscv/tt-metal-0.74/tt-metal/tt_metal/hw/firmware/src/tt-1xx/trisck.cc,
0,1,3,TRISC_1,30839,15504818808873,0,0,,,TRISC-FW,ZONE_END,150,/home/nx09/nx09/nebriscv/tt-metal-0.74/tt-metal/tt_metal/hw/firmware/src/tt-1xx/trisc.cc,
0,1,3,TRISC_2,30839,15504818717734,0,0,,,TRISC-FW,ZONE_START,150,/home/nx09/nx09/nebriscv/tt-metal-0.74/tt-metal/tt_metal/hw/firmware/src/tt-1xx/trisc.cc,
0,1,3,TRISC_2,60173,15504818718159,0,0,,,TRISC-KERNEL,ZONE_START,86,/home/nx09/nx09/nebriscv/tt-metal-0.74/tt-metal/tt_metal/hw/firmware/src/tt-1xx/trisck.cc,
0,1,3,TRISC_2,60173,15504818786344,0,0,,,TRISC-KERNEL,ZONE_END,86,/home/nx09/nx09/nebriscv/tt-metal-0.74/tt-metal/tt_metal/hw/firmware/src/tt-1xx/trisck.cc,
0,1,3,TRISC_2,30839,15504818808926,0,0,,,TRISC-FW,ZONE_END,150,/home/nx09/nx09/nebriscv/tt-metal-0.74/tt-metal/tt_metal/hw/firmware/src/tt-1xx/trisc.cc,
0,1,4,BRISC,51381,15504818745602,0,0,,,BRISC-FW,ZONE_START,433,/home/nx09/nx09/nebriscv/tt-metal-0.74/tt-metal/tt_metal/hw/firmware/src/tt-1xx/brisc.cc,
0,1,4,BRISC,31418,15504818746389,0,0,,,BRISC-KERNEL,ZONE_START,77,/home/nx09/nx09/nebriscv/tt-metal-0.74/tt-metal/tt_metal/hw/firmware/src/tt-1xx/brisck.cc,
0,1,4,BRISC,31418,15504818833223,0,0,,,BRISC-KERNEL,ZONE_END,77,/home/nx09/nx09/nebriscv/tt-metal-0.74/tt-metal/tt_metal/hw/firmware/src/tt-1xx/brisck.cc,
0,1,4,BRISC,51381,15504818833314,0,0,,,BRISC-FW,ZONE_END,433,/home/nx09/nx09/nebriscv/tt-metal-0.74/tt-metal/tt_metal/hw/firmware/src/tt-1xx/brisc.cc,
0,1,4,NCRISC,49034,15504818745756,0,0,,,NCRISC-FW,ZONE_START,129,/home/nx09/nx09/nebriscv/tt-metal-0.74/tt-metal/tt_metal/hw/firmware/src/tt-1xx/ncrisc.cc,
0,1,4,NCRISC,13096,15504818746242,0,0,,,NCRISC-KERNEL,ZONE_START,69,/home/nx09/nx09/nebriscv/tt-metal-0.74/tt-metal/tt_metal/hw/firmware/src/tt-1xx/ncrisck.cc,
0,1,4,NCRISC,13096,15504818832621,0,0,,,NCRISC-KERNEL,ZONE_END,69,/home/nx09/nx09/nebriscv/tt-metal-0.74/tt-metal/tt_metal/hw/firmware/src/tt-1xx/ncrisck.cc,
0,1,4,NCRISC,49034,15504818832649,0,0,,,NCRISC-FW,ZONE_END,129,/home/nx09/nx09/nebriscv/tt-metal-0.74/tt-metal/tt_metal/hw/firmware/src/tt-1xx/ncrisc.cc,
0,1,4,TRISC_0,30839,15504818745849,0,0,,,TRISC-FW,ZONE_START,150,/home/nx09/nx09/nebriscv/tt-metal-0.74/tt-metal/tt_metal/hw/firmware/src/tt-1xx/trisc.cc,
0,1,4,TRISC_0,60173,15504818746257,0,0,,,TRISC-KERNEL,ZONE_START,86,/home/nx09/nx09/nebriscv/tt-metal-0.74/tt-metal/tt_metal/hw/firmware/src/tt-1xx/trisck.cc,
0,1,4,TRISC_0,60173,15504818832688,0,0,,,TRISC-KERNEL,ZONE_END,86,/home/nx09/nx09/nebriscv/tt-metal-0.74/tt-metal/tt_metal/hw/firmware/src/tt-1xx/trisck.cc,
0,1,4,TRISC_0,30839,15504818832724,0,0,,,TRISC-FW,ZONE_END,150,/home/nx09/nx09/nebriscv/tt-metal-0.74/tt-metal/tt_metal/hw/firmware/src/tt-1xx/trisc.cc,
0,1,4,TRISC_1,30839,15504818745871,0,0,,,TRISC-FW,ZONE_START,150,/home/nx09/nx09/nebriscv/tt-metal-0.74/tt-metal/tt_metal/hw/firmware/src/tt-1xx/trisc.cc,
0,1,4,TRISC_1,60173,15504818746056,0,0,,,TRISC-KERNEL,ZONE_START,86,/home/nx09/nx09/nebriscv/tt-metal-0.74/tt-metal/tt_metal/hw/firmware/src/tt-1xx/trisck.cc,
0,1,4,TRISC_1,60173,15504818823951,0,0,,,TRISC-KERNEL,ZONE_END,86,/home/nx09/nx09/nebriscv/tt-metal-0.74/tt-metal/tt_metal/hw/firmware/src/tt-1xx/trisck.cc,
0,1,4,TRISC_1,30839,15504818832733,0,0,,,TRISC-FW,ZONE_END,150,/home/nx09/nx09/nebriscv/tt-metal-0.74/tt-metal/tt_metal/hw/firmware/src/tt-1xx/trisc.cc,
0,1,4,TRISC_2,30839,15504818745864,0,0,,,TRISC-FW,ZONE_START,150,/home/nx09/nx09/nebriscv/tt-metal-0.74/tt-metal/tt_metal/hw/firmware/src/tt-1xx/trisc.cc,
0,1,4,TRISC_2,60173,15504818746289,0,0,,,TRISC-KERNEL,ZONE_START,86,/home/nx09/nx09/nebriscv/tt-metal-0.74/tt-metal/tt_metal/hw/firmware/src/tt-1xx/trisck.cc,
0,1,4,TRISC_2,60173,15504818810831,0,0,,,TRISC-KERNEL,ZONE_END,86,/home/nx09/nx09/nebriscv/tt-metal-0.74/tt-metal/tt_metal/hw/firmware/src/tt-1xx/trisck.cc,
0,1,4,TRISC_2,30839,15504818832786,0,0,,,TRISC-FW,ZONE_END,150,/home/nx09/nx09/nebriscv/tt-metal-0.74/tt-metal/tt_metal/hw/firmware/src/tt-1xx/trisc.cc,
0,1,5,BRISC,51381,15504818774653,0,0,,,BRISC-FW,ZONE_START,433,/home/nx09/nx09/nebriscv/tt-metal-0.74/tt-metal/tt_metal/hw/firmware/src/tt-1xx/brisc.cc,
0,1,5,BRISC,31418,15504818775435,0,0,,,BRISC-KERNEL,ZONE_START,77,/home/nx09/nx09/nebriscv/tt-metal-0.74/tt-metal/tt_metal/hw/firmware/src/tt-1xx/brisck.cc,
0,1,5,BRISC,31418,15504818866141,0,0,,,BRISC-KERNEL,ZONE_END,77,/home/nx09/nx09/nebriscv/tt-metal-0.74/tt-metal/tt_metal/hw/firmware/src/tt-1xx/brisck.cc,
0,1,5,BRISC,51381,15504818866235,0,0,,,BRISC-FW,ZONE_END,433,/home/nx09/nx09/nebriscv/tt-metal-0.74/tt-metal/tt_metal/hw/firmware/src/tt-1xx/brisc.cc,
0,1,5,NCRISC,49034,15504818774806,0,0,,,NCRISC-FW,ZONE_START,129,/home/nx09/nx09/nebriscv/tt-metal-0.74/tt-metal/tt_metal/hw/firmware/src/tt-1xx/ncrisc.cc,
0,1,5,NCRISC,13096,15504818775285,0,0,,,NCRISC-KERNEL,ZONE_START,69,/home/nx09/nx09/nebriscv/tt-metal-0.74/tt-metal/tt_metal/hw/firmware/src/tt-1xx/ncrisck.cc,
0,1,5,NCRISC,13096,15504818865650,0,0,,,NCRISC-KERNEL,ZONE_END,69,/home/nx09/nx09/nebriscv/tt-metal-0.74/tt-metal/tt_metal/hw/firmware/src/tt-1xx/ncrisck.cc,
0,1,5,NCRISC,49034,15504818865679,0,0,,,NCRISC-FW,ZONE_END,129,/home/nx09/nx09/nebriscv/tt-metal-0.74/tt-metal/tt_metal/hw/firmware/src/tt-1xx/ncrisc.cc,
0,1,5,TRISC_0,30839,15504818774913,0,0,,,TRISC-FW,ZONE_START,150,/home/nx09/nx09/nebriscv/tt-metal-0.74/tt-metal/tt_metal/hw/firmware/src/tt-1xx/trisc.cc,
0,1,5,TRISC_0,60173,15504818775330,0,0,,,TRISC-KERNEL,ZONE_START,86,/home/nx09/nx09/nebriscv/tt-metal-0.74/tt-metal/tt_metal/hw/firmware/src/tt-1xx/trisck.cc,
0,1,5,TRISC_0,60173,15504818865712,0,0,,,TRISC-KERNEL,ZONE_END,86,/home/nx09/nx09/nebriscv/tt-metal-0.74/tt-metal/tt_metal/hw/firmware/src/tt-1xx/trisck.cc,
0,1,5,TRISC_0,30839,15504818865749,0,0,,,TRISC-FW,ZONE_END,150,/home/nx09/nx09/nebriscv/tt-metal-0.74/tt-metal/tt_metal/hw/firmware/src/tt-1xx/trisc.cc,
0,1,5,TRISC_1,30839,15504818774921,0,0,,,TRISC-FW,ZONE_START,150,/home/nx09/nx09/nebriscv/tt-metal-0.74/tt-metal/tt_metal/hw/firmware/src/tt-1xx/trisc.cc,
0,1,5,TRISC_1,60173,15504818775102,0,0,,,TRISC-KERNEL,ZONE_START,86,/home/nx09/nx09/nebriscv/tt-metal-0.74/tt-metal/tt_metal/hw/firmware/src/tt-1xx/trisck.cc,
0,1,5,TRISC_1,60173,15504818856795,0,0,,,TRISC-KERNEL,ZONE_END,86,/home/nx09/nx09/nebriscv/tt-metal-0.74/tt-metal/tt_metal/hw/firmware/src/tt-1xx/trisck.cc,
0,1,5,TRISC_1,30839,15504818865757,0,0,,,TRISC-FW,ZONE_END,150,/home/nx09/nx09/nebriscv/tt-metal-0.74/tt-metal/tt_metal/hw/firmware/src/tt-1xx/trisc.cc,
0,1,5,TRISC_2,30839,15504818774926,0,0,,,TRISC-FW,ZONE_START,150,/home/nx09/nx09/nebriscv/tt-metal-0.74/tt-metal/tt_metal/hw/firmware/src/tt-1xx/trisc.cc,
0,1,5,TRISC_2,60173,15504818775356,0,0,,,TRISC-KERNEL,ZONE_START,86,/home/nx09/nx09/nebriscv/tt-metal-0.74/tt-metal/tt_metal/hw/firmware/src/tt-1xx/trisck.cc,
0,1,5,TRISC_2,60173,15504818843396,0,0,,,TRISC-KERNEL,ZONE_END,86,/home/nx09/nx09/nebriscv/tt-metal-0.74/tt-metal/tt_metal/hw/firmware/src/tt-1xx/trisck.cc,
0,1,5,TRISC_2,30839,15504818865805,0,0,,,TRISC-FW,ZONE_END,150,/home/nx09/nx09/nebriscv/tt-metal-0.74/tt-metal/tt_metal/hw/firmware/src/tt-1xx/trisc.cc,
0,1,6,BRISC,51381,15504818803004,0,0,,,BRISC-FW,ZONE_START,433,/home/nx09/nx09/nebriscv/tt-metal-0.74/tt-metal/tt_metal/hw/firmware/src/tt-1xx/brisc.cc,
0,1,6,BRISC,31418,15504818803780,0,0,,,BRISC-KERNEL,ZONE_START,77,/home/nx09/nx09/nebriscv/tt-metal-0.74/tt-metal/tt_metal/hw/firmware/src/tt-1xx/brisck.cc,
0,1,6,BRISC,31418,15504818895702,0,0,,,BRISC-KERNEL,ZONE_END,77,/home/nx09/nx09/nebriscv/tt-metal-0.74/tt-metal/tt_metal/hw/firmware/src/tt-1xx/brisck.cc,
0,1,6,BRISC,51381,15504818895794,0,0,,,BRISC-FW,ZONE_END,433,/home/nx09/nx09/nebriscv/tt-metal-0.74/tt-metal/tt_metal/hw/firmware/src/tt-1xx/brisc.cc,
0,1,6,NCRISC,49034,15504818803159,0,0,,,NCRISC-FW,ZONE_START,129,/home/nx09/nx09/nebriscv/tt-metal-0.74/tt-metal/tt_metal/hw/firmware/src/tt-1xx/ncrisc.cc,
0,1,6,NCRISC,13096,15504818803645,0,0,,,NCRISC-KERNEL,ZONE_START,69,/home/nx09/nx09/nebriscv/tt-metal-0.74/tt-metal/tt_metal/hw/firmware/src/tt-1xx/ncrisck.cc,
0,1,6,NCRISC,13096,15504818895105,0,0,,,NCRISC-KERNEL,ZONE_END,69,/home/nx09/nx09/nebriscv/tt-metal-0.74/tt-metal/tt_metal/hw/firmware/src/tt-1xx/ncrisck.cc,
0,1,6,NCRISC,49034,15504818895134,0,0,,,NCRISC-FW,ZONE_END,129,/home/nx09/nx09/nebriscv/tt-metal-0.74/tt-metal/tt_metal/hw/firmware/src/tt-1xx/ncrisc.cc,
0,1,6,TRISC_0,30839,15504818803250,0,0,,,TRISC-FW,ZONE_START,150,/home/nx09/nx09/nebriscv/tt-metal-0.74/tt-metal/tt_metal/hw/firmware/src/tt-1xx/trisc.cc,
0,1,6,TRISC_0,60173,15504818803672,0,0,,,TRISC-KERNEL,ZONE_START,86,/home/nx09/nx09/nebriscv/tt-metal-0.74/tt-metal/tt_metal/hw/firmware/src/tt-1xx/trisck.cc,
0,1,6,TRISC_0,60173,15504818895167,0,0,,,TRISC-KERNEL,ZONE_END,86,/home/nx09/nx09/nebriscv/tt-metal-0.74/tt-metal/tt_metal/hw/firmware/src/tt-1xx/trisck.cc,
0,1,6,TRISC_0,30839,15504818895204,0,0,,,TRISC-FW,ZONE_END,150,/home/nx09/nx09/nebriscv/tt-metal-0.74/tt-metal/tt_metal/hw/firmware/src/tt-1xx/trisc.cc,
0,1,6,TRISC_1,30839,15504818803272,0,0,,,TRISC-FW,ZONE_START,150,/home/nx09/nx09/nebriscv/tt-metal-0.74/tt-metal/tt_metal/hw/firmware/src/tt-1xx/trisc.cc,
0,1,6,TRISC_1,60173,15504818803457,0,0,,,TRISC-KERNEL,ZONE_START,86,/home/nx09/nx09/nebriscv/tt-metal-0.74/tt-metal/tt_metal/hw/firmware/src/tt-1xx/trisck.cc,
0,1,6,TRISC_1,60173,15504818886151,0,0,,,TRISC-KERNEL,ZONE_END,86,/home/nx09/nx09/nebriscv/tt-metal-0.74/tt-metal/tt_metal/hw/firmware/src/tt-1xx/trisck.cc,
0,1,6,TRISC_1,30839,15504818895212,0,0,,,TRISC-FW,ZONE_END,150,/home/nx09/nx09/nebriscv/tt-metal-0.74/tt-metal/tt_metal/hw/firmware/src/tt-1xx/trisc.cc,
0,1,6,TRISC_2,30839,15504818803264,0,0,,,TRISC-FW,ZONE_START,150,/home/nx09/nx09/nebriscv/tt-metal-0.74/tt-metal/tt_metal/hw/firmware/src/tt-1xx/trisc.cc,
0,1,6,TRISC_2,60173,15504818803690,0,0,,,TRISC-KERNEL,ZONE_START,86,/home/nx09/nx09/nebriscv/tt-metal-0.74/tt-metal/tt_metal/hw/firmware/src/tt-1xx/trisck.cc,
0,1,6,TRISC_2,60173,15504818872401,0,0,,,TRISC-KERNEL,ZONE_END,86,/home/nx09/nx09/nebriscv/tt-metal-0.74/tt-metal/tt_metal/hw/firmware/src/tt-1xx/trisck.cc,
0,1,6,TRISC_2,30839,15504818895260,0,0,,,TRISC-FW,ZONE_END,150,/home/nx09/nx09/nebriscv/tt-metal-0.74/tt-metal/tt_metal/hw/firmware/src/tt-1xx/trisc.cc,
0,1,7,BRISC,51381,15504818831270,0,0,,,BRISC-FW,ZONE_START,433,/home/nx09/nx09/nebriscv/tt-metal-0.74/tt-metal/tt_metal/hw/firmware/src/tt-1xx/brisc.cc,
0,1,7,BRISC,31418,15504818832030,0,0,,,BRISC-KERNEL,ZONE_START,77,/home/nx09/nx09/nebriscv/tt-metal-0.74/tt-metal/tt_metal/hw/firmware/src/tt-1xx/brisck.cc,
0,1,7,BRISC,31418,15504818918579,0,0,,,BRISC-KERNEL,ZONE_END,77,/home/nx09/nx09/nebriscv/tt-metal-0.74/tt-metal/tt_metal/hw/firmware/src/tt-1xx/brisck.cc,
0,1,7,BRISC,51381,15504818918670,0,0,,,BRISC-FW,ZONE_END,433,/home/nx09/nx09/nebriscv/tt-metal-0.74/tt-metal/tt_metal/hw/firmware/src/tt-1xx/brisc.cc,
0,1,7,NCRISC,49034,15504818831422,0,0,,,NCRISC-FW,ZONE_START,129,/home/nx09/nx09/nebriscv/tt-metal-0.74/tt-metal/tt_metal/hw/firmware/src/tt-1xx/ncrisc.cc,
0,1,7,NCRISC,13096,15504818831912,0,0,,,NCRISC-KERNEL,ZONE_START,69,/home/nx09/nx09/nebriscv/tt-metal-0.74/tt-metal/tt_metal/hw/firmware/src/tt-1xx/ncrisck.cc,
0,1,7,NCRISC,13096,15504818917977,0,0,,,NCRISC-KERNEL,ZONE_END,69,/home/nx09/nx09/nebriscv/tt-metal-0.74/tt-metal/tt_metal/hw/firmware/src/tt-1xx/ncrisck.cc,
0,1,7,NCRISC,49034,15504818918005,0,0,,,NCRISC-FW,ZONE_END,129,/home/nx09/nx09/nebriscv/tt-metal-0.74/tt-metal/tt_metal/hw/firmware/src/tt-1xx/ncrisc.cc,
0,1,7,TRISC_0,30839,15504818831518,0,0,,,TRISC-FW,ZONE_START,150,/home/nx09/nx09/nebriscv/tt-metal-0.74/tt-metal/tt_metal/hw/firmware/src/tt-1xx/trisc.cc,
0,1,7,TRISC_0,60173,15504818831927,0,0,,,TRISC-KERNEL,ZONE_START,86,/home/nx09/nx09/nebriscv/tt-metal-0.74/tt-metal/tt_metal/hw/firmware/src/tt-1xx/trisck.cc,
0,1,7,TRISC_0,60173,15504818918044,0,0,,,TRISC-KERNEL,ZONE_END,86,/home/nx09/nx09/nebriscv/tt-metal-0.74/tt-metal/tt_metal/hw/firmware/src/tt-1xx/trisck.cc,
0,1,7,TRISC_0,30839,15504818918080,0,0,,,TRISC-FW,ZONE_END,150,/home/nx09/nx09/nebriscv/tt-metal-0.74/tt-metal/tt_metal/hw/firmware/src/tt-1xx/trisc.cc,
0,1,7,TRISC_1,30839,15504818831530,0,0,,,TRISC-FW,ZONE_START,150,/home/nx09/nx09/nebriscv/tt-metal-0.74/tt-metal/tt_metal/hw/firmware/src/tt-1xx/trisc.cc,
0,1,7,TRISC_1,60173,15504818831726,0,0,,,TRISC-KERNEL,ZONE_START,86,/home/nx09/nx09/nebriscv/tt-metal-0.74/tt-metal/tt_metal/hw/firmware/src/tt-1xx/trisck.cc,
0,1,7,TRISC_1,60173,15504818910099,0,0,,,TRISC-KERNEL,ZONE_END,86,/home/nx09/nx09/nebriscv/tt-metal-0.74/tt-metal/tt_metal/hw/firmware/src/tt-1xx/trisck.cc,
0,1,7,TRISC_1,30839,15504818918089,0,0,,,TRISC-FW,ZONE_END,150,/home/nx09/nx09/nebriscv/tt-metal-0.74/tt-metal/tt_metal/hw/firmware/src/tt-1xx/trisc.cc,
0,1,7,TRISC_2,30839,15504818831538,0,0,,,TRISC-FW,ZONE_START,150,/home/nx09/nx09/nebriscv/tt-metal-0.74/tt-metal/tt_metal/hw/firmware/src/tt-1xx/trisc.cc,
0,1,7,TRISC_2,60173,15504818831975,0,0,,,TRISC-KERNEL,ZONE_START,86,/home/nx09/nx09/nebriscv/tt-metal-0.74/tt-metal/tt_metal/hw/firmware/src/tt-1xx/trisck.cc,
0,1,7,TRISC_2,60173,15504818898212,0,0,,,TRISC-KERNEL,ZONE_END,86,/home/nx09/nx09/nebriscv/tt-metal-0.74/tt-metal/tt_metal/hw/firmware/src/tt-1xx/trisck.cc,
0,1,7,TRISC_2,30839,15504818918142,0,0,,,TRISC-FW,ZONE_END,150,/home/nx09/nx09/nebriscv/tt-metal-0.74/tt-metal/tt_metal/hw/firmware/src/tt-1xx/trisc.cc,
0,1,8,BRISC,51381,15504818860023,0,0,,,BRISC-FW,ZONE_START,433,/home/nx09/nx09/nebriscv/tt-metal-0.74/tt-metal/tt_metal/hw/firmware/src/tt-1xx/brisc.cc,
0,1,8,BRISC,31418,15504818860799,0,0,,,BRISC-KERNEL,ZONE_START,77,/home/nx09/nx09/nebriscv/tt-metal-0.74/tt-metal/tt_metal/hw/firmware/src/tt-1xx/brisck.cc,
0,1,8,BRISC,31418,15504818952007,0,0,,,BRISC-KERNEL,ZONE_END,77,/home/nx09/nx09/nebriscv/tt-metal-0.74/tt-metal/tt_metal/hw/firmware/src/tt-1xx/brisck.cc,
0,1,8,BRISC,51381,15504818952099,0,0,,,BRISC-FW,ZONE_END,433,/home/nx09/nx09/nebriscv/tt-metal-0.74/tt-metal/tt_metal/hw/firmware/src/tt-1xx/brisc.cc,
0,1,8,NCRISC,49034,15504818860178,0,0,,,NCRISC-FW,ZONE_START,129,/home/nx09/nx09/nebriscv/tt-metal-0.74/tt-metal/tt_metal/hw/firmware/src/tt-1xx/ncrisc.cc,
0,1,8,NCRISC,13096,15504818860664,0,0,,,NCRISC-KERNEL,ZONE_START,69,/home/nx09/nx09/nebriscv/tt-metal-0.74/tt-metal/tt_metal/hw/firmware/src/tt-1xx/ncrisck.cc,
0,1,8,NCRISC,13096,15504818951410,0,0,,,NCRISC-KERNEL,ZONE_END,69,/home/nx09/nx09/nebriscv/tt-metal-0.74/tt-metal/tt_metal/hw/firmware/src/tt-1xx/ncrisck.cc,
0,1,8,NCRISC,49034,15504818951439,0,0,,,NCRISC-FW,ZONE_END,129,/home/nx09/nx09/nebriscv/tt-metal-0.74/tt-metal/tt_metal/hw/firmware/src/tt-1xx/ncrisc.cc,
0,1,8,TRISC_0,30839,15504818860269,0,0,,,TRISC-FW,ZONE_START,150,/home/nx09/nx09/nebriscv/tt-metal-0.74/tt-metal/tt_metal/hw/firmware/src/tt-1xx/trisc.cc,
0,1,8,TRISC_0,60173,15504818860691,0,0,,,TRISC-KERNEL,ZONE_START,86,/home/nx09/nx09/nebriscv/tt-metal-0.74/tt-metal/tt_metal/hw/firmware/src/tt-1xx/trisck.cc,
0,1,8,TRISC_0,60173,15504818951472,0,0,,,TRISC-KERNEL,ZONE_END,86,/home/nx09/nx09/nebriscv/tt-metal-0.74/tt-metal/tt_metal/hw/firmware/src/tt-1xx/trisck.cc,
0,1,8,TRISC_0,30839,15504818951509,0,0,,,TRISC-FW,ZONE_END,150,/home/nx09/nx09/nebriscv/tt-metal-0.74/tt-metal/tt_metal/hw/firmware/src/tt-1xx/trisc.cc,
0,1,8,TRISC_1,30839,15504818860291,0,0,,,TRISC-FW,ZONE_START,150,/home/nx09/nx09/nebriscv/tt-metal-0.74/tt-metal/tt_metal/hw/firmware/src/tt-1xx/trisc.cc,
0,1,8,TRISC_1,60173,15504818860476,0,0,,,TRISC-KERNEL,ZONE_START,86,/home/nx09/nx09/nebriscv/tt-metal-0.74/tt-metal/tt_metal/hw/firmware/src/tt-1xx/trisck.cc,
0,1,8,TRISC_1,60173,15504818942357,0,0,,,TRISC-KERNEL,ZONE_END,86,/home/nx09/nx09/nebriscv/tt-metal-0.74/tt-metal/tt_metal/hw/firmware/src/tt-1xx/trisck.cc,
0,1,8,TRISC_1,30839,15504818951517,0,0,,,TRISC-FW,ZONE_END,150,/home/nx09/nx09/nebriscv/tt-metal-0.74/tt-metal/tt_metal/hw/firmware/src/tt-1xx/trisc.cc,
0,1,8,TRISC_2,30839,15504818860283,0,0,,,TRISC-FW,ZONE_START,150,/home/nx09/nx09/nebriscv/tt-metal-0.74/tt-metal/tt_metal/hw/firmware/src/tt-1xx/trisc.cc,
0,1,8,TRISC_2,60173,15504818860709,0,0,,,TRISC-KERNEL,ZONE_START,86,/home/nx09/nx09/nebriscv/tt-metal-0.74/tt-metal/tt_metal/hw/firmware/src/tt-1xx/trisck.cc,
0,1,8,TRISC_2,60173,15504818929033,0,0,,,TRISC-KERNEL,ZONE_END,86,/home/nx09/nx09/nebriscv/tt-metal-0.74/tt-metal/tt_metal/hw/firmware/src/tt-1xx/trisck.cc,
0,1,8,TRISC_2,30839,15504818951565,0,0,,,TRISC-FW,ZONE_END,150,/home/nx09/nx09/nebriscv/tt-metal-0.74/tt-metal/tt_metal/hw/firmware/src/tt-1xx/trisc.cc,
0,1,9,BRISC,51381,15504818888593,0,0,,,BRISC-FW,ZONE_START,433,/home/nx09/nx09/nebriscv/tt-metal-0.74/tt-metal/tt_metal/hw/firmware/src/tt-1xx/brisc.cc,
0,1,9,BRISC,31418,15504818889353,0,0,,,BRISC-KERNEL,ZONE_START,77,/home/nx09/nx09/nebriscv/tt-metal-0.74/tt-metal/tt_metal/hw/firmware/src/tt-1xx/brisck.cc,
0,1,9,BRISC,31418,15504818981125,0,0,,,BRISC-KERNEL,ZONE_END,77,/home/nx09/nx09/nebriscv/tt-metal-0.74/tt-metal/tt_metal/hw/firmware/src/tt-1xx/brisck.cc,
0,1,9,BRISC,51381,15504818981216,0,0,,,BRISC-FW,ZONE_END,433,/home/nx09/nx09/nebriscv/tt-metal-0.74/tt-metal/tt_metal/hw/firmware/src/tt-1xx/brisc.cc,
0,1,9,NCRISC,49034,15504818888745,0,0,,,NCRISC-FW,ZONE_START,129,/home/nx09/nx09/nebriscv/tt-metal-0.74/tt-metal/tt_metal/hw/firmware/src/tt-1xx/ncrisc.cc,
0,1,9,NCRISC,13096,15504818889235,0,0,,,NCRISC-KERNEL,ZONE_START,69,/home/nx09/nx09/nebriscv/tt-metal-0.74/tt-metal/tt_metal/hw/firmware/src/tt-1xx/ncrisck.cc,
0,1,9,NCRISC,13096,15504818980523,0,0,,,NCRISC-KERNEL,ZONE_END,69,/home/nx09/nx09/nebriscv/tt-metal-0.74/tt-metal/tt_metal/hw/firmware/src/tt-1xx/ncrisck.cc,
0,1,9,NCRISC,49034,15504818980551,0,0,,,NCRISC-FW,ZONE_END,129,/home/nx09/nx09/nebriscv/tt-metal-0.74/tt-metal/tt_metal/hw/firmware/src/tt-1xx/ncrisc.cc,
0,1,9,TRISC_0,30839,15504818888841,0,0,,,TRISC-FW,ZONE_START,150,/home/nx09/nx09/nebriscv/tt-metal-0.74/tt-metal/tt_metal/hw/firmware/src/tt-1xx/trisc.cc,
0,1,9,TRISC_0,60173,15504818889250,0,0,,,TRISC-KERNEL,ZONE_START,86,/home/nx09/nx09/nebriscv/tt-metal-0.74/tt-metal/tt_metal/hw/firmware/src/tt-1xx/trisck.cc,
0,1,9,TRISC_0,60173,15504818980590,0,0,,,TRISC-KERNEL,ZONE_END,86,/home/nx09/nx09/nebriscv/tt-metal-0.74/tt-metal/tt_metal/hw/firmware/src/tt-1xx/trisck.cc,
0,1,9,TRISC_0,30839,15504818980626,0,0,,,TRISC-FW,ZONE_END,150,/home/nx09/nx09/nebriscv/tt-metal-0.74/tt-metal/tt_metal/hw/firmware/src/tt-1xx/trisc.cc,
0,1,9,TRISC_1,30839,15504818888853,0,0,,,TRISC-FW,ZONE_START,150,/home/nx09/nx09/nebriscv/tt-metal-0.74/tt-metal/tt_metal/hw/firmware/src/tt-1xx/trisc.cc,
0,1,9,TRISC_1,60173,15504818889049,0,0,,,TRISC-KERNEL,ZONE_START,86,/home/nx09/nx09/nebriscv/tt-metal-0.74/tt-metal/tt_metal/hw/firmware/src/tt-1xx/trisck.cc,
0,1,9,TRISC_1,60173,15504818971700,0,0,,,TRISC-KERNEL,ZONE_END,86,/home/nx09/nx09/nebriscv/tt-metal-0.74/tt-metal/tt_metal/hw/firmware/src/tt-1xx/trisck.cc,
0,1,9,TRISC_1,30839,15504818980635,0,0,,,TRISC-FW,ZONE_END,150,/home/nx09/nx09/nebriscv/tt-metal-0.74/tt-metal/tt_metal/hw/firmware/src/tt-1xx/trisc.cc,
0,1,9,TRISC_2,30839,15504818888861,0,0,,,TRISC-FW,ZONE_START,150,/home/nx09/nx09/nebriscv/tt-metal-0.74/tt-metal/tt_metal/hw/firmware/src/tt-1xx/trisc.cc,
0,1,9,TRISC_2,60173,15504818889298,0,0,,,TRISC-KERNEL,ZONE_START,86,/home/nx09/nx09/nebriscv/tt-metal-0.74/tt-metal/tt_metal/hw/firmware/src/tt-1xx/trisck.cc,
0,1,9,TRISC_2,60173,15504818957845,0,0,,,TRISC-KERNEL,ZONE_END,86,/home/nx09/nx09/nebriscv/tt-metal-0.74/tt-metal/tt_metal/hw/firmware/src/tt-1xx/trisck.cc,
0,1,9,TRISC_2,30839,15504818980688,0,0,,,TRISC-FW,ZONE_END,150,/home/nx09/nx09/nebriscv/tt-metal-0.74/tt-metal/tt_metal/hw/firmware/src/tt-1xx/trisc.cc,
0,1,10,BRISC,51381,15504818917014,0,0,,,BRISC-FW,ZONE_START,433,/home/nx09/nx09/nebriscv/tt-metal-0.74/tt-metal/tt_metal/hw/firmware/src/tt-1xx/brisc.cc,
0,1,10,BRISC,31418,15504818917774,0,0,,,BRISC-KERNEL,ZONE_START,77,/home/nx09/nx09/nebriscv/tt-metal-0.74/tt-metal/tt_metal/hw/firmware/src/tt-1xx/brisck.cc,
0,1,10,BRISC,31418,15504819004518,0,0,,,BRISC-KERNEL,ZONE_END,77,/home/nx09/nx09/nebriscv/tt-metal-0.74/tt-metal/tt_metal/hw/firmware/src/tt-1xx/brisck.cc,
0,1,10,BRISC,51381,15504819004609,0,0,,,BRISC-FW,ZONE_END,433,/home/nx09/nx09/nebriscv/tt-metal-0.74/tt-metal/tt_metal/hw/firmware/src/tt-1xx/brisc.cc,
0,1,10,NCRISC,49034,15504818917166,0,0,,,NCRISC-FW,ZONE_START,129,/home/nx09/nx09/nebriscv/tt-metal-0.74/tt-metal/tt_metal/hw/firmware/src/tt-1xx/ncrisc.cc,
0,1,10,NCRISC,13096,15504818917656,0,0,,,NCRISC-KERNEL,ZONE_START,69,/home/nx09/nx09/nebriscv/tt-metal-0.74/tt-metal/tt_metal/hw/firmware/src/tt-1xx/ncrisck.cc,
0,1,10,NCRISC,13096,15504819003916,0,0,,,NCRISC-KERNEL,ZONE_END,69,/home/nx09/nx09/nebriscv/tt-metal-0.74/tt-metal/tt_metal/hw/firmware/src/tt-1xx/ncrisck.cc,
0,1,10,NCRISC,49034,15504819003944,0,0,,,NCRISC-FW,ZONE_END,129,/home/nx09/nx09/nebriscv/tt-metal-0.74/tt-metal/tt_metal/hw/firmware/src/tt-1xx/ncrisc.cc,
0,1,10,TRISC_0,30839,15504818917262,0,0,,,TRISC-FW,ZONE_START,150,/home/nx09/nx09/nebriscv/tt-metal-0.74/tt-metal/tt_metal/hw/firmware/src/tt-1xx/trisc.cc,
0,1,10,TRISC_0,60173,15504818917671,0,0,,,TRISC-KERNEL,ZONE_START,86,/home/nx09/nx09/nebriscv/tt-metal-0.74/tt-metal/tt_metal/hw/firmware/src/tt-1xx/trisck.cc,
0,1,10,TRISC_0,60173,15504819003983,0,0,,,TRISC-KERNEL,ZONE_END,86,/home/nx09/nx09/nebriscv/tt-metal-0.74/tt-metal/tt_metal/hw/firmware/src/tt-1xx/trisck.cc,
0,1,10,TRISC_0,30839,15504819004019,0,0,,,TRISC-FW,ZONE_END,150,/home/nx09/nx09/nebriscv/tt-metal-0.74/tt-metal/tt_metal/hw/firmware/src/tt-1xx/trisc.cc,
0,1,10,TRISC_1,30839,15504818917274,0,0,,,TRISC-FW,ZONE_START,150,/home/nx09/nx09/nebriscv/tt-metal-0.74/tt-metal/tt_metal/hw/firmware/src/tt-1xx/trisc.cc,
0,1,10,TRISC_1,60173,15504818917470,0,0,,,TRISC-KERNEL,ZONE_START,86,/home/nx09/nx09/nebriscv/tt-metal-0.74/tt-metal/tt_metal/hw/firmware/src/tt-1xx/trisck.cc,
0,1,10,TRISC_1,60173,15504818995282,0,0,,,TRISC-KERNEL,ZONE_END,86,/home/nx09/nx09/nebriscv/tt-metal-0.74/tt-metal/tt_metal/hw/firmware/src/tt-1xx/trisck.cc,
0,1,10,TRISC_1,30839,15504819004028,0,0,,,TRISC-FW,ZONE_END,150,/home/nx09/nx09/nebriscv/tt-metal-0.74/tt-metal/tt_metal/hw/firmware/src/tt-1xx/trisc.cc,
0,1,10,TRISC_2,30839,15504818917282,0,0,,,TRISC-FW,ZONE_START,150,/home/nx09/nx09/nebriscv/tt-metal-0.74/tt-metal/tt_metal/hw/firmware/src/tt-1xx/trisc.cc,
0,1,10,TRISC_2,60173,15504818917719,0,0,,,TRISC-KERNEL,ZONE_START,86,/home/nx09/nx09/nebriscv/tt-metal-0.74/tt-metal/tt_metal/hw/firmware/src/tt-1xx/trisck.cc,
0,1,10,TRISC_2,60173,15504818982054,0,0,,,TRISC-KERNEL,ZONE_END,86,/home/nx09/nx09/nebriscv/tt-metal-0.74/tt-metal/tt_metal/hw/firmware/src/tt-1xx/trisck.cc,
0,1,10,TRISC_2,30839,15504819004081,0,0,,,TRISC-FW,ZONE_END,150,/home/nx09/nx09/nebriscv/tt-metal-0.74/tt-metal/tt_metal/hw/firmware/src/tt-1xx/trisc.cc,
0,1,11,BRISC,51381,15504818945600,0,0,,,BRISC-FW,ZONE_START,433,/home/nx09/nx09/nebriscv/tt-metal-0.74/tt-metal/tt_metal/hw/firmware/src/tt-1xx/brisc.cc,
0,1,11,BRISC,31418,15504818946396,0,0,,,BRISC-KERNEL,ZONE_START,77,/home/nx09/nx09/nebriscv/tt-metal-0.74/tt-metal/tt_metal/hw/firmware/src/tt-1xx/brisck.cc,
0,1,11,BRISC,31418,15504819037762,0,0,,,BRISC-KERNEL,ZONE_END,77,/home/nx09/nx09/nebriscv/tt-metal-0.74/tt-metal/tt_metal/hw/firmware/src/tt-1xx/brisck.cc,
0,1,11,BRISC,51381,15504819037862,0,0,,,BRISC-FW,ZONE_END,433,/home/nx09/nx09/nebriscv/tt-metal-0.74/tt-metal/tt_metal/hw/firmware/src/tt-1xx/brisc.cc,
0,1,11,NCRISC,49034,15504818945761,0,0,,,NCRISC-FW,ZONE_START,129,/home/nx09/nx09/nebriscv/tt-metal-0.74/tt-metal/tt_metal/hw/firmware/src/tt-1xx/ncrisc.cc,
0,1,11,NCRISC,13096,15504818946247,0,0,,,NCRISC-KERNEL,ZONE_START,69,/home/nx09/nx09/nebriscv/tt-metal-0.74/tt-metal/tt_metal/hw/firmware/src/tt-1xx/ncrisck.cc,
0,1,11,NCRISC,13096,15504819037167,0,0,,,NCRISC-KERNEL,ZONE_END,69,/home/nx09/nx09/nebriscv/tt-metal-0.74/tt-metal/tt_metal/hw/firmware/src/tt-1xx/ncrisck.cc,
0,1,11,NCRISC,49034,15504819037195,0,0,,,NCRISC-FW,ZONE_END,129,/home/nx09/nx09/nebriscv/tt-metal-0.74/tt-metal/tt_metal/hw/firmware/src/tt-1xx/ncrisc.cc,
0,1,11,TRISC_0,30839,15504818945861,0,0,,,TRISC-FW,ZONE_START,150,/home/nx09/nx09/nebriscv/tt-metal-0.74/tt-metal/tt_metal/hw/firmware/src/tt-1xx/trisc.cc,
0,1,11,TRISC_0,60173,15504818946268,0,0,,,TRISC-KERNEL,ZONE_START,86,/home/nx09/nx09/nebriscv/tt-metal-0.74/tt-metal/tt_metal/hw/firmware/src/tt-1xx/trisck.cc,
0,1,11,TRISC_0,60173,15504819037234,0,0,,,TRISC-KERNEL,ZONE_END,86,/home/nx09/nx09/nebriscv/tt-metal-0.74/tt-metal/tt_metal/hw/firmware/src/tt-1xx/trisck.cc,
0,1,11,TRISC_0,30839,15504819037273,0,0,,,TRISC-FW,ZONE_END,150,/home/nx09/nx09/nebriscv/tt-metal-0.74/tt-metal/tt_metal/hw/firmware/src/tt-1xx/trisc.cc,
0,1,11,TRISC_1,30839,15504818945871,0,0,,,TRISC-FW,ZONE_START,150,/home/nx09/nx09/nebriscv/tt-metal-0.74/tt-metal/tt_metal/hw/firmware/src/tt-1xx/trisc.cc,
0,1,11,TRISC_1,60173,15504818946061,0,0,,,TRISC-KERNEL,ZONE_START,86,/home/nx09/nx09/nebriscv/tt-metal-0.74/tt-metal/tt_metal/hw/firmware/src/tt-1xx/trisck.cc,
0,1,11,TRISC_1,60173,15504819028137,0,0,,,TRISC-KERNEL,ZONE_END,86,/home/nx09/nx09/nebriscv/tt-metal-0.74/tt-metal/tt_metal/hw/firmware/src/tt-1xx/trisck.cc,
0,1,11,TRISC_1,30839,15504819037275,0,0,,,TRISC-FW,ZONE_END,150,/home/nx09/nx09/nebriscv/tt-metal-0.74/tt-metal/tt_metal/hw/firmware/src/tt-1xx/trisc.cc,
0,1,11,TRISC_2,30839,15504818945870,0,0,,,TRISC-FW,ZONE_START,150,/home/nx09/nx09/nebriscv/tt-metal-0.74/tt-metal/tt_metal/hw/firmware/src/tt-1xx/trisc.cc,
0,1,11,TRISC_2,60173,15504818946306,0,0,,,TRISC-KERNEL,ZONE_START,86,/home/nx09/nx09/nebriscv/tt-metal-0.74/tt-metal/tt_metal/hw/firmware/src/tt-1xx/trisck.cc,
0,1,11,TRISC_2,60173,15504819014540,0,0,,,TRISC-KERNEL,ZONE_END,86,/home/nx09/nx09/nebriscv/tt-metal-0.74/tt-metal/tt_metal/hw/firmware/src/tt-1xx/trisck.cc,
0,1,11,TRISC_2,30839,15504819037326,0,0,,,TRISC-FW,ZONE_END,150,/home/nx09/nx09/nebriscv/tt-metal-0.74/tt-metal/tt_metal/hw/firmware/src/tt-1xx/trisc.cc,
0,2,2,BRISC,51381,15504818973692,0,0,,,BRISC-FW,ZONE_START,433,/home/nx09/nx09/nebriscv/tt-metal-0.74/tt-metal/tt_metal/hw/firmware/src/tt-1xx/brisc.cc,
0,2,2,BRISC,31418,15504818974465,0,0,,,BRISC-KERNEL,ZONE_START,77,/home/nx09/nx09/nebriscv/tt-metal-0.74/tt-metal/tt_metal/hw/firmware/src/tt-1xx/brisck.cc,
0,2,2,BRISC,31418,15504819066363,0,0,,,BRISC-KERNEL,ZONE_END,77,/home/nx09/nx09/nebriscv/tt-metal-0.74/tt-metal/tt_metal/hw/firmware/src/tt-1xx/brisck.cc,
0,2,2,BRISC,51381,15504819066454,0,0,,,BRISC-FW,ZONE_END,433,/home/nx09/nx09/nebriscv/tt-metal-0.74/tt-metal/tt_metal/hw/firmware/src/tt-1xx/brisc.cc,
0,2,2,NCRISC,49034,15504818973844,0,0,,,NCRISC-FW,ZONE_START,129,/home/nx09/nx09/nebriscv/tt-metal-0.74/tt-metal/tt_metal/hw/firmware/src/tt-1xx/ncrisc.cc,
0,2,2,NCRISC,13096,15504818974332,0,0,,,NCRISC-KERNEL,ZONE_START,69,/home/nx09/nx09/nebriscv/tt-metal-0.74/tt-metal/tt_metal/hw/firmware/src/tt-1xx/ncrisck.cc,
0,2,2,NCRISC,13096,15504819065761,0,0,,,NCRISC-KERNEL,ZONE_END,69,/home/nx09/nx09/nebriscv/tt-metal-0.74/tt-metal/tt_metal/hw/firmware/src/tt-1xx/ncrisck.cc,
0,2,2,NCRISC,49034,15504819065789,0,0,,,NCRISC-FW,ZONE_END,129,/home/nx09/nx09/nebriscv/tt-metal-0.74/tt-metal/tt_metal/hw/firmware/src/tt-1xx/ncrisc.cc,
0,2,2,TRISC_0,30839,15504818973940,0,0,,,TRISC-FW,ZONE_START,150,/home/nx09/nx09/nebriscv/tt-metal-0.74/tt-metal/tt_metal/hw/firmware/src/tt-1xx/trisc.cc,
0,2,2,TRISC_0,60173,15504818974355,0,0,,,TRISC-KERNEL,ZONE_START,86,/home/nx09/nx09/nebriscv/tt-metal-0.74/tt-metal/tt_metal/hw/firmware/src/tt-1xx/trisck.cc,
0,2,2,TRISC_0,60173,15504819065828,0,0,,,TRISC-KERNEL,ZONE_END,86,/home/nx09/nx09/nebriscv/tt-metal-0.74/tt-metal/tt_metal/hw/firmware/src/tt-1xx/trisck.cc,
0,2,2,TRISC_0,30839,15504819065864,0,0,,,TRISC-FW,ZONE_END,150,/home/nx09/nx09/nebriscv/tt-metal-0.74/tt-metal/tt_metal/hw/firmware/src/tt-1xx/trisc.cc,
0,2,2,TRISC_1,30839,15504818973959,0,0,,,TRISC-FW,ZONE_START,150,/home/nx09/nx09/nebriscv/tt-metal-0.74/tt-metal/tt_metal/hw/firmware/src/tt-1xx/trisc.cc,
0,2,2,TRISC_1,60173,15504818974145,0,0,,,TRISC-KERNEL,ZONE_START,86,/home/nx09/nx09/nebriscv/tt-metal-0.74/tt-metal/tt_metal/hw/firmware/src/tt-1xx/trisck.cc,
0,2,2,TRISC_1,60173,15504819056794,0,0,,,TRISC-KERNEL,ZONE_END,86,/home/nx09/nx09/nebriscv/tt-metal-0.74/tt-metal/tt_metal/hw/firmware/src/tt-1xx/trisck.cc,
0,2,2,TRISC_1,30839,15504819065873,0,0,,,TRISC-FW,ZONE_END,150,/home/nx09/nx09/nebriscv/tt-metal-0.74/tt-metal/tt_metal/hw/firmware/src/tt-1xx/trisc.cc,
0,2,2,TRISC_2,30839,15504818973952,0,0,,,TRISC-FW,ZONE_START,150,/home/nx09/nx09/nebriscv/tt-metal-0.74/tt-metal/tt_metal/hw/firmware/src/tt-1xx/trisc.cc,
0,2,2,TRISC_2,60173,15504818974378,0,0,,,TRISC-KERNEL,ZONE_START,86,/home/nx09/nx09/nebriscv/tt-metal-0.74/tt-metal/tt_metal/hw/firmware/src/tt-1xx/trisck.cc,
0,2,2,TRISC_2,60173,15504819043218,0,0,,,TRISC-KERNEL,ZONE_END,86,/home/nx09/nx09/nebriscv/tt-metal-0.74/tt-metal/tt_metal/hw/firmware/src/tt-1xx/trisck.cc,
0,2,2,TRISC_2,30839,15504819065926,0,0,,,TRISC-FW,ZONE_END,150,/home/nx09/nx09/nebriscv/tt-metal-0.74/tt-metal/tt_metal/hw/firmware/src/tt-1xx/trisc.cc,
0,2,3,BRISC,51381,15504819002061,0,0,,,BRISC-FW,ZONE_START,433,/home/nx09/nx09/nebriscv/tt-metal-0.74/tt-metal/tt_metal/hw/firmware/src/tt-1xx/brisc.cc,
0,2,3,BRISC,31418,15504819002843,0,0,,,BRISC-KERNEL,ZONE_START,77,/home/nx09/nx09/nebriscv/tt-metal-0.74/tt-metal/tt_metal/hw/firmware/src/tt-1xx/brisck.cc,
0,2,3,BRISC,31418,15504819093573,0,0,,,BRISC-KERNEL,ZONE_END,77,/home/nx09/nx09/nebriscv/tt-metal-0.74/tt-metal/tt_metal/hw/firmware/src/tt-1xx/brisck.cc,
0,2,3,BRISC,51381,15504819093665,0,0,,,BRISC-FW,ZONE_END,433,/home/nx09/nx09/nebriscv/tt-metal-0.74/tt-metal/tt_metal/hw/firmware/src/tt-1xx/brisc.cc,
0,2,3,NCRISC,49034,15504819002214,0,0,,,NCRISC-FW,ZONE_START,129,/home/nx09/nx09/nebriscv/tt-metal-0.74/tt-metal/tt_metal/hw/firmware/src/tt-1xx/ncrisc.cc,
0,2,3,NCRISC,13096,15504819002693,0,0,,,NCRISC-KERNEL,ZONE_START,69,/home/nx09/nx09/nebriscv/tt-metal-0.74/tt-metal/tt_metal/hw/firmware/src/tt-1xx/ncrisck.cc,
0,2,3,NCRISC,13096,15504819092976,0,0,,,NCRISC-KERNEL,ZONE_END,69,/home/nx09/nx09/nebriscv/tt-metal-0.74/tt-metal/tt_metal/hw/firmware/src/tt-1xx/ncrisck.cc,
0,2,3,NCRISC,49034,15504819093005,0,0,,,NCRISC-FW,ZONE_END,129,/home/nx09/nx09/nebriscv/tt-metal-0.74/tt-metal/tt_metal/hw/firmware/src/tt-1xx/ncrisc.cc,
0,2,3,TRISC_0,30839,15504819002321,0,0,,,TRISC-FW,ZONE_START,150,/home/nx09/nx09/nebriscv/tt-metal-0.74/tt-metal/tt_metal/hw/firmware/src/tt-1xx/trisc.cc,
0,2,3,TRISC_0,60173,15504819002738,0,0,,,TRISC-KERNEL,ZONE_START,86,/home/nx09/nx09/nebriscv/tt-metal-0.74/tt-metal/tt_metal/hw/firmware/src/tt-1xx/trisck.cc,
0,2,3,TRISC_0,60173,15504819093038,0,0,,,TRISC-KERNEL,ZONE_END,86,/home/nx09/nx09/nebriscv/tt-metal-0.74/tt-metal/tt_metal/hw/firmware/src/tt-1xx/trisck.cc,
0,2,3,TRISC_0,30839,15504819093075,0,0,,,TRISC-FW,ZONE_END,150,/home/nx09/nx09/nebriscv/tt-metal-0.74/tt-metal/tt_metal/hw/firmware/src/tt-1xx/trisc.cc,
0,2,3,TRISC_1,30839,15504819002329,0,0,,,TRISC-FW,ZONE_START,150,/home/nx09/nx09/nebriscv/tt-metal-0.74/tt-metal/tt_metal/hw/firmware/src/tt-1xx/trisc.cc,
0,2,3,TRISC_1,60173,15504819002510,0,0,,,TRISC-KERNEL,ZONE_START,86,/home/nx09/nx09/nebriscv/tt-metal-0.74/tt-metal/tt_metal/hw/firmware/src/tt-1xx/trisck.cc,
0,2,3,TRISC_1,60173,15504819084139,0,0,,,TRISC-KERNEL,ZONE_END,86,/home/nx09/nx09/nebriscv/tt-metal-0.74/tt-metal/tt_metal/hw/firmware/src/tt-1xx/trisck.cc,
0,2,3,TRISC_1,30839,15504819093083,0,0,,,TRISC-FW,ZONE_END,150,/home/nx09/nx09/nebriscv/tt-metal-0.74/tt-metal/tt_metal/hw/firmware/src/tt-1xx/trisc.cc,
0,2,3,TRISC_2,30839,15504819002334,0,0,,,TRISC-FW,ZONE_START,150,/home/nx09/nx09/nebriscv/tt-metal-0.74/tt-metal/tt_metal/hw/firmware/src/tt-1xx/trisc.cc,
0,2,3,TRISC_2,60173,15504819002764,0,0,,,TRISC-KERNEL,ZONE_START,86,/home/nx09/nx09/nebriscv/tt-metal-0.74/tt-metal/tt_metal/hw/firmware/src/tt-1xx/trisck.cc,
0,2,3,TRISC_2,60173,15504819070749,0,0,,,TRISC-KERNEL,ZONE_END,86,/home/nx09/nx09/nebriscv/tt-metal-0.74/tt-metal/tt_metal/hw/firmware/src/tt-1xx/trisck.cc,
0,2,3,TRISC_2,30839,15504819093131,0,0,,,TRISC-FW,ZONE_END,150,/home/nx09/nx09/nebriscv/tt-metal-0.74/tt-metal/tt_metal/hw/firmware/src/tt-1xx/trisc.cc,
0,2,4,BRISC,51381,15504819030452,0,0,,,BRISC-FW,ZONE_START,433,/home/nx09/nx09/nebriscv/tt-metal-0.74/tt-metal/tt_metal/hw/firmware/src/tt-1xx/brisc.cc,
0,2,4,BRISC,31418,15504819031232,0,0,,,BRISC-KERNEL,ZONE_START,77,/home/nx09/nx09/nebriscv/tt-metal-0.74/tt-metal/tt_metal/hw/firmware/src/tt-1xx/brisck.cc,
0,2,4,BRISC,31418,15504819118130,0,0,,,BRISC-KERNEL,ZONE_END,77,/home/nx09/nx09/nebriscv/tt-metal-0.74/tt-metal/tt_metal/hw/firmware/src/tt-1xx/brisck.cc,
0,2,4,BRISC,51381,15504819118221,0,0,,,BRISC-FW,ZONE_END,433,/home/nx09/nx09/nebriscv/tt-metal-0.74/tt-metal/tt_metal/hw/firmware/src/tt-1xx/brisc.cc,
0,2,4,NCRISC,49034,15504819030607,0,0,,,NCRISC-FW,ZONE_START,129,/home/nx09/nx09/nebriscv/tt-metal-0.74/tt-metal/tt_metal/hw/firmware/src/tt-1xx/ncrisc.cc,
0,2,4,NCRISC,13096,15504819031105,0,0,,,NCRISC-KERNEL,ZONE_START,69,/home/nx09/nx09/nebriscv/tt-metal-0.74/tt-metal/tt_metal/hw/firmware/src/tt-1xx/ncrisck.cc,
0,2,4,NCRISC,13096,15504819117528,0,0,,,NCRISC-KERNEL,ZONE_END,69,/home/nx09/nx09/nebriscv/tt-metal-0.74/tt-metal/tt_metal/hw/firmware/src/tt-1xx/ncrisck.cc,
0,2,4,NCRISC,49034,15504819117556,0,0,,,NCRISC-FW,ZONE_END,129,/home/nx09/nx09/nebriscv/tt-metal-0.74/tt-metal/tt_metal/hw/firmware/src/tt-1xx/ncrisc.cc,
0,2,4,TRISC_0,30839,15504819030698,0,0,,,TRISC-FW,ZONE_START,150,/home/nx09/nx09/nebriscv/tt-metal-0.74/tt-metal/tt_metal/hw/firmware/src/tt-1xx/trisc.cc,
0,2,4,TRISC_0,60173,15504819031119,0,0,,,TRISC-KERNEL,ZONE_START,86,/home/nx09/nx09/nebriscv/tt-metal-0.74/tt-metal/tt_metal/hw/firmware/src/tt-1xx/trisck.cc,
0,2,4,TRISC_0,60173,15504819117595,0,0,,,TRISC-KERNEL,ZONE_END,86,/home/nx09/nx09/nebriscv/tt-metal-0.74/tt-metal/tt_metal/hw/firmware/src/tt-1xx/trisck.cc,
0,2,4,TRISC_0,30839,15504819117631,0,0,,,TRISC-FW,ZONE_END,150,/home/nx09/nx09/nebriscv/tt-metal-0.74/tt-metal/tt_metal/hw/firmware/src/tt-1xx/trisc.cc,
0,2,4,TRISC_1,30839,15504819030712,0,0,,,TRISC-FW,ZONE_START,150,/home/nx09/nx09/nebriscv/tt-metal-0.74/tt-metal/tt_metal/hw/firmware/src/tt-1xx/trisc.cc,
0,2,4,TRISC_1,60173,15504819030900,0,0,,,TRISC-KERNEL,ZONE_START,86,/home/nx09/nx09/nebriscv/tt-metal-0.74/tt-metal/tt_metal/hw/firmware/src/tt-1xx/trisck.cc,
0,2,4,TRISC_1,60173,15504819108840,0,0,,,TRISC-KERNEL,ZONE_END,86,/home/nx09/nx09/nebriscv/tt-metal-0.74/tt-metal/tt_metal/hw/firmware/src/tt-1xx/trisck.cc,
0,2,4,TRISC_1,30839,15504819117640,0,0,,,TRISC-FW,ZONE_END,150,/home/nx09/nx09/nebriscv/tt-metal-0.74/tt-metal/tt_metal/hw/firmware/src/tt-1xx/trisc.cc,
0,2,4,TRISC_2,30839,15504819030721,0,0,,,TRISC-FW,ZONE_START,150,/home/nx09/nx09/nebriscv/tt-metal-0.74/tt-metal/tt_metal/hw/firmware/src/tt-1xx/trisc.cc,
0,2,4,TRISC_2,60173,15504819031150,0,0,,,TRISC-KERNEL,ZONE_START,86,/home/nx09/nx09/nebriscv/tt-metal-0.74/tt-metal/tt_metal/hw/firmware/src/tt-1xx/trisck.cc,
0,2,4,TRISC_2,60173,15504819095531,0,0,,,TRISC-KERNEL,ZONE_END,86,/home/nx09/nx09/nebriscv/tt-metal-0.74/tt-metal/tt_metal/hw/firmware/src/tt-1xx/trisck.cc,
0,2,4,TRISC_2,30839,15504819117693,0,0,,,TRISC-FW,ZONE_END,150,/home/nx09/nx09/nebriscv/tt-metal-0.74/tt-metal/tt_metal/hw/firmware/src/tt-1xx/trisc.cc,
0,2,5,BRISC,51381,15504819059678,0,0,,,BRISC-FW,ZONE_START,433,/home/nx09/nx09/nebriscv/tt-metal-0.74/tt-metal/tt_metal/hw/firmware/src/tt-1xx/brisc.cc,
0,2,5,BRISC,31418,15504819060460,0,0,,,BRISC-KERNEL,ZONE_START,77,/home/nx09/nx09/nebriscv/tt-metal-0.74/tt-metal/tt_metal/hw/firmware/src/tt-1xx/brisck.cc,
0,2,5,BRISC,31418,15504819152050,0,0,,,BRISC-KERNEL,ZONE_END,77,/home/nx09/nx09/nebriscv/tt-metal-0.74/tt-metal/tt_metal/hw/firmware/src/tt-1xx/brisck.cc,
0,2,5,BRISC,51381,15504819152142,0,0,,,BRISC-FW,ZONE_END,433,/home/nx09/nx09/nebriscv/tt-metal-0.74/tt-metal/tt_metal/hw/firmware/src/tt-1xx/brisc.cc,
0,2,5,NCRISC,49034,15504819059831,0,0,,,NCRISC-FW,ZONE_START,129,/home/nx09/nx09/nebriscv/tt-metal-0.74/tt-metal/tt_metal/hw/firmware/src/tt-1xx/ncrisc.cc,
0,2,5,NCRISC,13096,15504819060310,0,0,,,NCRISC-KERNEL,ZONE_START,69,/home/nx09/nx09/nebriscv/tt-metal-0.74/tt-metal/tt_metal/hw/firmware/src/tt-1xx/ncrisck.cc,
0,2,5,NCRISC,13096,15504819151453,0,0,,,NCRISC-KERNEL,ZONE_END,69,/home/nx09/nx09/nebriscv/tt-metal-0.74/tt-metal/tt_metal/hw/firmware/src/tt-1xx/ncrisck.cc,
0,2,5,NCRISC,49034,15504819151482,0,0,,,NCRISC-FW,ZONE_END,129,/home/nx09/nx09/nebriscv/tt-metal-0.74/tt-metal/tt_metal/hw/firmware/src/tt-1xx/ncrisc.cc,
0,2,5,TRISC_0,30839,15504819059938,0,0,,,TRISC-FW,ZONE_START,150,/home/nx09/nx09/nebriscv/tt-metal-0.74/tt-metal/tt_metal/hw/firmware/src/tt-1xx/trisc.cc,
0,2,5,TRISC_0,60173,15504819060355,0,0,,,TRISC-KERNEL,ZONE_START,86,/home/nx09/nx09/nebriscv/tt-metal-0.74/tt-metal/tt_metal/hw/firmware/src/tt-1xx/trisck.cc,
0,2,5,TRISC_0,60173,15504819151515,0,0,,,TRISC-KERNEL,ZONE_END,86,/home/nx09/nx09/nebriscv/tt-metal-0.74/tt-metal/tt_metal/hw/firmware/src/tt-1xx/trisck.cc,
0,2,5,TRISC_0,30839,15504819151552,0,0,,,TRISC-FW,ZONE_END,150,/home/nx09/nx09/nebriscv/tt-metal-0.74/tt-metal/tt_metal/hw/firmware/src/tt-1xx/trisc.cc,
0,2,5,TRISC_1,30839,15504819059946,0,0,,,TRISC-FW,ZONE_START,150,/home/nx09/nx09/nebriscv/tt-metal-0.74/tt-metal/tt_metal/hw/firmware/src/tt-1xx/trisc.cc,
0,2,5,TRISC_1,60173,15504819060127,0,0,,,TRISC-KERNEL,ZONE_START,86,/home/nx09/nx09/nebriscv/tt-metal-0.74/tt-metal/tt_metal/hw/firmware/src/tt-1xx/trisck.cc,
0,2,5,TRISC_1,60173,15504819142490,0,0,,,TRISC-KERNEL,ZONE_END,86,/home/nx09/nx09/nebriscv/tt-metal-0.74/tt-metal/tt_metal/hw/firmware/src/tt-1xx/trisck.cc,
0,2,5,TRISC_1,30839,15504819151560,0,0,,,TRISC-FW,ZONE_END,150,/home/nx09/nx09/nebriscv/tt-metal-0.74/tt-metal/tt_metal/hw/firmware/src/tt-1xx/trisc.cc,
0,2,5,TRISC_2,30839,15504819059951,0,0,,,TRISC-FW,ZONE_START,150,/home/nx09/nx09/nebriscv/tt-metal-0.74/tt-metal/tt_metal/hw/firmware/src/tt-1xx/trisc.cc,
0,2,5,TRISC_2,60173,15504819060381,0,0,,,TRISC-KERNEL,ZONE_START,86,/home/nx09/nx09/nebriscv/tt-metal-0.74/tt-metal/tt_metal/hw/firmware/src/tt-1xx/trisck.cc,
0,2,5,TRISC_2,60173,15504819128812,0,0,,,TRISC-KERNEL,ZONE_END,86,/home/nx09/nx09/nebriscv/tt-metal-0.74/tt-metal/tt_metal/hw/firmware/src/tt-1xx/trisck.cc,
0,2,5,TRISC_2,30839,15504819151608,0,0,,,TRISC-FW,ZONE_END,150,/home/nx09/nx09/nebriscv/tt-metal-0.74/tt-metal/tt_metal/hw/firmware/src/tt-1xx/trisc.cc,
0,2,6,BRISC,51381,15504819088108,0,0,,,BRISC-FW,ZONE_START,433,/home/nx09/nx09/nebriscv/tt-metal-0.74/tt-metal/tt_metal/hw/firmware/src/tt-1xx/brisc.cc,
0,2,6,BRISC,31418,15504819088900,0,0,,,BRISC-KERNEL,ZONE_START,77,/home/nx09/nx09/nebriscv/tt-metal-0.74/tt-metal/tt_metal/hw/firmware/src/tt-1xx/brisck.cc,
0,2,6,BRISC,31418,15504819180443,0,0,,,BRISC-KERNEL,ZONE_END,77,/home/nx09/nx09/nebriscv/tt-metal-0.74/tt-metal/tt_metal/hw/firmware/src/tt-1xx/brisck.cc,
0,2,6,BRISC,51381,15504819180534,0,0,,,BRISC-FW,ZONE_END,433,/home/nx09/nx09/nebriscv/tt-metal-0.74/tt-metal/tt_metal/hw/firmware/src/tt-1xx/brisc.cc,
0,2,6,NCRISC,49034,15504819088269,0,0,,,NCRISC-FW,ZONE_START,129,/home/nx09/nx09/nebriscv/tt-metal-0.74/tt-metal/tt_metal/hw/firmware/src/tt-1xx/ncrisc.cc,
0,2,6,NCRISC,13096,15504819088754,0,0,,,NCRISC-KERNEL,ZONE_START,69,/home/nx09/nx09/nebriscv/tt-metal-0.74/tt-metal/tt_metal/hw/firmware/src/tt-1xx/ncrisck.cc,
0,2,6,NCRISC,13096,15504819179957,0,0,,,NCRISC-KERNEL,ZONE_END,69,/home/nx09/nx09/nebriscv/tt-metal-0.74/tt-metal/tt_metal/hw/firmware/src/tt-1xx/ncrisck.cc,
0,2,6,NCRISC,49034,15504819179986,0,0,,,NCRISC-FW,ZONE_END,129,/home/nx09/nx09/nebriscv/tt-metal-0.74/tt-metal/tt_metal/hw/firmware/src/tt-1xx/ncrisc.cc,
0,2,6,TRISC_0,30839,15504819088369,0,0,,,TRISC-FW,ZONE_START,150,/home/nx09/nx09/nebriscv/tt-metal-0.74/tt-metal/tt_metal/hw/firmware/src/tt-1xx/trisc.cc,
0,2,6,TRISC_0,60173,15504819088781,0,0,,,TRISC-KERNEL,ZONE_START,86,/home/nx09/nx09/nebriscv/tt-metal-0.74/tt-metal/tt_metal/hw/firmware/src/tt-1xx/trisck.cc,
0,2,6,TRISC_0,60173,15504819180019,0,0,,,TRISC-KERNEL,ZONE_END,86,/home/nx09/nx09/nebriscv/tt-metal-0.74/tt-metal/tt_metal/hw/firmware/src/tt-1xx/trisck.cc,
0,2,6,TRISC_0,30839,15504819180058,0,0,,,TRISC-FW,ZONE_END,150,/home/nx09/nx09/nebriscv/tt-metal-0.74/tt-metal/tt_metal/hw/firmware/src/tt-1xx/trisc.cc,
0,2,6,TRISC_1,30839,15504819088379,0,0,,,TRISC-FW,ZONE_START,150,/home/nx09/nx09/nebriscv/tt-metal-0.74/tt-metal/tt_metal/hw/firmware/src/tt-1xx/trisc.cc,
0,2,6,TRISC_1,60173,15504819088568,0,0,,,TRISC-KERNEL,ZONE_START,86,/home/nx09/nx09/nebriscv/tt-metal-0.74/tt-metal/tt_metal/hw/firmware/src/tt-1xx/trisck.cc,
0,2,6,TRISC_1,60173,15504819170940,0,0,,,TRISC-KERNEL,ZONE_END,86,/home/nx09/nx09/nebriscv/tt-metal-0.74/tt-metal/tt_metal/hw/firmware/src/tt-1xx/trisck.cc,
0,2,6,TRISC_1,30839,15504819180060,0,0,,,TRISC-FW,ZONE_END,150,/home/nx09/nx09/nebriscv/tt-metal-0.74/tt-metal/tt_metal/hw/firmware/src/tt-1xx/trisc.cc,
0,2,6,TRISC_2,30839,15504819088380,0,0,,,TRISC-FW,ZONE_START,150,/home/nx09/nx09/nebriscv/tt-metal-0.74/tt-metal/tt_metal/hw/firmware/src/tt-1xx/trisc.cc,
0,2,6,TRISC_2,60173,15504819088817,0,0,,,TRISC-KERNEL,ZONE_START,86,/home/nx09/nx09/nebriscv/tt-metal-0.74/tt-metal/tt_metal/hw/firmware/src/tt-1xx/trisck.cc,
0,2,6,TRISC_2,60173,15504819157406,0,0,,,TRISC-KERNEL,ZONE_END,86,/home/nx09/nx09/nebriscv/tt-metal-0.74/tt-metal/tt_metal/hw/firmware/src/tt-1xx/trisck.cc,
0,2,6,TRISC_2,30839,15504819180111,0,0,,,TRISC-FW,ZONE_END,150,/home/nx09/nx09/nebriscv/tt-metal-0.74/tt-metal/tt_metal/hw/firmware/src/tt-1xx/trisc.cc,
0,2,7,BRISC,51381,15504819117044,0,0,,,BRISC-FW,ZONE_START,433,/home/nx09/nx09/nebriscv/tt-metal-0.74/tt-metal/tt_metal/hw/firmware/src/tt-1xx/brisc.cc,
0,2,7,BRISC,31418,15504819117822,0,0,,,BRISC-KERNEL,ZONE_START,77,/home/nx09/nx09/nebriscv/tt-metal-0.74/tt-metal/tt_metal/hw/firmware/src/tt-1xx/brisck.cc,
0,2,7,BRISC,31418,15504819204719,0,0,,,BRISC-KERNEL,ZONE_END,77,/home/nx09/nx09/nebriscv/tt-metal-0.74/tt-metal/tt_metal/hw/firmware/src/tt-1xx/brisck.cc,
0,2,7,BRISC,51381,15504819204810,0,0,,,BRISC-FW,ZONE_END,433,/home/nx09/nx09/nebriscv/tt-metal-0.74/tt-metal/tt_metal/hw/firmware/src/tt-1xx/brisc.cc,
0,2,7,NCRISC,49034,15504819117197,0,0,,,NCRISC-FW,ZONE_START,129,/home/nx09/nx09/nebriscv/tt-metal-0.74/tt-metal/tt_metal/hw/firmware/src/tt-1xx/ncrisc.cc,
0,2,7,NCRISC,13096,15504819117682,0,0,,,NCRISC-KERNEL,ZONE_START,69,/home/nx09/nx09/nebriscv/tt-metal-0.74/tt-metal/tt_metal/hw/firmware/src/tt-1xx/ncrisck.cc,
0,2,7,NCRISC,13096,15504819204117,0,0,,,NCRISC-KERNEL,ZONE_END,69,/home/nx09/nx09/nebriscv/tt-metal-0.74/tt-metal/tt_metal/hw/firmware/src/tt-1xx/ncrisck.cc,
0,2,7,NCRISC,49034,15504819204145,0,0,,,NCRISC-FW,ZONE_END,129,/home/nx09/nx09/nebriscv/tt-metal-0.74/tt-metal/tt_metal/hw/firmware/src/tt-1xx/ncrisc.cc,
0,2,7,TRISC_0,30839,15504819117305,0,0,,,TRISC-FW,ZONE_START,150,/home/nx09/nx09/nebriscv/tt-metal-0.74/tt-metal/tt_metal/hw/firmware/src/tt-1xx/trisc.cc,
0,2,7,TRISC_0,60173,15504819117716,0,0,,,TRISC-KERNEL,ZONE_START,86,/home/nx09/nx09/nebriscv/tt-metal-0.74/tt-metal/tt_metal/hw/firmware/src/tt-1xx/trisck.cc,
0,2,7,TRISC_0,60173,15504819204184,0,0,,,TRISC-KERNEL,ZONE_END,86,/home/nx09/nx09/nebriscv/tt-metal-0.74/tt-metal/tt_metal/hw/firmware/src/tt-1xx/trisck.cc,
0,2,7,TRISC_0,30839,15504819204220,0,0,,,TRISC-FW,ZONE_END,150,/home/nx09/nx09/nebriscv/tt-metal-0.74/tt-metal/tt_metal/hw/firmware/src/tt-1xx/trisc.cc,
0,2,7,TRISC_1,30839,15504819117318,0,0,,,TRISC-FW,ZONE_START,150,/home/nx09/nx09/nebriscv/tt-metal-0.74/tt-metal/tt_metal/hw/firmware/src/tt-1xx/trisc.cc,
0,2,7,TRISC_1,60173,15504819117503,0,0,,,TRISC-KERNEL,ZONE_START,86,/home/nx09/nx09/nebriscv/tt-metal-0.74/tt-metal/tt_metal/hw/firmware/src/tt-1xx/trisck.cc,
0,2,7,TRISC_1,60173,15504819196221,0,0,,,TRISC-KERNEL,ZONE_END,86,/home/nx09/nx09/nebriscv/tt-metal-0.74/tt-metal/tt_metal/hw/firmware/src/tt-1xx/trisck.cc,
0,2,7,TRISC_1,30839,15504819204229,0,0,,,TRISC-FW,ZONE_END,150,/home/nx09/nx09/nebriscv/tt-metal-0.74/tt-metal/tt_metal/hw/firmware/src/tt-1xx/trisc.cc,
0,2,7,TRISC_2,30839,15504819117311,0,0,,,TRISC-FW,ZONE_START,150,/home/nx09/nx09/nebriscv/tt-metal-0.74/tt-metal/tt_metal/hw/firmware/src/tt-1xx/trisc.cc,
0,2,7,TRISC_2,60173,15504819117736,0,0,,,TRISC-KERNEL,ZONE_START,86,/home/nx09/nx09/nebriscv/tt-metal-0.74/tt-metal/tt_metal/hw/firmware/src/tt-1xx/trisck.cc,
0,2,7,TRISC_2,60173,15504819184343,0,0,,,TRISC-KERNEL,ZONE_END,86,/home/nx09/nx09/nebriscv/tt-metal-0.74/tt-metal/tt_metal/hw/firmware/src/tt-1xx/trisck.cc,
0,2,7,TRISC_2,30839,15504819204282,0,0,,,TRISC-FW,ZONE_END,150,/home/nx09/nx09/nebriscv/tt-metal-0.74/tt-metal/tt_metal/hw/firmware/src/tt-1xx/trisc.cc,
0,2,8,BRISC,51381,15504819145464,0,0,,,BRISC-FW,ZONE_START,433,/home/nx09/nx09/nebriscv/tt-metal-0.74/tt-metal/tt_metal/hw/firmware/src/tt-1xx/brisc.cc,
0,2,8,BRISC,31418,15504819146242,0,0,,,BRISC-KERNEL,ZONE_START,77,/home/nx09/nx09/nebriscv/tt-metal-0.74/tt-metal/tt_metal/hw/firmware/src/tt-1xx/brisck.cc,
0,2,8,BRISC,31418,15504819237126,0,0,,,BRISC-KERNEL,ZONE_END,77,/home/nx09/nx09/nebriscv/tt-metal-0.74/tt-metal/tt_metal/hw/firmware/src/tt-1xx/brisck.cc,
0,2,8,BRISC,51381,15504819237217,0,0,,,BRISC-FW,ZONE_END,433,/home/nx09/nx09/nebriscv/tt-metal-0.74/tt-metal/tt_metal/hw/firmware/src/tt-1xx/brisc.cc,
0,2,8,NCRISC,49034,15504819145617,0,0,,,NCRISC-FW,ZONE_START,129,/home/nx09/nx09/nebriscv/tt-metal-0.74/tt-metal/tt_metal/hw/firmware/src/tt-1xx/ncrisc.cc,
0,2,8,NCRISC,13096,15504819146102,0,0,,,NCRISC-KERNEL,ZONE_START,69,/home/nx09/nx09/nebriscv/tt-metal-0.74/tt-metal/tt_metal/hw/firmware/src/tt-1xx/ncrisck.cc,
0,2,8,NCRISC,13096,15504819236524,0,0,,,NCRISC-KERNEL,ZONE_END,69,/home/nx09/nx09/nebriscv/tt-metal-0.74/tt-metal/tt_metal/hw/firmware/src/tt-1xx/ncrisck.cc,
0,2,8,NCRISC,49034,15504819236552,0,0,,,NCRISC-FW,ZONE_END,129,/home/nx09/nx09/nebriscv/tt-metal-0.74/tt-metal/tt_metal/hw/firmware/src/tt-1xx/ncrisc.cc,
0,2,8,TRISC_0,30839,15504819145725,0,0,,,TRISC-FW,ZONE_START,150,/home/nx09/nx09/nebriscv/tt-metal-0.74/tt-metal/tt_metal/hw/firmware/src/tt-1xx/trisc.cc,
0,2,8,TRISC_0,60173,15504819146136,0,0,,,TRISC-KERNEL,ZONE_START,86,/home/nx09/nx09/nebriscv/tt-metal-0.74/tt-metal/tt_metal/hw/firmware/src/tt-1xx/trisck.cc,
0,2,8,TRISC_0,60173,15504819236591,0,0,,,TRISC-KERNEL,ZONE_END,86,/home/nx09/nx09/nebriscv/tt-metal-0.74/tt-metal/tt_metal/hw/firmware/src/tt-1xx/trisck.cc,
0,2,8,TRISC_0,30839,15504819236627,0,0,,,TRISC-FW,ZONE_END,150,/home/nx09/nx09/nebriscv/tt-metal-0.74/tt-metal/tt_metal/hw/firmware/src/tt-1xx/trisc.cc,
0,2,8,TRISC_1,30839,15504819145738,0,0,,,TRISC-FW,ZONE_START,150,/home/nx09/nx09/nebriscv/tt-metal-0.74/tt-metal/tt_metal/hw/firmware/src/tt-1xx/trisc.cc,
0,2,8,TRISC_1,60173,15504819145923,0,0,,,TRISC-KERNEL,ZONE_START,86,/home/nx09/nx09/nebriscv/tt-metal-0.74/tt-metal/tt_metal/hw/firmware/src/tt-1xx/trisck.cc,
0,2,8,TRISC_1,60173,15504819227557,0,0,,,TRISC-KERNEL,ZONE_END,86,/home/nx09/nx09/nebriscv/tt-metal-0.74/tt-metal/tt_metal/hw/firmware/src/tt-1xx/trisck.cc,
0,2,8,TRISC_1,30839,15504819236636,0,0,,,TRISC-FW,ZONE_END,150,/home/nx09/nx09/nebriscv/tt-metal-0.74/tt-metal/tt_metal/hw/firmware/src/tt-1xx/trisc.cc,
0,2,8,TRISC_2,30839,15504819145731,0,0,,,TRISC-FW,ZONE_START,150,/home/nx09/nx09/nebriscv/tt-metal-0.74/tt-metal/tt_metal/hw/firmware/src/tt-1xx/trisc.cc,
0,2,8,TRISC_2,60173,15504819146156,0,0,,,TRISC-KERNEL,ZONE_START,86,/home/nx09/nx09/nebriscv/tt-metal-0.74/tt-metal/tt_metal/hw/firmware/src/tt-1xx/trisck.cc,
0,2,8,TRISC_2,60173,15504819213954,0,0,,,TRISC-KERNEL,ZONE_END,86,/home/nx09/nx09/nebriscv/tt-metal-0.74/tt-metal/tt_metal/hw/firmware/src/tt-1xx/trisck.cc,
0,2,8,TRISC_2,30839,15504819236689,0,0,,,TRISC-FW,ZONE_END,150,/home/nx09/nx09/nebriscv/tt-metal-0.74/tt-metal/tt_metal/hw/firmware/src/tt-1xx/trisc.cc,
0,2,9,BRISC,51381,15504819173781,0,0,,,BRISC-FW,ZONE_START,433,/home/nx09/nx09/nebriscv/tt-metal-0.74/tt-metal/tt_metal/hw/firmware/src/tt-1xx/brisc.cc,
0,2,9,BRISC,31418,15504819174551,0,0,,,BRISC-KERNEL,ZONE_START,77,/home/nx09/nx09/nebriscv/tt-metal-0.74/tt-metal/tt_metal/hw/firmware/src/tt-1xx/brisck.cc,
0,2,9,BRISC,31418,15504819265613,0,0,,,BRISC-KERNEL,ZONE_END,77,/home/nx09/nx09/nebriscv/tt-metal-0.74/tt-metal/tt_metal/hw/firmware/src/tt-1xx/brisck.cc,
0,2,9,BRISC,51381,15504819265704,0,0,,,BRISC-FW,ZONE_END,433,/home/nx09/nx09/nebriscv/tt-metal-0.74/tt-metal/tt_metal/hw/firmware/src/tt-1xx/brisc.cc,
0,2,9,NCRISC,49034,15504819173933,0,0,,,NCRISC-FW,ZONE_START,129,/home/nx09/nx09/nebriscv/tt-metal-0.74/tt-metal/tt_metal/hw/firmware/src/tt-1xx/ncrisc.cc,
0,2,9,NCRISC,13096,15504819174421,0,0,,,NCRISC-KERNEL,ZONE_START,69,/home/nx09/nx09/nebriscv/tt-metal-0.74/tt-metal/tt_metal/hw/firmware/src/tt-1xx/ncrisck.cc,
0,2,9,NCRISC,13096,15504819265011,0,0,,,NCRISC-KERNEL,ZONE_END,69,/home/nx09/nx09/nebriscv/tt-metal-0.74/tt-metal/tt_metal/hw/firmware/src/tt-1xx/ncrisck.cc,
0,2,9,NCRISC,49034,15504819265039,0,0,,,NCRISC-FW,ZONE_END,129,/home/nx09/nx09/nebriscv/tt-metal-0.74/tt-metal/tt_metal/hw/firmware/src/tt-1xx/ncrisc.cc,
0,2,9,TRISC_0,30839,15504819174029,0,0,,,TRISC-FW,ZONE_START,150,/home/nx09/nx09/nebriscv/tt-metal-0.74/tt-metal/tt_metal/hw/firmware/src/tt-1xx/trisc.cc,
0,2,9,TRISC_0,60173,15504819174444,0,0,,,TRISC-KERNEL,ZONE_START,86,/home/nx09/nx09/nebriscv/tt-metal-0.74/tt-metal/tt_metal/hw/firmware/src/tt-1xx/trisck.cc,
0,2,9,TRISC_0,60173,15504819265078,0,0,,,TRISC-KERNEL,ZONE_END,86,/home/nx09/nx09/nebriscv/tt-metal-0.74/tt-metal/tt_metal/hw/firmware/src/tt-1xx/trisck.cc,
0,2,9,TRISC_0,30839,15504819265114,0,0,,,TRISC-FW,ZONE_END,150,/home/nx09/nx09/nebriscv/tt-metal-0.74/tt-metal/tt_metal/hw/firmware/src/tt-1xx/trisc.cc,
0,2,9,TRISC_1,30839,15504819174048,0,0,,,TRISC-FW,ZONE_START,150,/home/nx09/nx09/nebriscv/tt-metal-0.74/tt-metal/tt_metal/hw/firmware/src/tt-1xx/trisc.cc,
0,2,9,TRISC_1,60173,15504819174234,0,0,,,TRISC-KERNEL,ZONE_START,86,/home/nx09/nx09/nebriscv/tt-metal-0.74/tt-metal/tt_metal/hw/firmware/src/tt-1xx/trisck.cc,
0,2,9,TRISC_1,60173,15504819256053,0,0,,,TRISC-KERNEL,ZONE_END,86,/home/nx09/nx09/nebriscv/tt-metal-0.74/tt-metal/tt_metal/hw/firmware/src/tt-1xx/trisck.cc,
0,2,9,TRISC_1,30839,15504819265123,0,0,,,TRISC-FW,ZONE_END,150,/home/nx09/nx09/nebriscv/tt-metal-0.74/tt-metal/tt_metal/hw/firmware/src/tt-1xx/trisc.cc,
0,2,9,TRISC_2,30839,15504819174041,0,0,,,TRISC-FW,ZONE_START,150,/home/nx09/nx09/nebriscv/tt-metal-0.74/tt-metal/tt_metal/hw/firmware/src/tt-1xx/trisc.cc,
0,2,9,TRISC_2,60173,15504819174467,0,0,,,TRISC-KERNEL,ZONE_START,86,/home/nx09/nx09/nebriscv/tt-metal-0.74/tt-metal/tt_metal/hw/firmware/src/tt-1xx/trisck.cc,
0,2,9,TRISC_2,60173,15504819242600,0,0,,,TRISC-KERNEL,ZONE_END,86,/home/nx09/nx09/nebriscv/tt-metal-0.74/tt-metal/tt_metal/hw/firmware/src/tt-1xx/trisck.cc,
0,2,9,TRISC_2,30839,15504819265176,0,0,,,TRISC-FW,ZONE_END,150,/home/nx09/nx09/nebriscv/tt-metal-0.74/tt-metal/tt_metal/hw/firmware/src/tt-1xx/trisc.cc,
0,2,10,BRISC,51381,15504819202123,0,0,,,BRISC-FW,ZONE_START,433,/home/nx09/nx09/nebriscv/tt-metal-0.74/tt-metal/tt_metal/hw/firmware/src/tt-1xx/brisc.cc,
0,2,10,BRISC,31418,15504819202883,0,0,,,BRISC-KERNEL,ZONE_START,77,/home/nx09/nx09/nebriscv/tt-metal-0.74/tt-metal/tt_metal/hw/firmware/src/tt-1xx/brisck.cc,
0,2,10,BRISC,31418,15504819290076,0,0,,,BRISC-KERNEL,ZONE_END,77,/home/nx09/nx09/nebriscv/tt-metal-0.74/tt-metal/tt_metal/hw/firmware/src/tt-1xx/brisck.cc,
0,2,10,BRISC,51381,15504819290167,0,0,,,BRISC-FW,ZONE_END,433,/home/nx09/nx09/nebriscv/tt-metal-0.74/tt-metal/tt_metal/hw/firmware/src/tt-1xx/brisc.cc,
0,2,10,NCRISC,49034,15504819202275,0,0,,,NCRISC-FW,ZONE_START,129,/home/nx09/nx09/nebriscv/tt-metal-0.74/tt-metal/tt_metal/hw/firmware/src/tt-1xx/ncrisc.cc,
0,2,10,NCRISC,13096,15504819202765,0,0,,,NCRISC-KERNEL,ZONE_START,69,/home/nx09/nx09/nebriscv/tt-metal-0.74/tt-metal/tt_metal/hw/firmware/src/tt-1xx/ncrisck.cc,
0,2,10,NCRISC,13096,15504819289474,0,0,,,NCRISC-KERNEL,ZONE_END,69,/home/nx09/nx09/nebriscv/tt-metal-0.74/tt-metal/tt_metal/hw/firmware/src/tt-1xx/ncrisck.cc,
0,2,10,NCRISC,49034,15504819289502,0,0,,,NCRISC-FW,ZONE_END,129,/home/nx09/nx09/nebriscv/tt-metal-0.74/tt-metal/tt_metal/hw/firmware/src/tt-1xx/ncrisc.cc,
0,2,10,TRISC_0,30839,15504819202371,0,0,,,TRISC-FW,ZONE_START,150,/home/nx09/nx09/nebriscv/tt-metal-0.74/tt-metal/tt_metal/hw/firmware/src/tt-1xx/trisc.cc,
0,2,10,TRISC_0,60173,15504819202780,0,0,,,TRISC-KERNEL,ZONE_START,86,/home/nx09/nx09/nebriscv/tt-metal-0.74/tt-metal/tt_metal/hw/firmware/src/tt-1xx/trisck.cc,
0,2,10,TRISC_0,60173,15504819289541,0,0,,,TRISC-KERNEL,ZONE_END,86,/home/nx09/nx09/nebriscv/tt-metal-0.74/tt-metal/tt_metal/hw/firmware/src/tt-1xx/trisck.cc,
0,2,10,TRISC_0,30839,15504819289577,0,0,,,TRISC-FW,ZONE_END,150,/home/nx09/nx09/nebriscv/tt-metal-0.74/tt-metal/tt_metal/hw/firmware/src/tt-1xx/trisc.cc,
0,2,10,TRISC_1,30839,15504819202383,0,0,,,TRISC-FW,ZONE_START,150,/home/nx09/nx09/nebriscv/tt-metal-0.74/tt-metal/tt_metal/hw/firmware/src/tt-1xx/trisc.cc,
0,2,10,TRISC_1,60173,15504819202579,0,0,,,TRISC-KERNEL,ZONE_START,86,/home/nx09/nx09/nebriscv/tt-metal-0.74/tt-metal/tt_metal/hw/firmware/src/tt-1xx/trisck.cc,
0,2,10,TRISC_1,60173,15504819280831,0,0,,,TRISC-KERNEL,ZONE_END,86,/home/nx09/nx09/nebriscv/tt-metal-0.74/tt-metal/tt_metal/hw/firmware/src/tt-1xx/trisck.cc,
0,2,10,TRISC_1,30839,15504819289586,0,0,,,TRISC-FW,ZONE_END,150,/home/nx09/nx09/nebriscv/tt-metal-0.74/tt-metal/tt_metal/hw/firmware/src/tt-1xx/trisc.cc,
0,2,10,TRISC_2,30839,15504819202391,0,0,,,TRISC-FW,ZONE_START,150,/home/nx09/nx09/nebriscv/tt-metal-0.74/tt-metal/tt_metal/hw/firmware/src/tt-1xx/trisc.cc,
0,2,10,TRISC_2,60173,15504819202828,0,0,,,TRISC-KERNEL,ZONE_START,86,/home/nx09/nx09/nebriscv/tt-metal-0.74/tt-metal/tt_metal/hw/firmware/src/tt-1xx/trisck.cc,
0,2,10,TRISC_2,60173,15504819267513,0,0,,,TRISC-KERNEL,ZONE_END,86,/home/nx09/nx09/nebriscv/tt-metal-0.74/tt-metal/tt_metal/hw/firmware/src/tt-1xx/trisck.cc,
0,2,10,TRISC_2,30839,15504819289639,0,0,,,TRISC-FW,ZONE_END,150,/home/nx09/nx09/nebriscv/tt-metal-0.74/tt-metal/tt_metal/hw/firmware/src/tt-1xx/trisc.cc,
0,2,11,BRISC,51381,15504819230521,0,0,,,BRISC-FW,ZONE_START,433,/home/nx09/nx09/nebriscv/tt-metal-0.74/tt-metal/tt_metal/hw/firmware/src/tt-1xx/brisc.cc,
0,2,11,BRISC,31418,15504819231281,0,0,,,BRISC-KERNEL,ZONE_START,77,/home/nx09/nx09/nebriscv/tt-metal-0.74/tt-metal/tt_metal/hw/firmware/src/tt-1xx/brisck.cc,
0,2,11,BRISC,31418,15504819322614,0,0,,,BRISC-KERNEL,ZONE_END,77,/home/nx09/nx09/nebriscv/tt-metal-0.74/tt-metal/tt_metal/hw/firmware/src/tt-1xx/brisck.cc,
0,2,11,BRISC,51381,15504819322705,0,0,,,BRISC-FW,ZONE_END,433,/home/nx09/nx09/nebriscv/tt-metal-0.74/tt-metal/tt_metal/hw/firmware/src/tt-1xx/brisc.cc,
0,2,11,NCRISC,49034,15504819230673,0,0,,,NCRISC-FW,ZONE_START,129,/home/nx09/nx09/nebriscv/tt-metal-0.74/tt-metal/tt_metal/hw/firmware/src/tt-1xx/ncrisc.cc,
0,2,11,NCRISC,13096,15504819231163,0,0,,,NCRISC-KERNEL,ZONE_START,69,/home/nx09/nx09/nebriscv/tt-metal-0.74/tt-metal/tt_metal/hw/firmware/src/tt-1xx/ncrisck.cc,
0,2,11,NCRISC,13096,15504819322012,0,0,,,NCRISC-KERNEL,ZONE_END,69,/home/nx09/nx09/nebriscv/tt-metal-0.74/tt-metal/tt_metal/hw/firmware/src/tt-1xx/ncrisck.cc,
0,2,11,NCRISC,49034,15504819322040,0,0,,,NCRISC-FW,ZONE_END,129,/home/nx09/nx09/nebriscv/tt-metal-0.74/tt-metal/tt_metal/hw/firmware/src/tt-1xx/ncrisc.cc,
0,2,11,TRISC_0,30839,15504819230769,0,0,,,TRISC-FW,ZONE_START,150,/home/nx09/nx09/nebriscv/tt-metal-0.74/tt-metal/tt_metal/hw/firmware/src/tt-1xx/trisc.cc,
0,2,11,TRISC_0,60173,15504819231178,0,0,,,TRISC-KERNEL,ZONE_START,86,/home/nx09/nx09/nebriscv/tt-metal-0.74/tt-metal/tt_metal/hw/firmware/src/tt-1xx/trisck.cc,
0,2,11,TRISC_0,60173,15504819322079,0,0,,,TRISC-KERNEL,ZONE_END,86,/home/nx09/nx09/nebriscv/tt-metal-0.74/tt-metal/tt_metal/hw/firmware/src/tt-1xx/trisck.cc,
0,2,11,TRISC_0,30839,15504819322115,0,0,,,TRISC-FW,ZONE_END,150,/home/nx09/nx09/nebriscv/tt-metal-0.74/tt-metal/tt_metal/hw/firmware/src/tt-1xx/trisc.cc,
0,2,11,TRISC_1,30839,15504819230781,0,0,,,TRISC-FW,ZONE_START,150,/home/nx09/nx09/nebriscv/tt-metal-0.74/tt-metal/tt_metal/hw/firmware/src/tt-1xx/trisc.cc,
0,2,11,TRISC_1,60173,15504819230977,0,0,,,TRISC-KERNEL,ZONE_START,86,/home/nx09/nx09/nebriscv/tt-metal-0.74/tt-metal/tt_metal/hw/firmware/src/tt-1xx/trisck.cc,
0,2,11,TRISC_1,60173,15504819312955,0,0,,,TRISC-KERNEL,ZONE_END,86,/home/nx09/nx09/nebriscv/tt-metal-0.74/tt-metal/tt_metal/hw/firmware/src/tt-1xx/trisck.cc,
0,2,11,TRISC_1,30839,15504819322124,0,0,,,TRISC-FW,ZONE_END,150,/home/nx09/nx09/nebriscv/tt-metal-0.74/tt-metal/tt_metal/hw/firmware/src/tt-1xx/trisc.cc,
0,2,11,TRISC_2,30839,15504819230789,0,0,,,TRISC-FW,ZONE_START,150,/home/nx09/nx09/nebriscv/tt-metal-0.74/tt-metal/tt_metal/hw/firmware/src/tt-1xx/trisc.cc,
0,2,11,TRISC_2,60173,15504819231226,0,0,,,TRISC-KERNEL,ZONE_START,86,/home/nx09/nx09/nebriscv/tt-metal-0.74/tt-metal/tt_metal/hw/firmware/src/tt-1xx/trisck.cc,
0,2,11,TRISC_2,60173,15504819299367,0,0,,,TRISC-KERNEL,ZONE_END,86,/home/nx09/nx09/nebriscv/tt-metal-0.74/tt-metal/tt_metal/hw/firmware/src/tt-1xx/trisck.cc,
0,2,11,TRISC_2,30839,15504819322177,0,0,,,TRISC-FW,ZONE_END,150,/home/nx09/nx09/nebriscv/tt-metal-0.74/tt-metal/tt_metal/hw/firmware/src/tt-1xx/trisc.cc,
0,3,2,BRISC,51381,15504819272834,0,0,,,BRISC-FW,ZONE_START,433,/home/nx09/nx09/nebriscv/tt-metal-0.74/tt-metal/tt_metal/hw/firmware/src/tt-1xx/brisc.cc,
0,3,2,BRISC,31418,15504819273613,0,0,,,BRISC-KERNEL,ZONE_START,77,/home/nx09/nx09/nebriscv/tt-metal-0.74/tt-metal/tt_metal/hw/firmware/src/tt-1xx/brisck.cc,
0,3,2,BRISC,31418,15504819364163,0,0,,,BRISC-KERNEL,ZONE_END,77,/home/nx09/nx09/nebriscv/tt-metal-0.74/tt-metal/tt_metal/hw/firmware/src/tt-1xx/brisck.cc,
0,3,2,BRISC,51381,15504819364255,0,0,,,BRISC-FW,ZONE_END,433,/home/nx09/nx09/nebriscv/tt-metal-0.74/tt-metal/tt_metal/hw/firmware/src/tt-1xx/brisc.cc,
0,3,2,NCRISC,49034,15504819272987,0,0,,,NCRISC-FW,ZONE_START,129,/home/nx09/nx09/nebriscv/tt-metal-0.74/tt-metal/tt_metal/hw/firmware/src/tt-1xx/ncrisc.cc,
0,3,2,NCRISC,13096,15504819273466,0,0,,,NCRISC-KERNEL,ZONE_START,69,/home/nx09/nx09/nebriscv/tt-metal-0.74/tt-metal/tt_metal/hw/firmware/src/tt-1xx/ncrisck.cc,
0,3,2,NCRISC,13096,15504819363566,0,0,,,NCRISC-KERNEL,ZONE_END,69,/home/nx09/nx09/nebriscv/tt-metal-0.74/tt-metal/tt_metal/hw/firmware/src/tt-1xx/ncrisck.cc,
0,3,2,NCRISC,49034,15504819363595,0,0,,,NCRISC-FW,ZONE_END,129,/home/nx09/nx09/nebriscv/tt-metal-0.74/tt-metal/tt_metal/hw/firmware/src/tt-1xx/ncrisc.cc,
0,3,2,TRISC_0,30839,15504819273094,0,0,,,TRISC-FW,ZONE_START,150,/home/nx09/nx09/nebriscv/tt-metal-0.74/tt-metal/tt_metal/hw/firmware/src/tt-1xx/trisc.cc,
0,3,2,TRISC_0,60173,15504819273511,0,0,,,TRISC-KERNEL,ZONE_START,86,/home/nx09/nx09/nebriscv/tt-metal-0.74/tt-metal/tt_metal/hw/firmware/src/tt-1xx/trisck.cc,
0,3,2,TRISC_0,60173,15504819363628,0,0,,,TRISC-KERNEL,ZONE_END,86,/home/nx09/nx09/nebriscv/tt-metal-0.74/tt-metal/tt_metal/hw/firmware/src/tt-1xx/trisck.cc,
0,3,2,TRISC_0,30839,15504819363665,0,0,,,TRISC-FW,ZONE_END,150,/home/nx09/nx09/nebriscv/tt-metal-0.74/tt-metal/tt_metal/hw/firmware/src/tt-1xx/trisc.cc,
0,3,2,TRISC_1,30839,15504819273102,0,0,,,TRISC-FW,ZONE_START,150,/home/nx09/nx09/nebriscv/tt-metal-0.74/tt-metal/tt_metal/hw/firmware/src/tt-1xx/trisc.cc,
0,3,2,TRISC_1,60173,15504819273283,0,0,,,TRISC-KERNEL,ZONE_START,86,/home/nx09/nx09/nebriscv/tt-metal-0.74/tt-metal/tt_metal/hw/firmware/src/tt-1xx/trisck.cc,
0,3,2,TRISC_1,60173,15504819354720,0,0,,,TRISC-KERNEL,ZONE_END,86,/home/nx09/nx09/nebriscv/tt-metal-0.74/tt-metal/tt_metal/hw/firmware/src/tt-1xx/trisck.cc,
0,3,2,TRISC_1,30839,15504819363673,0,0,,,TRISC-FW,ZONE_END,150,/home/nx09/nx09/nebriscv/tt-metal-0.74/tt-metal/tt_metal/hw/firmware/src/tt-1xx/trisc.cc,
0,3,2,TRISC_2,30839,15504819273107,0,0,,,TRISC-FW,ZONE_START,150,/home/nx09/nx09/nebriscv/tt-metal-0.74/tt-metal/tt_metal/hw/firmware/src/tt-1xx/trisc.cc,
0,3,2,TRISC_2,60173,15504819273537,0,0,,,TRISC-KERNEL,ZONE_START,86,/home/nx09/nx09/nebriscv/tt-metal-0.74/tt-metal/tt_metal/hw/firmware/src/tt-1xx/trisck.cc,
0,3,2,TRISC_2,60173,15504819341262,0,0,,,TRISC-KERNEL,ZONE_END,86,/home/nx09/nx09/nebriscv/tt-metal-0.74/tt-metal/tt_metal/hw/firmware/src/tt-1xx/trisck.cc,
0,3,2,TRISC_2,30839,15504819363721,0,0,,,TRISC-FW,ZONE_END,150,/home/nx09/nx09/nebriscv/tt-metal-0.74/tt-metal/tt_metal/hw/firmware/src/tt-1xx/trisc.cc,
0,3,3,BRISC,51381,15504819301826,0,0,,,BRISC-FW,ZONE_START,433,/home/nx09/nx09/nebriscv/tt-metal-0.74/tt-metal/tt_metal/hw/firmware/src/tt-1xx/brisc.cc,
0,3,3,BRISC,31418,15504819302622,0,0,,,BRISC-KERNEL,ZONE_START,77,/home/nx09/nx09/nebriscv/tt-metal-0.74/tt-metal/tt_metal/hw/firmware/src/tt-1xx/brisck.cc,
0,3,3,BRISC,31418,15504819393968,0,0,,,BRISC-KERNEL,ZONE_END,77,/home/nx09/nx09/nebriscv/tt-metal-0.74/tt-metal/tt_metal/hw/firmware/src/tt-1xx/brisck.cc,
0,3,3,BRISC,51381,15504819394068,0,0,,,BRISC-FW,ZONE_END,433,/home/nx09/nx09/nebriscv/tt-metal-0.74/tt-metal/tt_metal/hw/firmware/src/tt-1xx/brisc.cc,
0,3,3,NCRISC,49034,15504819301987,0,0,,,NCRISC-FW,ZONE_START,129,/home/nx09/nx09/nebriscv/tt-metal-0.74/tt-metal/tt_metal/hw/firmware/src/tt-1xx/ncrisc.cc,
0,3,3,NCRISC,13096,15504819302473,0,0,,,NCRISC-KERNEL,ZONE_START,69,/home/nx09/nx09/nebriscv/tt-metal-0.74/tt-metal/tt_metal/hw/firmware/src/tt-1xx/ncrisck.cc,
0,3,3,NCRISC,13096,15504819393373,0,0,,,NCRISC-KERNEL,ZONE_END,69,/home/nx09/nx09/nebriscv/tt-metal-0.74/tt-metal/tt_metal/hw/firmware/src/tt-1xx/ncrisck.cc,
0,3,3,NCRISC,49034,15504819393401,0,0,,,NCRISC-FW,ZONE_END,129,/home/nx09/nx09/nebriscv/tt-metal-0.74/tt-metal/tt_metal/hw/firmware/src/tt-1xx/ncrisc.cc,
0,3,3,TRISC_0,30839,15504819302087,0,0,,,TRISC-FW,ZONE_START,150,/home/nx09/nx09/nebriscv/tt-metal-0.74/tt-metal/tt_metal/hw/firmware/src/tt-1xx/trisc.cc,
0,3,3,TRISC_0,60173,15504819302494,0,0,,,TRISC-KERNEL,ZONE_START,86,/home/nx09/nx09/nebriscv/tt-metal-0.74/tt-metal/tt_metal/hw/firmware/src/tt-1xx/trisck.cc,
0,3,3,TRISC_0,60173,15504819393440,0,0,,,TRISC-KERNEL,ZONE_END,86,/home/nx09/nx09/nebriscv/tt-metal-0.74/tt-metal/tt_metal/hw/firmware/src/tt-1xx/trisck.cc,
0,3,3,TRISC_0,30839,15504819393479,0,0,,,TRISC-FW,ZONE_END,150,/home/nx09/nx09/nebriscv/tt-metal-0.74/tt-metal/tt_metal/hw/firmware/src/tt-1xx/trisc.cc,
0,3,3,TRISC_1,30839,15504819302097,0,0,,,TRISC-FW,ZONE_START,150,/home/nx09/nx09/nebriscv/tt-metal-0.74/tt-metal/tt_metal/hw/firmware/src/tt-1xx/trisc.cc,
0,3,3,TRISC_1,60173,15504819302287,0,0,,,TRISC-KERNEL,ZONE_START,86,/home/nx09/nx09/nebriscv/tt-metal-0.74/tt-metal/tt_metal/hw/firmware/src/tt-1xx/trisck.cc,
0,3,3,TRISC_1,60173,15504819384343,0,0,,,TRISC-KERNEL,ZONE_END,86,/home/nx09/nx09/nebriscv/tt-metal-0.74/tt-metal/tt_metal/hw/firmware/src/tt-1xx/trisck.cc,
0,3,3,TRISC_1,30839,15504819393481,0,0,,,TRISC-FW,ZONE_END,150,/home/nx09/nx09/nebriscv/tt-metal-0.74/tt-metal/tt_metal/hw/firmware/src/tt-1xx/trisc.cc,
0,3,3,TRISC_2,30839,15504819302096,0,0,,,TRISC-FW,ZONE_START,150,/home/nx09/nx09/nebriscv/tt-metal-0.74/tt-metal/tt_metal/hw/firmware/src/tt-1xx/trisc.cc,
0,3,3,TRISC_2,60173,15504819302532,0,0,,,TRISC-KERNEL,ZONE_START,86,/home/nx09/nx09/nebriscv/tt-metal-0.74/tt-metal/tt_metal/hw/firmware/src/tt-1xx/trisck.cc,
0,3,3,TRISC_2,60173,15504819370911,0,0,,,TRISC-KERNEL,ZONE_END,86,/home/nx09/nx09/nebriscv/tt-metal-0.74/tt-metal/tt_metal/hw/firmware/src/tt-1xx/trisck.cc,
0,3,3,TRISC_2,30839,15504819393532,0,0,,,TRISC-FW,ZONE_END,150,/home/nx09/nx09/nebriscv/tt-metal-0.74/tt-metal/tt_metal/hw/firmware/src/tt-1xx/trisc.cc,
0,3,4,BRISC,51381,15504819330723,0,0,,,BRISC-FW,ZONE_START,433,/home/nx09/nx09/nebriscv/tt-metal-0.74/tt-metal/tt_metal/hw/firmware/src/tt-1xx/brisc.cc,
0,3,4,BRISC,31418,15504819331506,0,0,,,BRISC-KERNEL,ZONE_START,77,/home/nx09/nx09/nebriscv/tt-metal-0.74/tt-metal/tt_metal/hw/firmware/src/tt-1xx/brisck.cc,
0,3,4,BRISC,31418,15504819418338,0,0,,,BRISC-KERNEL,ZONE_END,77,/home/nx09/nx09/nebriscv/tt-metal-0.74/tt-metal/tt_metal/hw/firmware/src/tt-1xx/brisck.cc,
0,3,4,BRISC,51381,15504819418438,0,0,,,BRISC-FW,ZONE_END,433,/home/nx09/nx09/nebriscv/tt-metal-0.74/tt-metal/tt_metal/hw/firmware/src/tt-1xx/brisc.cc,
0,3,4,NCRISC,49034,15504819330890,0,0,,,NCRISC-FW,ZONE_START,129,/home/nx09/nx09/nebriscv/tt-metal-0.74/tt-metal/tt_metal/hw/firmware/src/tt-1xx/ncrisc.cc,
0,3,4,NCRISC,13096,15504819331392,0,0,,,NCRISC-KERNEL,ZONE_START,69,/home/nx09/nx09/nebriscv/tt-metal-0.74/tt-metal/tt_metal/hw/firmware/src/tt-1xx/ncrisck.cc,
0,3,4,NCRISC,13096,15504819417743,0,0,,,NCRISC-KERNEL,ZONE_END,69,/home/nx09/nx09/nebriscv/tt-metal-0.74/tt-metal/tt_metal/hw/firmware/src/tt-1xx/ncrisck.cc,
0,3,4,NCRISC,49034,15504819417771,0,0,,,NCRISC-FW,ZONE_END,129,/home/nx09/nx09/nebriscv/tt-metal-0.74/tt-metal/tt_metal/hw/firmware/src/tt-1xx/ncrisc.cc,
0,3,4,TRISC_0,30839,15504819330999,0,0,,,TRISC-FW,ZONE_START,150,/home/nx09/nx09/nebriscv/tt-metal-0.74/tt-metal/tt_metal/hw/firmware/src/tt-1xx/trisc.cc,
0,3,4,TRISC_0,60173,15504819331413,0,0,,,TRISC-KERNEL,ZONE_START,86,/home/nx09/nx09/nebriscv/tt-metal-0.74/tt-metal/tt_metal/hw/firmware/src/tt-1xx/trisck.cc,
0,3,4,TRISC_0,60173,15504819417810,0,0,,,TRISC-KERNEL,ZONE_END,86,/home/nx09/nx09/nebriscv/tt-metal-0.74/tt-metal/tt_metal/hw/firmware/src/tt-1xx/trisck.cc,
0,3,4,TRISC_0,30839,15504819417849,0,0,,,TRISC-FW,ZONE_END,150,/home/nx09/nx09/nebriscv/tt-metal-0.74/tt-metal/tt_metal/hw/firmware/src/tt-1xx/trisc.cc,
0,3,4,TRISC_1,30839,15504819331000,0,0,,,TRISC-FW,ZONE_START,150,/home/nx09/nx09/nebriscv/tt-metal-0.74/tt-metal/tt_metal/hw/firmware/src/tt-1xx/trisc.cc,
0,3,4,TRISC_1,60173,15504819331189,0,0,,,TRISC-KERNEL,ZONE_START,86,/home/nx09/nx09/nebriscv/tt-metal-0.74/tt-metal/tt_metal/hw/firmware/src/tt-1xx/trisck.cc,
0,3,4,TRISC_1,60173,15504819408776,0,0,,,TRISC-KERNEL,ZONE_END,86,/home/nx09/nx09/nebriscv/tt-metal-0.74/tt-metal/tt_metal/hw/firmware/src/tt-1xx/trisck.cc,
0,3,4,TRISC_1,30839,15504819417851,0,0,,,TRISC-FW,ZONE_END,150,/home/nx09/nx09/nebriscv/tt-metal-0.74/tt-metal/tt_metal/hw/firmware/src/tt-1xx/trisc.cc,
0,3,4,TRISC_2,30839,15504819330997,0,0,,,TRISC-FW,ZONE_START,150,/home/nx09/nx09/nebriscv/tt-metal-0.74/tt-metal/tt_metal/hw/firmware/src/tt-1xx/trisc.cc,
0,3,4,TRISC_2,60173,15504819331430,0,0,,,TRISC-KERNEL,ZONE_START,86,/home/nx09/nx09/nebriscv/tt-metal-0.74/tt-metal/tt_metal/hw/firmware/src/tt-1xx/trisck.cc,
0,3,4,TRISC_2,60173,15504819395647,0,0,,,TRISC-KERNEL,ZONE_END,86,/home/nx09/nx09/nebriscv/tt-metal-0.74/tt-metal/tt_metal/hw/firmware/src/tt-1xx/trisck.cc,
0,3,4,TRISC_2,30839,15504819417902,0,0,,,TRISC-FW,ZONE_END,150,/home/nx09/nx09/nebriscv/tt-metal-0.74/tt-metal/tt_metal/hw/firmware/src/tt-1xx/trisc.cc,
0,3,5,BRISC,51381,15504819359015,0,0,,,BRISC-FW,ZONE_START,433,/home/nx09/nx09/nebriscv/tt-metal-0.74/tt-metal/tt_metal/hw/firmware/src/tt-1xx/brisc.cc,
0,3,5,BRISC,31418,15504819359793,0,0,,,BRISC-KERNEL,ZONE_START,77,/home/nx09/nx09/nebriscv/tt-metal-0.74/tt-metal/tt_metal/hw/firmware/src/tt-1xx/brisck.cc,
0,3,5,BRISC,31418,15504819451563,0,0,,,BRISC-KERNEL,ZONE_END,77,/home/nx09/nx09/nebriscv/tt-metal-0.74/tt-metal/tt_metal/hw/firmware/src/tt-1xx/brisck.cc,
0,3,5,BRISC,51381,15504819451658,0,0,,,BRISC-FW,ZONE_END,433,/home/nx09/nx09/nebriscv/tt-metal-0.74/tt-metal/tt_metal/hw/firmware/src/tt-1xx/brisc.cc,
0,3,5,NCRISC,49034,15504819359168,0,0,,,NCRISC-FW,ZONE_START,129,/home/nx09/nx09/nebriscv/tt-metal-0.74/tt-metal/tt_metal/hw/firmware/src/tt-1xx/ncrisc.cc,
0,3,5,NCRISC,13096,15504819359653,0,0,,,NCRISC-KERNEL,ZONE_START,69,/home/nx09/nx09/nebriscv/tt-metal-0.74/tt-metal/tt_metal/hw/firmware/src/tt-1xx/ncrisck.cc,
0,3,5,NCRISC,13096,15504819451067,0,0,,,NCRISC-KERNEL,ZONE_END,69,/home/nx09/nx09/nebriscv/tt-metal-0.74/tt-metal/tt_metal/hw/firmware/src/tt-1xx/ncrisck.cc,
0,3,5,NCRISC,49034,15504819451095,0,0,,,NCRISC-FW,ZONE_END,129,/home/nx09/nx09/nebriscv/tt-metal-0.74/tt-metal/tt_metal/hw/firmware/src/tt-1xx/ncrisc.cc,
0,3,5,TRISC_0,30839,15504819359276,0,0,,,TRISC-FW,ZONE_START,150,/home/nx09/nx09/nebriscv/tt-metal-0.74/tt-metal/tt_metal/hw/firmware/src/tt-1xx/trisc.cc,
0,3,5,TRISC_0,60173,15504819359687,0,0,,,TRISC-KERNEL,ZONE_START,86,/home/nx09/nx09/nebriscv/tt-metal-0.74/tt-metal/tt_metal/hw/firmware/src/tt-1xx/trisck.cc,
0,3,5,TRISC_0,60173,15504819451134,0,0,,,TRISC-KERNEL,ZONE_END,86,/home/nx09/nx09/nebriscv/tt-metal-0.74/tt-metal/tt_metal/hw/firmware/src/tt-1xx/trisck.cc,
0,3,5,TRISC_0,30839,15504819451170,0,0,,,TRISC-FW,ZONE_END,150,/home/nx09/nx09/nebriscv/tt-metal-0.74/tt-metal/tt_metal/hw/firmware/src/tt-1xx/trisc.cc,
0,3,5,TRISC_1,30839,15504819359289,0,0,,,TRISC-FW,ZONE_START,150,/home/nx09/nx09/nebriscv/tt-metal-0.74/tt-metal/tt_metal/hw/firmware/src/tt-1xx/trisc.cc,
0,3,5,TRISC_1,60173,15504819359474,0,0,,,TRISC-KERNEL,ZONE_START,86,/home/nx09/nx09/nebriscv/tt-metal-0.74/tt-metal/tt_metal/hw/firmware/src/tt-1xx/trisck.cc,
0,3,5,TRISC_1,60173,15504819441983,0,0,,,TRISC-KERNEL,ZONE_END,86,/home/nx09/nx09/nebriscv/tt-metal-0.74/tt-metal/tt_metal/hw/firmware/src/tt-1xx/trisck.cc,
0,3,5,TRISC_1,30839,15504819451179,0,0,,,TRISC-FW,ZONE_END,150,/home/nx09/nx09/nebriscv/tt-metal-0.74/tt-metal/tt_metal/hw/firmware/src/tt-1xx/trisc.cc,
0,3,5,TRISC_2,30839,15504819359282,0,0,,,TRISC-FW,ZONE_START,150,/home/nx09/nx09/nebriscv/tt-metal-0.74/tt-metal/tt_metal/hw/firmware/src/tt-1xx/trisc.cc,
0,3,5,TRISC_2,60173,15504819359707,0,0,,,TRISC-KERNEL,ZONE_START,86,/home/nx09/nx09/nebriscv/tt-metal-0.74/tt-metal/tt_metal/hw/firmware/src/tt-1xx/trisck.cc,
0,3,5,TRISC_2,60173,15504819428332,0,0,,,TRISC-KERNEL,ZONE_END,86,/home/nx09/nx09/nebriscv/tt-metal-0.74/tt-metal/tt_metal/hw/firmware/src/tt-1xx/trisck.cc,
0,3,5,TRISC_2,30839,15504819451232,0,0,,,TRISC-FW,ZONE_END,150,/home/nx09/nx09/nebriscv/tt-metal-0.74/tt-metal/tt_metal/hw/firmware/src/tt-1xx/trisc.cc,
0,3,6,BRISC,51381,15504819387481,0,0,,,BRISC-FW,ZONE_START,433,/home/nx09/nx09/nebriscv/tt-metal-0.74/tt-metal/tt_metal/hw/firmware/src/tt-1xx/brisc.cc,
0,3,6,BRISC,31418,15504819388263,0,0,,,BRISC-KERNEL,ZONE_START,77,/home/nx09/nx09/nebriscv/tt-metal-0.74/tt-metal/tt_metal/hw/firmware/src/tt-1xx/brisck.cc,
0,3,6,BRISC,31418,15504819480104,0,0,,,BRISC-KERNEL,ZONE_END,77,/home/nx09/nx09/nebriscv/tt-metal-0.74/tt-metal/tt_metal/hw/firmware/src/tt-1xx/brisck.cc,
0,3,6,BRISC,51381,15504819480195,0,0,,,BRISC-FW,ZONE_END,433,/home/nx09/nx09/nebriscv/tt-metal-0.74/tt-metal/tt_metal/hw/firmware/src/tt-1xx/brisc.cc,
0,3,6,NCRISC,49034,15504819387633,0,0,,,NCRISC-FW,ZONE_START,129,/home/nx09/nx09/nebriscv/tt-metal-0.74/tt-metal/tt_metal/hw/firmware/src/tt-1xx/ncrisc.cc,
0,3,6,NCRISC,13096,15504819388131,0,0,,,NCRISC-KERNEL,ZONE_START,69,/home/nx09/nx09/nebriscv/tt-metal-0.74/tt-metal/tt_metal/hw/firmware/src/tt-1xx/ncrisck.cc,
0,3,6,NCRISC,13096,15504819479502,0,0,,,NCRISC-KERNEL,ZONE_END,69,/home/nx09/nx09/nebriscv/tt-metal-0.74/tt-metal/tt_metal/hw/firmware/src/tt-1xx/ncrisck.cc,
0,3,6,NCRISC,49034,15504819479530,0,0,,,NCRISC-FW,ZONE_END,129,/home/nx09/nx09/nebriscv/tt-metal-0.74/tt-metal/tt_metal/hw/firmware/src/tt-1xx/ncrisc.cc,
0,3,6,TRISC_0,30839,15504819387754,0,0,,,TRISC-FW,ZONE_START,150,/home/nx09/nx09/nebriscv/tt-metal-0.74/tt-metal/tt_metal/hw/firmware/src/tt-1xx/trisc.cc,
0,3,6,TRISC_0,60173,15504819388167,0,0,,,TRISC-KERNEL,ZONE_START,86,/home/nx09/nx09/nebriscv/tt-metal-0.74/tt-metal/tt_metal/hw/firmware/src/tt-1xx/trisck.cc,
0,3,6,TRISC_0,60173,15504819479569,0,0,,,TRISC-KERNEL,ZONE_END,86,/home/nx09/nx09/nebriscv/tt-metal-0.74/tt-metal/tt_metal/hw/firmware/src/tt-1xx/trisck.cc,
0,3,6,TRISC_0,30839,15504819479605,0,0,,,TRISC-FW,ZONE_END,150,/home/nx09/nx09/nebriscv/tt-metal-0.74/tt-metal/tt_metal/hw/firmware/src/tt-1xx/trisc.cc,
0,3,6,TRISC_1,30839,15504819387746,0,0,,,TRISC-FW,ZONE_START,150,/home/nx09/nx09/nebriscv/tt-metal-0.74/tt-metal/tt_metal/hw/firmware/src/tt-1xx/trisc.cc,
0,3,6,TRISC_1,60173,15504819387923,0,0,,,TRISC-KERNEL,ZONE_START,86,/home/nx09/nx09/nebriscv/tt-metal-0.74/tt-metal/tt_metal/hw/firmware/src/tt-1xx/trisck.cc,
0,3,6,TRISC_1,60173,15504819470589,0,0,,,TRISC-KERNEL,ZONE_END,86,/home/nx09/nx09/nebriscv/tt-metal-0.74/tt-metal/tt_metal/hw/firmware/src/tt-1xx/trisck.cc,
0,3,6,TRISC_1,30839,15504819479614,0,0,,,TRISC-FW,ZONE_END,150,/home/nx09/nx09/nebriscv/tt-metal-0.74/tt-metal/tt_metal/hw/firmware/src/tt-1xx/trisc.cc,
0,3,6,TRISC_2,30839,15504819387755,0,0,,,TRISC-FW,ZONE_START,150,/home/nx09/nx09/nebriscv/tt-metal-0.74/tt-metal/tt_metal/hw/firmware/src/tt-1xx/trisc.cc,
0,3,6,TRISC_2,60173,15504819388183,0,0,,,TRISC-KERNEL,ZONE_START,86,/home/nx09/nx09/nebriscv/tt-metal-0.74/tt-metal/tt_metal/hw/firmware/src/tt-1xx/trisck.cc,
0,3,6,TRISC_2,60173,15504819456812,0,0,,,TRISC-KERNEL,ZONE_END,86,/home/nx09/nx09/nebriscv/tt-metal-0.74/tt-metal/tt_metal/hw/firmware/src/tt-1xx/trisck.cc,
0,3,6,TRISC_2,30839,15504819479667,0,0,,,TRISC-FW,ZONE_END,150,/home/nx09/nx09/nebriscv/tt-metal-0.74/tt-metal/tt_metal/hw/firmware/src/tt-1xx/trisc.cc,
0,3,7,BRISC,51381,15504819415878,0,0,,,BRISC-FW,ZONE_START,433,/home/nx09/nx09/nebriscv/tt-metal-0.74/tt-metal/tt_metal/hw/firmware/src/tt-1xx/brisc.cc,
0,3,7,BRISC,31418,15504819416638,0,0,,,BRISC-KERNEL,ZONE_START,77,/home/nx09/nx09/nebriscv/tt-metal-0.74/tt-metal/tt_metal/hw/firmware/src/tt-1xx/brisck.cc,
0,3,7,BRISC,31418,15504819504092,0,0,,,BRISC-KERNEL,ZONE_END,77,/home/nx09/nx09/nebriscv/tt-metal-0.74/tt-metal/tt_metal/hw/firmware/src/tt-1xx/brisck.cc,
0,3,7,BRISC,51381,15504819504183,0,0,,,BRISC-FW,ZONE_END,433,/home/nx09/nx09/nebriscv/tt-metal-0.74/tt-metal/tt_metal/hw/firmware/src/tt-1xx/brisc.cc,
0,3,7,NCRISC,49034,15504819416030,0,0,,,NCRISC-FW,ZONE_START,129,/home/nx09/nx09/nebriscv/tt-metal-0.74/tt-metal/tt_metal/hw/firmware/src/tt-1xx/ncrisc.cc,
0,3,7,NCRISC,13096,15504819416520,0,0,,,NCRISC-KERNEL,ZONE_START,69,/home/nx09/nx09/nebriscv/tt-metal-0.74/tt-metal/tt_metal/hw/firmware/src/tt-1xx/ncrisck.cc,
0,3,7,NCRISC,13096,15504819503490,0,0,,,NCRISC-KERNEL,ZONE_END,69,/home/nx09/nx09/nebriscv/tt-metal-0.74/tt-metal/tt_metal/hw/firmware/src/tt-1xx/ncrisck.cc,
0,3,7,NCRISC,49034,15504819503518,0,0,,,NCRISC-FW,ZONE_END,129,/home/nx09/nx09/nebriscv/tt-metal-0.74/tt-metal/tt_metal/hw/firmware/src/tt-1xx/ncrisc.cc,
0,3,7,TRISC_0,30839,15504819416126,0,0,,,TRISC-FW,ZONE_START,150,/home/nx09/nx09/nebriscv/tt-metal-0.74/tt-metal/tt_metal/hw/firmware/src/tt-1xx/trisc.cc,
0,3,7,TRISC_0,60173,15504819416535,0,0,,,TRISC-KERNEL,ZONE_START,86,/home/nx09/nx09/nebriscv/tt-metal-0.74/tt-metal/tt_metal/hw/firmware/src/tt-1xx/trisck.cc,
0,3,7,TRISC_0,60173,15504819503557,0,0,,,TRISC-KERNEL,ZONE_END,86,/home/nx09/nx09/nebriscv/tt-metal-0.74/tt-metal/tt_metal/hw/firmware/src/tt-1xx/trisck.cc,
0,3,7,TRISC_0,30839,15504819503593,0,0,,,TRISC-FW,ZONE_END,150,/home/nx09/nx09/nebriscv/tt-metal-0.74/tt-metal/tt_metal/hw/firmware/src/tt-1xx/trisc.cc,
0,3,7,TRISC_1,30839,15504819416138,0,0,,,TRISC-FW,ZONE_START,150,/home/nx09/nx09/nebriscv/tt-metal-0.74/tt-metal/tt_metal/hw/firmware/src/tt-1xx/trisc.cc,
0,3,7,TRISC_1,60173,15504819416334,0,0,,,TRISC-KERNEL,ZONE_START,86,/home/nx09/nx09/nebriscv/tt-metal-0.74/tt-metal/tt_metal/hw/firmware/src/tt-1xx/trisck.cc,
0,3,7,TRISC_1,60173,15504819495666,0,0,,,TRISC-KERNEL,ZONE_END,86,/home/nx09/nx09/nebriscv/tt-metal-0.74/tt-metal/tt_metal/hw/firmware/src/tt-1xx/trisck.cc,
0,3,7,TRISC_1,30839,15504819503602,0,0,,,TRISC-FW,ZONE_END,150,/home/nx09/nx09/nebriscv/tt-metal-0.74/tt-metal/tt_metal/hw/firmware/src/tt-1xx/trisc.cc,
0,3,7,TRISC_2,30839,15504819416146,0,0,,,TRISC-FW,ZONE_START,150,/home/nx09/nx09/nebriscv/tt-metal-0.74/tt-metal/tt_metal/hw/firmware/src/tt-1xx/trisc.cc,
0,3,7,TRISC_2,60173,15504819416583,0,0,,,TRISC-KERNEL,ZONE_START,86,/home/nx09/nx09/nebriscv/tt-metal-0.74/tt-metal/tt_metal/hw/firmware/src/tt-1xx/trisck.cc,
0,3,7,TRISC_2,60173,15504819483863,0,0,,,TRISC-KERNEL,ZONE_END,86,/home/nx09/nx09/nebriscv/tt-metal-0.74/tt-metal/tt_metal/hw/firmware/src/tt-1xx/trisck.cc,
0,3,7,TRISC_2,30839,15504819503655,0,0,,,TRISC-FW,ZONE_END,150,/home/nx09/nx09/nebriscv/tt-metal-0.74/tt-metal/tt_metal/hw/firmware/src/tt-1xx/trisc.cc,
0,3,8,BRISC,51381,15504819444118,0,0,,,BRISC-FW,ZONE_START,433,/home/nx09/nx09/nebriscv/tt-metal-0.74/tt-metal/tt_metal/hw/firmware/src/tt-1xx/brisc.cc,
0,3,8,BRISC,31418,15504819444894,0,0,,,BRISC-KERNEL,ZONE_START,77,/home/nx09/nx09/nebriscv/tt-metal-0.74/tt-metal/tt_metal/hw/firmware/src/tt-1xx/brisck.cc,
0,3,8,BRISC,31418,15504819536275,0,0,,,BRISC-KERNEL,ZONE_END,77,/home/nx09/nx09/nebriscv/tt-metal-0.74/tt-metal/tt_metal/hw/firmware/src/tt-1xx/brisck.cc,
0,3,8,BRISC,51381,15504819536367,0,0,,,BRISC-FW,ZONE_END,433,/home/nx09/nx09/nebriscv/tt-metal-0.74/tt-metal/tt_metal/hw/firmware/src/tt-1xx/brisc.cc,
0,3,8,NCRISC,49034,15504819444273,0,0,,,NCRISC-FW,ZONE_START,129,/home/nx09/nx09/nebriscv/tt-metal-0.74/tt-metal/tt_metal/hw/firmware/src/tt-1xx/ncrisc.cc,
0,3,8,NCRISC,13096,15504819444759,0,0,,,NCRISC-KERNEL,ZONE_START,69,/home/nx09/nx09/nebriscv/tt-metal-0.74/tt-metal/tt_metal/hw/firmware/src/tt-1xx/ncrisck.cc,
0,3,8,NCRISC,13096,15504819535678,0,0,,,NCRISC-KERNEL,ZONE_END,69,/home/nx09/nx09/nebriscv/tt-metal-0.74/tt-metal/tt_metal/hw/firmware/src/tt-1xx/ncrisck.cc,
0,3,8,NCRISC,49034,15504819535707,0,0,,,NCRISC-FW,ZONE_END,129,/home/nx09/nx09/nebriscv/tt-metal-0.74/tt-metal/tt_metal/hw/firmware/src/tt-1xx/ncrisc.cc,
0,3,8,TRISC_0,30839,15504819444364,0,0,,,TRISC-FW,ZONE_START,150,/home/nx09/nx09/nebriscv/tt-metal-0.74/tt-metal/tt_metal/hw/firmware/src/tt-1xx/trisc.cc,
0,3,8,TRISC_0,60173,15504819444786,0,0,,,TRISC-KERNEL,ZONE_START,86,/home/nx09/nx09/nebriscv/tt-metal-0.74/tt-metal/tt_metal/hw/firmware/src/tt-1xx/trisck.cc,
0,3,8,TRISC_0,60173,15504819535740,0,0,,,TRISC-KERNEL,ZONE_END,86,/home/nx09/nx09/nebriscv/tt-metal-0.74/tt-metal/tt_metal/hw/firmware/src/tt-1xx/trisck.cc,
0,3,8,TRISC_0,30839,15504819535777,0,0,,,TRISC-FW,ZONE_END,150,/home/nx09/nx09/nebriscv/tt-metal-0.74/tt-metal/tt_metal/hw/firmware/src/tt-1xx/trisc.cc,
0,3,8,TRISC_1,30839,15504819444386,0,0,,,TRISC-FW,ZONE_START,150,/home/nx09/nx09/nebriscv/tt-metal-0.74/tt-metal/tt_metal/hw/firmware/src/tt-1xx/trisc.cc,
0,3,8,TRISC_1,60173,15504819444571,0,0,,,TRISC-KERNEL,ZONE_START,86,/home/nx09/nx09/nebriscv/tt-metal-0.74/tt-metal/tt_metal/hw/firmware/src/tt-1xx/trisck.cc,
0,3,8,TRISC_1,60173,15504819526544,0,0,,,TRISC-KERNEL,ZONE_END,86,/home/nx09/nx09/nebriscv/tt-metal-0.74/tt-metal/tt_metal/hw/firmware/src/tt-1xx/trisck.cc,
0,3,8,TRISC_1,30839,15504819535785,0,0,,,TRISC-FW,ZONE_END,150,/home/nx09/nx09/nebriscv/tt-metal-0.74/tt-metal/tt_metal/hw/firmware/src/tt-1xx/trisc.cc,
0,3,8,TRISC_2,30839,15504819444378,0,0,,,TRISC-FW,ZONE_START,150,/home/nx09/nx09/nebriscv/tt-metal-0.74/tt-metal/tt_metal/hw/firmware/src/tt-1xx/trisc.cc,
0,3,8,TRISC_2,60173,15504819444804,0,0,,,TRISC-KERNEL,ZONE_START,86,/home/nx09/nx09/nebriscv/tt-metal-0.74/tt-metal/tt_metal/hw/firmware/src/tt-1xx/trisck.cc,
0,3,8,TRISC_2,60173,15504819513146,0,0,,,TRISC-KERNEL,ZONE_END,86,/home/nx09/nx09/nebriscv/tt-metal-0.74/tt-metal/tt_metal/hw/firmware/src/tt-1xx/trisck.cc,
0,3,8,TRISC_2,30839,15504819535833,0,0,,,TRISC-FW,ZONE_END,150,/home/nx09/nx09/nebriscv/tt-metal-0.74/tt-metal/tt_metal/hw/firmware/src/tt-1xx/trisc.cc,
0,3,9,BRISC,51381,15504819472511,0,0,,,BRISC-FW,ZONE_START,433,/home/nx09/nx09/nebriscv/tt-metal-0.74/tt-metal/tt_metal/hw/firmware/src/tt-1xx/brisc.cc,
0,3,9,BRISC,31418,15504819473289,0,0,,,BRISC-KERNEL,ZONE_START,77,/home/nx09/nx09/nebriscv/tt-metal-0.74/tt-metal/tt_metal/hw/firmware/src/tt-1xx/brisck.cc,
0,3,9,BRISC,31418,15504819563930,0,0,,,BRISC-KERNEL,ZONE_END,77,/home/nx09/nx09/nebriscv/tt-metal-0.74/tt-metal/tt_metal/hw/firmware/src/tt-1xx/brisck.cc,
0,3,9,BRISC,51381,15504819564021,0,0,,,BRISC-FW,ZONE_END,433,/home/nx09/nx09/nebriscv/tt-metal-0.74/tt-metal/tt_metal/hw/firmware/src/tt-1xx/brisc.cc,
0,3,9,NCRISC,49034,15504819472664,0,0,,,NCRISC-FW,ZONE_START,129,/home/nx09/nx09/nebriscv/tt-metal-0.74/tt-metal/tt_metal/hw/firmware/src/tt-1xx/ncrisc.cc,
0,3,9,NCRISC,13096,15504819473149,0,0,,,NCRISC-KERNEL,ZONE_START,69,/home/nx09/nx09/nebriscv/tt-metal-0.74/tt-metal/tt_metal/hw/firmware/src/tt-1xx/ncrisck.cc,
0,3,9,NCRISC,13096,15504819563328,0,0,,,NCRISC-KERNEL,ZONE_END,69,/home/nx09/nx09/nebriscv/tt-metal-0.74/tt-metal/tt_metal/hw/firmware/src/tt-1xx/ncrisck.cc,
0,3,9,NCRISC,49034,15504819563356,0,0,,,NCRISC-FW,ZONE_END,129,/home/nx09/nx09/nebriscv/tt-metal-0.74/tt-metal/tt_metal/hw/firmware/src/tt-1xx/ncrisc.cc,
0,3,9,TRISC_0,30839,15504819472772,0,0,,,TRISC-FW,ZONE_START,150,/home/nx09/nx09/nebriscv/tt-metal-0.74/tt-metal/tt_metal/hw/firmware/src/tt-1xx/trisc.cc,
0,3,9,TRISC_0,60173,15504819473183,0,0,,,TRISC-KERNEL,ZONE_START,86,/home/nx09/nx09/nebriscv/tt-metal-0.74/tt-metal/tt_metal/hw/firmware/src/tt-1xx/trisck.cc,
0,3,9,TRISC_0,60173,15504819563395,0,0,,,TRISC-KERNEL,ZONE_END,86,/home/nx09/nx09/nebriscv/tt-metal-0.74/tt-metal/tt_metal/hw/firmware/src/tt-1xx/trisck.cc,
0,3,9,TRISC_0,30839,15504819563431,0,0,,,TRISC-FW,ZONE_END,150,/home/nx09/nx09/nebriscv/tt-metal-0.74/tt-metal/tt_metal/hw/firmware/src/tt-1xx/trisc.cc,
0,3,9,TRISC_1,30839,15504819472785,0,0,,,TRISC-FW,ZONE_START,150,/home/nx09/nx09/nebriscv/tt-metal-0.74/tt-metal/tt_metal/hw/firmware/src/tt-1xx/trisc.cc,
0,3,9,TRISC_1,60173,15504819472970,0,0,,,TRISC-KERNEL,ZONE_START,86,/home/nx09/nx09/nebriscv/tt-metal-0.74/tt-metal/tt_metal/hw/firmware/src/tt-1xx/trisck.cc,
0,3,9,TRISC_1,60173,15504819554469,0,0,,,TRISC-KERNEL,ZONE_END,86,/home/nx09/nx09/nebriscv/tt-metal-0.74/tt-metal/tt_metal/hw/firmware/src/tt-1xx/trisck.cc,
0,3,9,TRISC_1,30839,15504819563440,0,0,,,TRISC-FW,ZONE_END,150,/home/nx09/nx09/nebriscv/tt-metal-0.74/tt-metal/tt_metal/hw/firmware/src/tt-1xx/trisc.cc,
0,3,9,TRISC_2,30839,15504819472778,0,0,,,TRISC-FW,ZONE_START,150,/home/nx09/nx09/nebriscv/tt-metal-0.74/tt-metal/tt_metal/hw/firmware/src/tt-1xx/trisc.cc,
0,3,9,TRISC_2,60173,15504819473203,0,0,,,TRISC-KERNEL,ZONE_START,86,/home/nx09/nx09/nebriscv/tt-metal-0.74/tt-metal/tt_metal/hw/firmware/src/tt-1xx/trisck.cc,
0,3,9,TRISC_2,60173,15504819541127,0,0,,,TRISC-KERNEL,ZONE_END,86,/home/nx09/nx09/nebriscv/tt-metal-0.74/tt-metal/tt_metal/hw/firmware/src/tt-1xx/trisck.cc,
0,3,9,TRISC_2,30839,15504819563493,0,0,,,TRISC-FW,ZONE_END,150,/home/nx09/nx09/nebriscv/tt-metal-0.74/tt-metal/tt_metal/hw/firmware/src/tt-1xx/trisc.cc,
0,3,10,BRISC,51381,15504819501686,0,0,,,BRISC-FW,ZONE_START,433,/home/nx09/nx09/nebriscv/tt-metal-0.74/tt-metal/tt_metal/hw/firmware/src/tt-1xx/brisc.cc,
0,3,10,BRISC,31418,15504819502468,0,0,,,BRISC-KERNEL,ZONE_START,77,/home/nx09/nx09/nebriscv/tt-metal-0.74/tt-metal/tt_metal/hw/firmware/src/tt-1xx/brisck.cc,
0,3,10,BRISC,31418,15504819589200,0,0,,,BRISC-KERNEL,ZONE_END,77,/home/nx09/nx09/nebriscv/tt-metal-0.74/tt-metal/tt_metal/hw/firmware/src/tt-1xx/brisck.cc,
0,3,10,BRISC,51381,15504819589291,0,0,,,BRISC-FW,ZONE_END,433,/home/nx09/nx09/nebriscv/tt-metal-0.74/tt-metal/tt_metal/hw/firmware/src/tt-1xx/brisc.cc,
0,3,10,NCRISC,49034,15504819501838,0,0,,,NCRISC-FW,ZONE_START,129,/home/nx09/nx09/nebriscv/tt-metal-0.74/tt-metal/tt_metal/hw/firmware/src/tt-1xx/ncrisc.cc,
0,3,10,NCRISC,13096,15504819502336,0,0,,,NCRISC-KERNEL,ZONE_START,69,/home/nx09/nx09/nebriscv/tt-metal-0.74/tt-metal/tt_metal/hw/firmware/src/tt-1xx/ncrisck.cc,
0,3,10,NCRISC,13096,15504819588598,0,0,,,NCRISC-KERNEL,ZONE_END,69,/home/nx09/nx09/nebriscv/tt-metal-0.74/tt-metal/tt_metal/hw/firmware/src/tt-1xx/ncrisck.cc,
0,3,10,NCRISC,49034,15504819588626,0,0,,,NCRISC-FW,ZONE_END,129,/home/nx09/nx09/nebriscv/tt-metal-0.74/tt-metal/tt_metal/hw/firmware/src/tt-1xx/ncrisc.cc,
0,3,10,TRISC_0,30839,15504819501959,0,0,,,TRISC-FW,ZONE_START,150,/home/nx09/nx09/nebriscv/tt-metal-0.74/tt-metal/tt_metal/hw/firmware/src/tt-1xx/trisc.cc,
0,3,10,TRISC_0,60173,15504819502372,0,0,,,TRISC-KERNEL,ZONE_START,86,/home/nx09/nx09/nebriscv/tt-metal-0.74/tt-metal/tt_metal/hw/firmware/src/tt-1xx/trisck.cc,
0,3,10,TRISC_0,60173,15504819588665,0,0,,,TRISC-KERNEL,ZONE_END,86,/home/nx09/nx09/nebriscv/tt-metal-0.74/tt-metal/tt_metal/hw/firmware/src/tt-1xx/trisck.cc,
0,3,10,TRISC_0,30839,15504819588701,0,0,,,TRISC-FW,ZONE_END,150,/home/nx09/nx09/nebriscv/tt-metal-0.74/tt-metal/tt_metal/hw/firmware/src/tt-1xx/trisc.cc,
0,3,10,TRISC_1,30839,15504819501951,0,0,,,TRISC-FW,ZONE_START,150,/home/nx09/nx09/nebriscv/tt-metal-0.74/tt-metal/tt_metal/hw/firmware/src/tt-1xx/trisc.cc,
0,3,10,TRISC_1,60173,15504819502128,0,0,,,TRISC-KERNEL,ZONE_START,86,/home/nx09/nx09/nebriscv/tt-metal-0.74/tt-metal/tt_metal/hw/firmware/src/tt-1xx/trisck.cc,
0,3,10,TRISC_1,60173,15504819580027,0,0,,,TRISC-KERNEL,ZONE_END,86,/home/nx09/nx09/nebriscv/tt-metal-0.74/tt-metal/tt_metal/hw/firmware/src/tt-1xx/trisck.cc,
0,3,10,TRISC_1,30839,15504819588710,0,0,,,TRISC-FW,ZONE_END,150,/home/nx09/nx09/nebriscv/tt-metal-0.74/tt-metal/tt_metal/hw/firmware/src/tt-1xx/trisc.cc,
0,3,10,TRISC_2,30839,15504819501960,0,0,,,TRISC-FW,ZONE_START,150,/home/nx09/nx09/nebriscv/tt-metal-0.74/tt-metal/tt_metal/hw/firmware/src/tt-1xx/trisc.cc,
0,3,10,TRISC_2,60173,15504819502388,0,0,,,TRISC-KERNEL,ZONE_START,86,/home/nx09/nx09/nebriscv/tt-metal-0.74/tt-metal/tt_metal/hw/firmware/src/tt-1xx/trisck.cc,
0,3,10,TRISC_2,60173,15504819566727,0,0,,,TRISC-KERNEL,ZONE_END,86,/home/nx09/nx09/nebriscv/tt-metal-0.74/tt-metal/tt_metal/hw/firmware/src/tt-1xx/trisck.cc,
0,3,10,TRISC_2,30839,15504819588763,0,0,,,TRISC-FW,ZONE_END,150,/home/nx09/nx09/nebriscv/tt-metal-0.74/tt-metal/tt_metal/hw/firmware/src/tt-1xx/trisc.cc,
0,3,11,BRISC,51381,15504819532748,0,0,,,BRISC-FW,ZONE_START,433,/home/nx09/nx09/nebriscv/tt-metal-0.74/tt-metal/tt_metal/hw/firmware/src/tt-1xx/brisc.cc,
0,3,11,BRISC,31418,15504819533528,0,0,,,BRISC-KERNEL,ZONE_START,77,/home/nx09/nx09/nebriscv/tt-metal-0.74/tt-metal/tt_metal/hw/firmware/src/tt-1xx/brisck.cc,
0,3,11,BRISC,31418,15504819625980,0,0,,,BRISC-KERNEL,ZONE_END,77,/home/nx09/nx09/nebriscv/tt-metal-0.74/tt-metal/tt_metal/hw/firmware/src/tt-1xx/brisck.cc,
0,3,11,BRISC,51381,15504819626071,0,0,,,BRISC-FW,ZONE_END,433,/home/nx09/nx09/nebriscv/tt-metal-0.74/tt-metal/tt_metal/hw/firmware/src/tt-1xx/brisc.cc,
0,3,11,NCRISC,49034,15504819532903,0,0,,,NCRISC-FW,ZONE_START,129,/home/nx09/nx09/nebriscv/tt-metal-0.74/tt-metal/tt_metal/hw/firmware/src/tt-1xx/ncrisc.cc,
0,3,11,NCRISC,13096,15504819533401,0,0,,,NCRISC-KERNEL,ZONE_START,69,/home/nx09/nx09/nebriscv/tt-metal-0.74/tt-metal/tt_metal/hw/firmware/src/tt-1xx/ncrisck.cc,
0,3,11,NCRISC,13096,15504819625378,0,0,,,NCRISC-KERNEL,ZONE_END,69,/home/nx09/nx09/nebriscv/tt-metal-0.74/tt-metal/tt_metal/hw/firmware/src/tt-1xx/ncrisck.cc,
0,3,11,NCRISC,49034,15504819625406,0,0,,,NCRISC-FW,ZONE_END,129,/home/nx09/nx09/nebriscv/tt-metal-0.74/tt-metal/tt_metal/hw/firmware/src/tt-1xx/ncrisc.cc,
0,3,11,TRISC_0,30839,15504819532994,0,0,,,TRISC-FW,ZONE_START,150,/home/nx09/nx09/nebriscv/tt-metal-0.74/tt-metal/tt_metal/hw/firmware/src/tt-1xx/trisc.cc,
0,3,11,TRISC_0,60173,15504819533415,0,0,,,TRISC-KERNEL,ZONE_START,86,/home/nx09/nx09/nebriscv/tt-metal-0.74/tt-metal/tt_metal/hw/firmware/src/tt-1xx/trisck.cc,
0,3,11,TRISC_0,60173,15504819625445,0,0,,,TRISC-KERNEL,ZONE_END,86,/home/nx09/nx09/nebriscv/tt-metal-0.74/tt-metal/tt_metal/hw/firmware/src/tt-1xx/trisck.cc,
0,3,11,TRISC_0,30839,15504819625481,0,0,,,TRISC-FW,ZONE_END,150,/home/nx09/nx09/nebriscv/tt-metal-0.74/tt-metal/tt_metal/hw/firmware/src/tt-1xx/trisc.cc,
0,3,11,TRISC_1,30839,15504819533008,0,0,,,TRISC-FW,ZONE_START,150,/home/nx09/nx09/nebriscv/tt-metal-0.74/tt-metal/tt_metal/hw/firmware/src/tt-1xx/trisc.cc,
0,3,11,TRISC_1,60173,15504819533196,0,0,,,TRISC-KERNEL,ZONE_START,86,/home/nx09/nx09/nebriscv/tt-metal-0.74/tt-metal/tt_metal/hw/firmware/src/tt-1xx/trisck.cc,
0,3,11,TRISC_1,60173,15504819616186,0,0,,,TRISC-KERNEL,ZONE_END,86,/home/nx09/nx09/nebriscv/tt-metal-0.74/tt-metal/tt_metal/hw/firmware/src/tt-1xx/trisck.cc,
0,3,11,TRISC_1,30839,15504819625490,0,0,,,TRISC-FW,ZONE_END,150,/home/nx09/nx09/nebriscv/tt-metal-0.74/tt-metal/tt_metal/hw/firmware/src/tt-1xx/trisc.cc,
0,3,11,TRISC_2,30839,15504819533017,0,0,,,TRISC-FW,ZONE_START,150,/home/nx09/nx09/nebriscv/tt-metal-0.74/tt-metal/tt_metal/hw/firmware/src/tt-1xx/trisc.cc,
0,3,11,TRISC_2,60173,15504819533446,0,0,,,TRISC-KERNEL,ZONE_START,86,/home/nx09/nx09/nebriscv/tt-metal-0.74/tt-metal/tt_metal/hw/firmware/src/tt-1xx/trisck.cc,
0,3,11,TRISC_2,60173,15504819602511,0,0,,,TRISC-KERNEL,ZONE_END,86,/home/nx09/nx09/nebriscv/tt-metal-0.74/tt-metal/tt_metal/hw/firmware/src/tt-1xx/trisck.cc,
0,3,11,TRISC_2,30839,15504819625543,0,0,,,TRISC-FW,ZONE_END,150,/home/nx09/nx09/nebriscv/tt-metal-0.74/tt-metal/tt_metal/hw/firmware/src/tt-1xx/trisc.cc,
0,4,2,BRISC,51381,15504819562147,0,0,,,BRISC-FW,ZONE_START,433,/home/nx09/nx09/nebriscv/tt-metal-0.74/tt-metal/tt_metal/hw/firmware/src/tt-1xx/brisc.cc,
0,4,2,BRISC,31418,15504819562927,0,0,,,BRISC-KERNEL,ZONE_START,77,/home/nx09/nx09/nebriscv/tt-metal-0.74/tt-metal/tt_metal/hw/firmware/src/tt-1xx/brisck.cc,
0,4,2,BRISC,31418,15504819654682,0,0,,,BRISC-KERNEL,ZONE_END,77,/home/nx09/nx09/nebriscv/tt-metal-0.74/tt-metal/tt_metal/hw/firmware/src/tt-1xx/brisck.cc,
0,4,2,BRISC,51381,15504819654773,0,0,,,BRISC-FW,ZONE_END,433,/home/nx09/nx09/nebriscv/tt-metal-0.74/tt-metal/tt_metal/hw/firmware/src/tt-1xx/brisc.cc,
0,4,2,NCRISC,49034,15504819562302,0,0,,,NCRISC-FW,ZONE_START,129,/home/nx09/nx09/nebriscv/tt-metal-0.74/tt-metal/tt_metal/hw/firmware/src/tt-1xx/ncrisc.cc,
0,4,2,NCRISC,13096,15504819562800,0,0,,,NCRISC-KERNEL,ZONE_START,69,/home/nx09/nx09/nebriscv/tt-metal-0.74/tt-metal/tt_metal/hw/firmware/src/tt-1xx/ncrisck.cc,
0,4,2,NCRISC,13096,15504819654080,0,0,,,NCRISC-KERNEL,ZONE_END,69,/home/nx09/nx09/nebriscv/tt-metal-0.74/tt-metal/tt_metal/hw/firmware/src/tt-1xx/ncrisck.cc,
0,4,2,NCRISC,49034,15504819654108,0,0,,,NCRISC-FW,ZONE_END,129,/home/nx09/nx09/nebriscv/tt-metal-0.74/tt-metal/tt_metal/hw/firmware/src/tt-1xx/ncrisc.cc,
0,4,2,TRISC_0,30839,15504819562393,0,0,,,TRISC-FW,ZONE_START,150,/home/nx09/nx09/nebriscv/tt-metal-0.74/tt-metal/tt_metal/hw/firmware/src/tt-1xx/trisc.cc,
0,4,2,TRISC_0,60173,15504819562814,0,0,,,TRISC-KERNEL,ZONE_START,86,/home/nx09/nx09/nebriscv/tt-metal-0.74/tt-metal/tt_metal/hw/firmware/src/tt-1xx/trisck.cc,
0,4,2,TRISC_0,60173,15504819654147,0,0,,,TRISC-KERNEL,ZONE_END,86,/home/nx09/nx09/nebriscv/tt-metal-0.74/tt-metal/tt_metal/hw/firmware/src/tt-1xx/trisck.cc,
0,4,2,TRISC_0,30839,15504819654183,0,0,,,TRISC-FW,ZONE_END,150,/home/nx09/nx09/nebriscv/tt-metal-0.74/tt-metal/tt_metal/hw/firmware/src/tt-1xx/trisc.cc,
0,4,2,TRISC_1,30839,15504819562407,0,0,,,TRISC-FW,ZONE_START,150,/home/nx09/nx09/nebriscv/tt-metal-0.74/tt-metal/tt_metal/hw/firmware/src/tt-1xx/trisc.cc,
0,4,2,TRISC_1,60173,15504819562595,0,0,,,TRISC-KERNEL,ZONE_START,86,/home/nx09/nx09/nebriscv/tt-metal-0.74/tt-metal/tt_metal/hw/firmware/src/tt-1xx/trisck.cc,
0,4,2,TRISC_1,60173,15504819645230,0,0,,,TRISC-KERNEL,ZONE_END,86,/home/nx09/nx09/nebriscv/tt-metal-0.74/tt-metal/tt_metal/hw/firmware/src/tt-1xx/trisck.cc,
0,4,2,TRISC_1,30839,15504819654192,0,0,,,TRISC-FW,ZONE_END,150,/home/nx09/nx09/nebriscv/tt-metal-0.74/tt-metal/tt_metal/hw/firmware/src/tt-1xx/trisc.cc,
0,4,2,TRISC_2,30839,15504819562416,0,0,,,TRISC-FW,ZONE_START,150,/home/nx09/nx09/nebriscv/tt-metal-0.74/tt-metal/tt_metal/hw/firmware/src/tt-1xx/trisc.cc,
0,4,2,TRISC_2,60173,15504819562845,0,0,,,TRISC-KERNEL,ZONE_START,86,/home/nx09/nx09/nebriscv/tt-metal-0.74/tt-metal/tt_metal/hw/firmware/src/tt-1xx/trisck.cc,
0,4,2,TRISC_2,60173,15504819631816,0,0,,,TRISC-KERNEL,ZONE_END,86,/home/nx09/nx09/nebriscv/tt-metal-0.74/tt-metal/tt_metal/hw/firmware/src/tt-1xx/trisck.cc,
0,4,2,TRISC_2,30839,15504819654245,0,0,,,TRISC-FW,ZONE_END,150,/home/nx09/nx09/nebriscv/tt-metal-0.74/tt-metal/tt_metal/hw/firmware/src/tt-1xx/trisc.cc,
0,4,3,BRISC,51381,15504819591202,0,0,,,BRISC-FW,ZONE_START,433,/home/nx09/nx09/nebriscv/tt-metal-0.74/tt-metal/tt_metal/hw/firmware/src/tt-1xx/brisc.cc,
0,4,3,BRISC,31418,15504819591962,0,0,,,BRISC-KERNEL,ZONE_START,77,/home/nx09/nx09/nebriscv/tt-metal-0.74/tt-metal/tt_metal/hw/firmware/src/tt-1xx/brisck.cc,
0,4,3,BRISC,31418,15504819683450,0,0,,,BRISC-KERNEL,ZONE_END,77,/home/nx09/nx09/nebriscv/tt-metal-0.74/tt-metal/tt_metal/hw/firmware/src/tt-1xx/brisck.cc,
0,4,3,BRISC,51381,15504819683541,0,0,,,BRISC-FW,ZONE_END,433,/home/nx09/nx09/nebriscv/tt-metal-0.74/tt-metal/tt_metal/hw/firmware/src/tt-1xx/brisc.cc,
0,4,3,NCRISC,49034,15504819591354,0,0,,,NCRISC-FW,ZONE_START,129,/home/nx09/nx09/nebriscv/tt-metal-0.74/tt-metal/tt_metal/hw/firmware/src/tt-1xx/ncrisc.cc,
0,4,3,NCRISC,13096,15504819591844,0,0,,,NCRISC-KERNEL,ZONE_START,69,/home/nx09/nx09/nebriscv/tt-metal-0.74/tt-metal/tt_metal/hw/firmware/src/tt-1xx/ncrisck.cc,
0,4,3,NCRISC,13096,15504819682848,0,0,,,NCRISC-KERNEL,ZONE_END,69,/home/nx09/nx09/nebriscv/tt-metal-0.74/tt-metal/tt_metal/hw/firmware/src/tt-1xx/ncrisck.cc,
0,4,3,NCRISC,49034,15504819682876,0,0,,,NCRISC-FW,ZONE_END,129,/home/nx09/nx09/nebriscv/tt-metal-0.74/tt-metal/tt_metal/hw/firmware/src/tt-1xx/ncrisc.cc,
0,4,3,TRISC_0,30839,15504819591450,0,0,,,TRISC-FW,ZONE_START,150,/home/nx09/nx09/nebriscv/tt-metal-0.74/tt-metal/tt_metal/hw/firmware/src/tt-1xx/trisc.cc,
0,4,3,TRISC_0,60173,15504819591859,0,0,,,TRISC-KERNEL,ZONE_START,86,/home/nx09/nx09/nebriscv/tt-metal-0.74/tt-metal/tt_metal/hw/firmware/src/tt-1xx/trisck.cc,
0,4,3,TRISC_0,60173,15504819682915,0,0,,,TRISC-KERNEL,ZONE_END,86,/home/nx09/nx09/nebriscv/tt-metal-0.74/tt-metal/tt_metal/hw/firmware/src/tt-1xx/trisck.cc,
0,4,3,TRISC_0,30839,15504819682951,0,0,,,TRISC-FW,ZONE_END,150,/home/nx09/nx09/nebriscv/tt-metal-0.74/tt-metal/tt_metal/hw/firmware/src/tt-1xx/trisc.cc,
0,4,3,TRISC_1,30839,15504819591462,0,0,,,TRISC-FW,ZONE_START,150,/home/nx09/nx09/nebriscv/tt-metal-0.74/tt-metal/tt_metal/hw/firmware/src/tt-1xx/trisc.cc,
0,4,3,TRISC_1,60173,15504819591658,0,0,,,TRISC-KERNEL,ZONE_START,86,/home/nx09/nx09/nebriscv/tt-metal-0.74/tt-metal/tt_metal/hw/firmware/src/tt-1xx/trisck.cc,
0,4,3,TRISC_1,60173,15504819673827,0,0,,,TRISC-KERNEL,ZONE_END,86,/home/nx09/nx09/nebriscv/tt-metal-0.74/tt-metal/tt_metal/hw/firmware/src/tt-1xx/trisck.cc,
0,4,3,TRISC_1,30839,15504819682960,0,0,,,TRISC-FW,ZONE_END,150,/home/nx09/nx09/nebriscv/tt-metal-0.74/tt-metal/tt_metal/hw/firmware/src/tt-1xx/trisc.cc,
0,4,3,TRISC_2,30839,15504819591470,0,0,,,TRISC-FW,ZONE_START,150,/home/nx09/nx09/nebriscv/tt-metal-0.74/tt-metal/tt_metal/hw/firmware/src/tt-1xx/trisc.cc,
0,4,3,TRISC_2,60173,15504819591907,0,0,,,TRISC-KERNEL,ZONE_START,86,/home/nx09/nx09/nebriscv/tt-metal-0.74/tt-metal/tt_metal/hw/firmware/src/tt-1xx/trisck.cc,
0,4,3,TRISC_2,60173,15504819660428,0,0,,,TRISC-KERNEL,ZONE_END,86,/home/nx09/nx09/nebriscv/tt-metal-0.74/tt-metal/tt_metal/hw/firmware/src/tt-1xx/trisck.cc,
0,4,3,TRISC_2,30839,15504819683013,0,0,,,TRISC-FW,ZONE_END,150,/home/nx09/nx09/nebriscv/tt-metal-0.74/tt-metal/tt_metal/hw/firmware/src/tt-1xx/trisc.cc,
0,4,4,BRISC,51381,15504819620253,0,0,,,BRISC-FW,ZONE_START,433,/home/nx09/nx09/nebriscv/tt-metal-0.74/tt-metal/tt_metal/hw/firmware/src/tt-1xx/brisc.cc,
0,4,4,BRISC,31418,15504819621049,0,0,,,BRISC-KERNEL,ZONE_START,77,/home/nx09/nx09/nebriscv/tt-metal-0.74/tt-metal/tt_metal/hw/firmware/src/tt-1xx/brisck.cc,
0,4,4,BRISC,31418,15504819707951,0,0,,,BRISC-KERNEL,ZONE_END,77,/home/nx09/nx09/nebriscv/tt-metal-0.74/tt-metal/tt_metal/hw/firmware/src/tt-1xx/brisck.cc,
0,4,4,BRISC,51381,15504819708051,0,0,,,BRISC-FW,ZONE_END,433,/home/nx09/nx09/nebriscv/tt-metal-0.74/tt-metal/tt_metal/hw/firmware/src/tt-1xx/brisc.cc,
0,4,4,NCRISC,49034,15504819620414,0,0,,,NCRISC-FW,ZONE_START,129,/home/nx09/nx09/nebriscv/tt-metal-0.74/tt-metal/tt_metal/hw/firmware/src/tt-1xx/ncrisc.cc,
0,4,4,NCRISC,13096,15504819620900,0,0,,,NCRISC-KERNEL,ZONE_START,69,/home/nx09/nx09/nebriscv/tt-metal-0.74/tt-metal/tt_metal/hw/firmware/src/tt-1xx/ncrisck.cc,
0,4,4,NCRISC,13096,15504819707356,0,0,,,NCRISC-KERNEL,ZONE_END,69,/home/nx09/nx09/nebriscv/tt-metal-0.74/tt-metal/tt_metal/hw/firmware/src/tt-1xx/ncrisck.cc,
0,4,4,NCRISC,49034,15504819707384,0,0,,,NCRISC-FW,ZONE_END,129,/home/nx09/nx09/nebriscv/tt-metal-0.74/tt-metal/tt_metal/hw/firmware/src/tt-1xx/ncrisc.cc,
0,4,4,TRISC_0,30839,15504819620514,0,0,,,TRISC-FW,ZONE_START,150,/home/nx09/nx09/nebriscv/tt-metal-0.74/tt-metal/tt_metal/hw/firmware/src/tt-1xx/trisc.cc,
0,4,4,TRISC_0,60173,15504819620921,0,0,,,TRISC-KERNEL,ZONE_START,86,/home/nx09/nx09/nebriscv/tt-metal-0.74/tt-metal/tt_metal/hw/firmware/src/tt-1xx/trisck.cc,
0,4,4,TRISC_0,60173,15504819707423,0,0,,,TRISC-KERNEL,ZONE_END,86,/home/nx09/nx09/nebriscv/tt-metal-0.74/tt-metal/tt_metal/hw/firmware/src/tt-1xx/trisck.cc,
0,4,4,TRISC_0,30839,15504819707462,0,0,,,TRISC-FW,ZONE_END,150,/home/nx09/nx09/nebriscv/tt-metal-0.74/tt-metal/tt_metal/hw/firmware/src/tt-1xx/trisc.cc,
0,4,4,TRISC_1,30839,15504819620524,0,0,,,TRISC-FW,ZONE_START,150,/home/nx09/nx09/nebriscv/tt-metal-0.74/tt-metal/tt_metal/hw/firmware/src/tt-1xx/trisc.cc,
0,4,4,TRISC_1,60173,15504819620714,0,0,,,TRISC-KERNEL,ZONE_START,86,/home/nx09/nx09/nebriscv/tt-metal-0.74/tt-metal/tt_metal/hw/firmware/src/tt-1xx/trisck.cc,
0,4,4,TRISC_1,60173,15504819698614,0,0,,,TRISC-KERNEL,ZONE_END,86,/home/nx09/nx09/nebriscv/tt-metal-0.74/tt-metal/tt_metal/hw/firmware/src/tt-1xx/trisck.cc,
0,4,4,TRISC_1,30839,15504819707464,0,0,,,TRISC-FW,ZONE_END,150,/home/nx09/nx09/nebriscv/tt-metal-0.74/tt-metal/tt_metal/hw/firmware/src/tt-1xx/trisc.cc,
0,4,4,TRISC_2,30839,15504819620523,0,0,,,TRISC-FW,ZONE_START,150,/home/nx09/nx09/nebriscv/tt-metal-0.74/tt-metal/tt_metal/hw/firmware/src/tt-1xx/trisc.cc,
0,4,4,TRISC_2,60173,15504819620959,0,0,,,TRISC-KERNEL,ZONE_START,86,/home/nx09/nx09/nebriscv/tt-metal-0.74/tt-metal/tt_metal/hw/firmware/src/tt-1xx/trisck.cc,
0,4,4,TRISC_2,60173,15504819685359,0,0,,,TRISC-KERNEL,ZONE_END,86,/home/nx09/nx09/nebriscv/tt-metal-0.74/tt-metal/tt_metal/hw/firmware/src/tt-1xx/trisck.cc,
0,4,4,TRISC_2,30839,15504819707515,0,0,,,TRISC-FW,ZONE_END,150,/home/nx09/nx09/nebriscv/tt-metal-0.74/tt-metal/tt_metal/hw/firmware/src/tt-1xx/trisc.cc,
0,4,5,BRISC,51381,15504819649224,0,0,,,BRISC-FW,ZONE_START,433,/home/nx09/nx09/nebriscv/tt-metal-0.74/tt-metal/tt_metal/hw/firmware/src/tt-1xx/brisc.cc,
0,4,5,BRISC,31418,15504819650000,0,0,,,BRISC-KERNEL,ZONE_START,77,/home/nx09/nx09/nebriscv/tt-metal-0.74/tt-metal/tt_metal/hw/firmware/src/tt-1xx/brisck.cc,
0,4,5,BRISC,31418,15504819741301,0,0,,,BRISC-KERNEL,ZONE_END,77,/home/nx09/nx09/nebriscv/tt-metal-0.74/tt-metal/tt_metal/hw/firmware/src/tt-1xx/brisck.cc,
0,4,5,BRISC,51381,15504819741393,0,0,,,BRISC-FW,ZONE_END,433,/home/nx09/nx09/nebriscv/tt-metal-0.74/tt-metal/tt_metal/hw/firmware/src/tt-1xx/brisc.cc,
0,4,5,NCRISC,49034,15504819649379,0,0,,,NCRISC-FW,ZONE_START,129,/home/nx09/nx09/nebriscv/tt-metal-0.74/tt-metal/tt_metal/hw/firmware/src/tt-1xx/ncrisc.cc,
0,4,5,NCRISC,13096,15504819649865,0,0,,,NCRISC-KERNEL,ZONE_START,69,/home/nx09/nx09/nebriscv/tt-metal-0.74/tt-metal/tt_metal/hw/firmware/src/tt-1xx/ncrisck.cc,
0,4,5,NCRISC,13096,15504819740704,0,0,,,NCRISC-KERNEL,ZONE_END,69,/home/nx09/nx09/nebriscv/tt-metal-0.74/tt-metal/tt_metal/hw/firmware/src/tt-1xx/ncrisck.cc,
0,4,5,NCRISC,49034,15504819740733,0,0,,,NCRISC-FW,ZONE_END,129,/home/nx09/nx09/nebriscv/tt-metal-0.74/tt-metal/tt_metal/hw/firmware/src/tt-1xx/ncrisc.cc,
0,4,5,TRISC_0,30839,15504819649470,0,0,,,TRISC-FW,ZONE_START,150,/home/nx09/nx09/nebriscv/tt-metal-0.74/tt-metal/tt_metal/hw/firmware/src/tt-1xx/trisc.cc,
0,4,5,TRISC_0,60173,15504819649892,0,0,,,TRISC-KERNEL,ZONE_START,86,/home/nx09/nx09/nebriscv/tt-metal-0.74/tt-metal/tt_metal/hw/firmware/src/tt-1xx/trisck.cc,
0,4,5,TRISC_0,60173,15504819740766,0,0,,,TRISC-KERNEL,ZONE_END,86,/home/nx09/nx09/nebriscv/tt-metal-0.74/tt-metal/tt_metal/hw/firmware/src/tt-1xx/trisck.cc,
0,4,5,TRISC_0,30839,15504819740803,0,0,,,TRISC-FW,ZONE_END,150,/home/nx09/nx09/nebriscv/tt-metal-0.74/tt-metal/tt_metal/hw/firmware/src/tt-1xx/trisc.cc,
0,4,5,TRISC_1,30839,15504819649492,0,0,,,TRISC-FW,ZONE_START,150,/home/nx09/nx09/nebriscv/tt-metal-0.74/tt-metal/tt_metal/hw/firmware/src/tt-1xx/trisc.cc,
0,4,5,TRISC_1,60173,15504819649677,0,0,,,TRISC-KERNEL,ZONE_START,86,/home/nx09/nx09/nebriscv/tt-metal-0.74/tt-metal/tt_metal/hw/firmware/src/tt-1xx/trisck.cc,
0,4,5,TRISC_1,60173,15504819731732,0,0,,,TRISC-KERNEL,ZONE_END,86,/home/nx09/nx09/nebriscv/tt-metal-0.74/tt-metal/tt_metal/hw/firmware/src/tt-1xx/trisck.cc,
0,4,5,TRISC_1,30839,15504819740811,0,0,,,TRISC-FW,ZONE_END,150,/home/nx09/nx09/nebriscv/tt-metal-0.74/tt-metal/tt_metal/hw/firmware/src/tt-1xx/trisc.cc,
0,4,5,TRISC_2,30839,15504819649484,0,0,,,TRISC-FW,ZONE_START,150,/home/nx09/nx09/nebriscv/tt-metal-0.74/tt-metal/tt_metal/hw/firmware/src/tt-1xx/trisc.cc,
0,4,5,TRISC_2,60173,15504819649910,0,0,,,TRISC-KERNEL,ZONE_START,86,/home/nx09/nx09/nebriscv/tt-metal-0.74/tt-metal/tt_metal/hw/firmware/src/tt-1xx/trisck.cc,
0,4,5,TRISC_2,60173,15504819718000,0,0,,,TRISC-KERNEL,ZONE_END,86,/home/nx09/nx09/nebriscv/tt-metal-0.74/tt-metal/tt_metal/hw/firmware/src/tt-1xx/trisck.cc,
0,4,5,TRISC_2,30839,15504819740859,0,0,,,TRISC-FW,ZONE_END,150,/home/nx09/nx09/nebriscv/tt-metal-0.74/tt-metal/tt_metal/hw/firmware/src/tt-1xx/trisc.cc,
0,4,6,BRISC,51381,15504819678121,0,0,,,BRISC-FW,ZONE_START,433,/home/nx09/nx09/nebriscv/tt-metal-0.74/tt-metal/tt_metal/hw/firmware/src/tt-1xx/brisc.cc,
0,4,6,BRISC,31418,15504819678897,0,0,,,BRISC-KERNEL,ZONE_START,77,/home/nx09/nx09/nebriscv/tt-metal-0.74/tt-metal/tt_metal/hw/firmware/src/tt-1xx/brisck.cc,
0,4,6,BRISC,31418,15504819770182,0,0,,,BRISC-KERNEL,ZONE_END,77,/home/nx09/nx09/nebriscv/tt-metal-0.74/tt-metal/tt_metal/hw/firmware/src/tt-1xx/brisck.cc,
0,4,6,BRISC,51381,15504819770276,0,0,,,BRISC-FW,ZONE_END,433,/home/nx09/nx09/nebriscv/tt-metal-0.74/tt-metal/tt_metal/hw/firmware/src/tt-1xx/brisc.cc,
0,4,6,NCRISC,49034,15504819678276,0,0,,,NCRISC-FW,ZONE_START,129,/home/nx09/nx09/nebriscv/tt-metal-0.74/tt-metal/tt_metal/hw/firmware/src/tt-1xx/ncrisc.cc,
0,4,6,NCRISC,13096,15504819678762,0,0,,,NCRISC-KERNEL,ZONE_START,69,/home/nx09/nx09/nebriscv/tt-metal-0.74/tt-metal/tt_metal/hw/firmware/src/tt-1xx/ncrisck.cc,
0,4,6,NCRISC,13096,15504819769691,0,0,,,NCRISC-KERNEL,ZONE_END,69,/home/nx09/nx09/nebriscv/tt-metal-0.74/tt-metal/tt_metal/hw/firmware/src/tt-1xx/ncrisck.cc,
0,4,6,NCRISC,49034,15504819769720,0,0,,,NCRISC-FW,ZONE_END,129,/home/nx09/nx09/nebriscv/tt-metal-0.74/tt-metal/tt_metal/hw/firmware/src/tt-1xx/ncrisc.cc,
0,4,6,TRISC_0,30839,15504819678367,0,0,,,TRISC-FW,ZONE_START,150,/home/nx09/nx09/nebriscv/tt-metal-0.74/tt-metal/tt_metal/hw/firmware/src/tt-1xx/trisc.cc,
0,4,6,TRISC_0,60173,15504819678789,0,0,,,TRISC-KERNEL,ZONE_START,86,/home/nx09/nx09/nebriscv/tt-metal-0.74/tt-metal/tt_metal/hw/firmware/src/tt-1xx/trisck.cc,
0,4,6,TRISC_0,60173,15504819769753,0,0,,,TRISC-KERNEL,ZONE_END,86,/home/nx09/nx09/nebriscv/tt-metal-0.74/tt-metal/tt_metal/hw/firmware/src/tt-1xx/trisck.cc,
0,4,6,TRISC_0,30839,15504819769790,0,0,,,TRISC-FW,ZONE_END,150,/home/nx09/nx09/nebriscv/tt-metal-0.74/tt-metal/tt_metal/hw/firmware/src/tt-1xx/trisc.cc,
0,4,6,TRISC_1,30839,15504819678389,0,0,,,TRISC-FW,ZONE_START,150,/home/nx09/nx09/nebriscv/tt-metal-0.74/tt-metal/tt_metal/hw/firmware/src/tt-1xx/trisc.cc,
0,4,6,TRISC_1,60173,15504819678574,0,0,,,TRISC-KERNEL,ZONE_START,86,/home/nx09/nx09/nebriscv/tt-metal-0.74/tt-metal/tt_metal/hw/firmware/src/tt-1xx/trisck.cc,
0,4,6,TRISC_1,60173,15504819760737,0,0,,,TRISC-KERNEL,ZONE_END,86,/home/nx09/nx09/nebriscv/tt-metal-0.74/tt-metal/tt_metal/hw/firmware/src/tt-1xx/trisck.cc,
0,4,6,TRISC_1,30839,15504819769798,0,0,,,TRISC-FW,ZONE_END,150,/home/nx09/nx09/nebriscv/tt-metal-0.74/tt-metal/tt_metal/hw/firmware/src/tt-1xx/trisc.cc,
0,4,6,TRISC_2,30839,15504819678381,0,0,,,TRISC-FW,ZONE_START,150,/home/nx09/nx09/nebriscv/tt-metal-0.74/tt-metal/tt_metal/hw/firmware/src/tt-1xx/trisc.cc,
0,4,6,TRISC_2,60173,15504819678807,0,0,,,TRISC-KERNEL,ZONE_START,86,/home/nx09/nx09/nebriscv/tt-metal-0.74/tt-metal/tt_metal/hw/firmware/src/tt-1xx/trisck.cc,
0,4,6,TRISC_2,60173,15504819747140,0,0,,,TRISC-KERNEL,ZONE_END,86,/home/nx09/nx09/nebriscv/tt-metal-0.74/tt-metal/tt_metal/hw/firmware/src/tt-1xx/trisck.cc,
0,4,6,TRISC_2,30839,15504819769846,0,0,,,TRISC-FW,ZONE_END,150,/home/nx09/nx09/nebriscv/tt-metal-0.74/tt-metal/tt_metal/hw/firmware/src/tt-1xx/trisc.cc,
0,4,7,BRISC,51381,15504819707048,0,0,,,BRISC-FW,ZONE_START,433,/home/nx09/nx09/nebriscv/tt-metal-0.74/tt-metal/tt_metal/hw/firmware/src/tt-1xx/brisc.cc,
0,4,7,BRISC,31418,15504819707824,0,0,,,BRISC-KERNEL,ZONE_START,77,/home/nx09/nx09/nebriscv/tt-metal-0.74/tt-metal/tt_metal/hw/firmware/src/tt-1xx/brisck.cc,
0,4,7,BRISC,31418,15504819795305,0,0,,,BRISC-KERNEL,ZONE_END,77,/home/nx09/nx09/nebriscv/tt-metal-0.74/tt-metal/tt_metal/hw/firmware/src/tt-1xx/brisck.cc,
0,4,7,BRISC,51381,15504819795397,0,0,,,BRISC-FW,ZONE_END,433,/home/nx09/nx09/nebriscv/tt-metal-0.74/tt-metal/tt_metal/hw/firmware/src/tt-1xx/brisc.cc,
0,4,7,NCRISC,49034,15504819707203,0,0,,,NCRISC-FW,ZONE_START,129,/home/nx09/nx09/nebriscv/tt-metal-0.74/tt-metal/tt_metal/hw/firmware/src/tt-1xx/ncrisc.cc,
0,4,7,NCRISC,13096,15504819707689,0,0,,,NCRISC-KERNEL,ZONE_START,69,/home/nx09/nx09/nebriscv/tt-metal-0.74/tt-metal/tt_metal/hw/firmware/src/tt-1xx/ncrisck.cc,
0,4,7,NCRISC,13096,15504819794708,0,0,,,NCRISC-KERNEL,ZONE_END,69,/home/nx09/nx09/nebriscv/tt-metal-0.74/tt-metal/tt_metal/hw/firmware/src/tt-1xx/ncrisck.cc,
0,4,7,NCRISC,49034,15504819794737,0,0,,,NCRISC-FW,ZONE_END,129,/home/nx09/nx09/nebriscv/tt-metal-0.74/tt-metal/tt_metal/hw/firmware/src/tt-1xx/ncrisc.cc,
0,4,7,TRISC_0,30839,15504819707294,0,0,,,TRISC-FW,ZONE_START,150,/home/nx09/nx09/nebriscv/tt-metal-0.74/tt-metal/tt_metal/hw/firmware/src/tt-1xx/trisc.cc,
0,4,7,TRISC_0,60173,15504819707716,0,0,,,TRISC-KERNEL,ZONE_START,86,/home/nx09/nx09/nebriscv/tt-metal-0.74/tt-metal/tt_metal/hw/firmware/src/tt-1xx/trisck.cc,
0,4,7,TRISC_0,60173,15504819794770,0,0,,,TRISC-KERNEL,ZONE_END,86,/home/nx09/nx09/nebriscv/tt-metal-0.74/tt-metal/tt_metal/hw/firmware/src/tt-1xx/trisck.cc,
0,4,7,TRISC_0,30839,15504819794807,0,0,,,TRISC-FW,ZONE_END,150,/home/nx09/nx09/nebriscv/tt-metal-0.74/tt-metal/tt_metal/hw/firmware/src/tt-1xx/trisc.cc,
0,4,7,TRISC_1,30839,15504819707316,0,0,,,TRISC-FW,ZONE_START,150,/home/nx09/nx09/nebriscv/tt-metal-0.74/tt-metal/tt_metal/hw/firmware/src/tt-1xx/trisc.cc,
0,4,7,TRISC_1,60173,15504819707501,0,0,,,TRISC-KERNEL,ZONE_START,86,/home/nx09/nx09/nebriscv/tt-metal-0.74/tt-metal/tt_metal/hw/firmware/src/tt-1xx/trisck.cc,
0,4,7,TRISC_1,60173,15504819786789,0,0,,,TRISC-KERNEL,ZONE_END,86,/home/nx09/nx09/nebriscv/tt-metal-0.74/tt-metal/tt_metal/hw/firmware/src/tt-1xx/trisck.cc,
0,4,7,TRISC_1,30839,15504819794815,0,0,,,TRISC-FW,ZONE_END,150,/home/nx09/nx09/nebriscv/tt-metal-0.74/tt-metal/tt_metal/hw/firmware/src/tt-1xx/trisc.cc,
0,4,7,TRISC_2,30839,15504819707308,0,0,,,TRISC-FW,ZONE_START,150,/home/nx09/nx09/nebriscv/tt-metal-0.74/tt-metal/tt_metal/hw/firmware/src/tt-1xx/trisc.cc,
0,4,7,TRISC_2,60173,15504819707734,0,0,,,TRISC-KERNEL,ZONE_START,86,/home/nx09/nx09/nebriscv/tt-metal-0.74/tt-metal/tt_metal/hw/firmware/src/tt-1xx/trisck.cc,
0,4,7,TRISC_2,60173,15504819774920,0,0,,,TRISC-KERNEL,ZONE_END,86,/home/nx09/nx09/nebriscv/tt-metal-0.74/tt-metal/tt_metal/hw/firmware/src/tt-1xx/trisck.cc,
0,4,7,TRISC_2,30839,15504819794863,0,0,,,TRISC-FW,ZONE_END,150,/home/nx09/nx09/nebriscv/tt-metal-0.74/tt-metal/tt_metal/hw/firmware/src/tt-1xx/trisc.cc,
0,4,8,BRISC,51381,15504819735963,0,0,,,BRISC-FW,ZONE_START,433,/home/nx09/nx09/nebriscv/tt-metal-0.74/tt-metal/tt_metal/hw/firmware/src/tt-1xx/brisc.cc,
0,4,8,BRISC,31418,15504819736761,0,0,,,BRISC-KERNEL,ZONE_START,77,/home/nx09/nx09/nebriscv/tt-metal-0.74/tt-metal/tt_metal/hw/firmware/src/tt-1xx/brisck.cc,
0,4,8,BRISC,31418,15504819827717,0,0,,,BRISC-KERNEL,ZONE_END,77,/home/nx09/nx09/nebriscv/tt-metal-0.74/tt-metal/tt_metal/hw/firmware/src/tt-1xx/brisck.cc,
0,4,8,BRISC,51381,15504819827817,0,0,,,BRISC-FW,ZONE_END,433,/home/nx09/nx09/nebriscv/tt-metal-0.74/tt-metal/tt_metal/hw/firmware/src/tt-1xx/brisc.cc,
0,4,8,NCRISC,49034,15504819736130,0,0,,,NCRISC-FW,ZONE_START,129,/home/nx09/nx09/nebriscv/tt-metal-0.74/tt-metal/tt_metal/hw/firmware/src/tt-1xx/ncrisc.cc,
0,4,8,NCRISC,13096,15504819736617,0,0,,,NCRISC-KERNEL,ZONE_START,69,/home/nx09/nx09/nebriscv/tt-metal-0.74/tt-metal/tt_metal/hw/firmware/src/tt-1xx/ncrisck.cc,
0,4,8,NCRISC,13096,15504819827122,0,0,,,NCRISC-KERNEL,ZONE_END,69,/home/nx09/nx09/nebriscv/tt-metal-0.74/tt-metal/tt_metal/hw/firmware/src/tt-1xx/ncrisck.cc,
0,4,8,NCRISC,49034,15504819827150,0,0,,,NCRISC-FW,ZONE_END,129,/home/nx09/nx09/nebriscv/tt-metal-0.74/tt-metal/tt_metal/hw/firmware/src/tt-1xx/ncrisc.cc,
0,4,8,TRISC_0,30839,15504819736238,0,0,,,TRISC-FW,ZONE_START,150,/home/nx09/nx09/nebriscv/tt-metal-0.74/tt-metal/tt_metal/hw/firmware/src/tt-1xx/trisc.cc,
0,4,8,TRISC_0,60173,15504819736659,0,0,,,TRISC-KERNEL,ZONE_START,86,/home/nx09/nx09/nebriscv/tt-metal-0.74/tt-metal/tt_metal/hw/firmware/src/tt-1xx/trisck.cc,
0,4,8,TRISC_0,60173,15504819827189,0,0,,,TRISC-KERNEL,ZONE_END,86,/home/nx09/nx09/nebriscv/tt-metal-0.74/tt-metal/tt_metal/hw/firmware/src/tt-1xx/trisck.cc,
0,4,8,TRISC_0,30839,15504819827228,0,0,,,TRISC-FW,ZONE_END,150,/home/nx09/nx09/nebriscv/tt-metal-0.74/tt-metal/tt_metal/hw/firmware/src/tt-1xx/trisc.cc,
0,4,8,TRISC_1,30839,15504819736239,0,0,,,TRISC-FW,ZONE_START,150,/home/nx09/nx09/nebriscv/tt-metal-0.74/tt-metal/tt_metal/hw/firmware/src/tt-1xx/trisc.cc,
0,4,8,TRISC_1,60173,15504819736431,0,0,,,TRISC-KERNEL,ZONE_START,86,/home/nx09/nx09/nebriscv/tt-metal-0.74/tt-metal/tt_metal/hw/firmware/src/tt-1xx/trisck.cc,
0,4,8,TRISC_1,60173,15504819818164,0,0,,,TRISC-KERNEL,ZONE_END,86,/home/nx09/nx09/nebriscv/tt-metal-0.74/tt-metal/tt_metal/hw/firmware/src/tt-1xx/trisck.cc,
0,4,8,TRISC_1,30839,15504819827230,0,0,,,TRISC-FW,ZONE_END,150,/home/nx09/nx09/nebriscv/tt-metal-0.74/tt-metal/tt_metal/hw/firmware/src/tt-1xx/trisc.cc,
0,4,8,TRISC_2,30839,15504819736240,0,0,,,TRISC-FW,ZONE_START,150,/home/nx09/nx09/nebriscv/tt-metal-0.74/tt-metal/tt_metal/hw/firmware/src/tt-1xx/trisc.cc,
0,4,8,TRISC_2,60173,15504819736676,0,0,,,TRISC-KERNEL,ZONE_START,86,/home/nx09/nx09/nebriscv/tt-metal-0.74/tt-metal/tt_metal/hw/firmware/src/tt-1xx/trisck.cc,
0,4,8,TRISC_2,60173,15504819804813,0,0,,,TRISC-KERNEL,ZONE_END,86,/home/nx09/nx09/nebriscv/tt-metal-0.74/tt-metal/tt_metal/hw/firmware/src/tt-1xx/trisck.cc,
0,4,8,TRISC_2,30839,15504819827281,0,0,,,TRISC-FW,ZONE_END,150,/home/nx09/nx09/nebriscv/tt-metal-0.74/tt-metal/tt_metal/hw/firmware/src/tt-1xx/trisc.cc,
0,4,9,BRISC,51381,15504819764842,0,0,,,BRISC-FW,ZONE_START,433,/home/nx09/nx09/nebriscv/tt-metal-0.74/tt-metal/tt_metal/hw/firmware/src/tt-1xx/brisc.cc,
0,4,9,BRISC,31418,15504819765620,0,0,,,BRISC-KERNEL,ZONE_START,77,/home/nx09/nx09/nebriscv/tt-metal-0.74/tt-metal/tt_metal/hw/firmware/src/tt-1xx/brisck.cc,
0,4,9,BRISC,31418,15504819856963,0,0,,,BRISC-KERNEL,ZONE_END,77,/home/nx09/nx09/nebriscv/tt-metal-0.74/tt-metal/tt_metal/hw/firmware/src/tt-1xx/brisck.cc,
0,4,9,BRISC,51381,15504819857054,0,0,,,BRISC-FW,ZONE_END,433,/home/nx09/nx09/nebriscv/tt-metal-0.74/tt-metal/tt_metal/hw/firmware/src/tt-1xx/brisc.cc,
0,4,9,NCRISC,49034,15504819764995,0,0,,,NCRISC-FW,ZONE_START,129,/home/nx09/nx09/nebriscv/tt-metal-0.74/tt-metal/tt_metal/hw/firmware/src/tt-1xx/ncrisc.cc,
0,4,9,NCRISC,13096,15504819765480,0,0,,,NCRISC-KERNEL,ZONE_START,69,/home/nx09/nx09/nebriscv/tt-metal-0.74/tt-metal/tt_metal/hw/firmware/src/tt-1xx/ncrisck.cc,
0,4,9,NCRISC,13096,15504819856361,0,0,,,NCRISC-KERNEL,ZONE_END,69,/home/nx09/nx09/nebriscv/tt-metal-0.74/tt-metal/tt_metal/hw/firmware/src/tt-1xx/ncrisck.cc,
0,4,9,NCRISC,49034,15504819856389,0,0,,,NCRISC-FW,ZONE_END,129,/home/nx09/nx09/nebriscv/tt-metal-0.74/tt-metal/tt_metal/hw/firmware/src/tt-1xx/ncrisc.cc,
0,4,9,TRISC_0,30839,15504819765103,0,0,,,TRISC-FW,ZONE_START,150,/home/nx09/nx09/nebriscv/tt-metal-0.74/tt-metal/tt_metal/hw/firmware/src/tt-1xx/trisc.cc,
0,4,9,TRISC_0,60173,15504819765514,0,0,,,TRISC-KERNEL,ZONE_START,86,/home/nx09/nx09/nebriscv/tt-metal-0.74/tt-metal/tt_metal/hw/firmware/src/tt-1xx/trisck.cc,
0,4,9,TRISC_0,60173,15504819856428,0,0,,,TRISC-KERNEL,ZONE_END,86,/home/nx09/nx09/nebriscv/tt-metal-0.74/tt-metal/tt_metal/hw/firmware/src/tt-1xx/trisck.cc,
0,4,9,TRISC_0,30839,15504819856464,0,0,,,TRISC-FW,ZONE_END,150,/home/nx09/nx09/nebriscv/tt-metal-0.74/tt-metal/tt_metal/hw/firmware/src/tt-1xx/trisc.cc,
0,4,9,TRISC_1,30839,15504819765116,0,0,,,TRISC-FW,ZONE_START,150,/home/nx09/nx09/nebriscv/tt-metal-0.74/tt-metal/tt_metal/hw/firmware/src/tt-1xx/trisc.cc,
0,4,9,TRISC_1,60173,15504819765301,0,0,,,TRISC-KERNEL,ZONE_START,86,/home/nx09/nx09/nebriscv/tt-metal-0.74/tt-metal/tt_metal/hw/firmware/src/tt-1xx/trisck.cc,
0,4,9,TRISC_1,60173,15504819847277,0,0,,,TRISC-KERNEL,ZONE_END,86,/home/nx09/nx09/nebriscv/tt-metal-0.74/tt-metal/tt_metal/hw/firmware/src/tt-1xx/trisck.cc,
0,4,9,TRISC_1,30839,15504819856473,0,0,,,TRISC-FW,ZONE_END,150,/home/nx09/nx09/nebriscv/tt-metal-0.74/tt-metal/tt_metal/hw/firmware/src/tt-1xx/trisc.cc,
0,4,9,TRISC_2,30839,15504819765109,0,0,,,TRISC-FW,ZONE_START,150,/home/nx09/nx09/nebriscv/tt-metal-0.74/tt-metal/tt_metal/hw/firmware/src/tt-1xx/trisc.cc,
0,4,9,TRISC_2,60173,15504819765534,0,0,,,TRISC-KERNEL,ZONE_START,86,/home/nx09/nx09/nebriscv/tt-metal-0.74/tt-metal/tt_metal/hw/firmware/src/tt-1xx/trisck.cc,
0,4,9,TRISC_2,60173,15504819833899,0,0,,,TRISC-KERNEL,ZONE_END,86,/home/nx09/nx09/nebriscv/tt-metal-0.74/tt-metal/tt_metal/hw/firmware/src/tt-1xx/trisck.cc,
0,4,9,TRISC_2,30839,15504819856526,0,0,,,TRISC-FW,ZONE_END,150,/home/nx09/nx09/nebriscv/tt-metal-0.74/tt-metal/tt_metal/hw/firmware/src/tt-1xx/trisc.cc,
0,4,10,BRISC,51381,15504819793807,0,0,,,BRISC-FW,ZONE_START,433,/home/nx09/nx09/nebriscv/tt-metal-0.74/tt-metal/tt_metal/hw/firmware/src/tt-1xx/brisc.cc,
0,4,10,BRISC,31418,15504819794599,0,0,,,BRISC-KERNEL,ZONE_START,77,/home/nx09/nx09/nebriscv/tt-metal-0.74/tt-metal/tt_metal/hw/firmware/src/tt-1xx/brisck.cc,
0,4,10,BRISC,31418,15504819881749,0,0,,,BRISC-KERNEL,ZONE_END,77,/home/nx09/nx09/nebriscv/tt-metal-0.74/tt-metal/tt_metal/hw/firmware/src/tt-1xx/brisck.cc,
0,4,10,BRISC,51381,15504819881849,0,0,,,BRISC-FW,ZONE_END,433,/home/nx09/nx09/nebriscv/tt-metal-0.74/tt-metal/tt_metal/hw/firmware/src/tt-1xx/brisc.cc,
0,4,10,NCRISC,49034,15504819793968,0,0,,,NCRISC-FW,ZONE_START,129,/home/nx09/nx09/nebriscv/tt-metal-0.74/tt-metal/tt_metal/hw/firmware/src/tt-1xx/ncrisc.cc,
0,4,10,NCRISC,13096,15504819794453,0,0,,,NCRISC-KERNEL,ZONE_START,69,/home/nx09/nx09/nebriscv/tt-metal-0.74/tt-metal/tt_metal/hw/firmware/src/tt-1xx/ncrisck.cc,
0,4,10,NCRISC,13096,15504819881159,0,0,,,NCRISC-KERNEL,ZONE_END,69,/home/nx09/nx09/nebriscv/tt-metal-0.74/tt-metal/tt_metal/hw/firmware/src/tt-1xx/ncrisck.cc,
0,4,10,NCRISC,49034,15504819881188,0,0,,,NCRISC-FW,ZONE_END,129,/home/nx09/nx09/nebriscv/tt-metal-0.74/tt-metal/tt_metal/hw/firmware/src/tt-1xx/ncrisc.cc,
0,4,10,TRISC_0,30839,15504819794068,0,0,,,TRISC-FW,ZONE_START,150,/home/nx09/nx09/nebriscv/tt-metal-0.74/tt-metal/tt_metal/hw/firmware/src/tt-1xx/trisc.cc,
0,4,10,TRISC_0,60173,15504819794480,0,0,,,TRISC-KERNEL,ZONE_START,86,/home/nx09/nx09/nebriscv/tt-metal-0.74/tt-metal/tt_metal/hw/firmware/src/tt-1xx/trisck.cc,
0,4,10,TRISC_0,60173,15504819881221,0,0,,,TRISC-KERNEL,ZONE_END,86,/home/nx09/nx09/nebriscv/tt-metal-0.74/tt-metal/tt_metal/hw/firmware/src/tt-1xx/trisck.cc,
0,4,10,TRISC_0,30839,15504819881260,0,0,,,TRISC-FW,ZONE_END,150,/home/nx09/nx09/nebriscv/tt-metal-0.74/tt-metal/tt_metal/hw/firmware/src/tt-1xx/trisc.cc,
0,4,10,TRISC_1,30839,15504819794078,0,0,,,TRISC-FW,ZONE_START,150,/home/nx09/nx09/nebriscv/tt-metal-0.74/tt-metal/tt_metal/hw/firmware/src/tt-1xx/trisc.cc,
0,4,10,TRISC_1,60173,15504819794267,0,0,,,TRISC-KERNEL,ZONE_START,86,/home/nx09/nx09/nebriscv/tt-metal-0.74/tt-metal/tt_metal/hw/firmware/src/tt-1xx/trisck.cc,
0,4,10,TRISC_1,60173,15504819872403,0,0,,,TRISC-KERNEL,ZONE_END,86,/home/nx09/nx09/nebriscv/tt-metal-0.74/tt-metal/tt_metal/hw/firmware/src/tt-1xx/trisck.cc,
0,4,10,TRISC_1,30839,15504819881262,0,0,,,TRISC-FW,ZONE_END,150,/home/nx09/nx09/nebriscv/tt-metal-0.74/tt-metal/tt_metal/hw/firmware/src/tt-1xx/trisc.cc,
0,4,10,TRISC_2,30839,15504819794079,0,0,,,TRISC-FW,ZONE_START,150,/home/nx09/nx09/nebriscv/tt-metal-0.74/tt-metal/tt_metal/hw/firmware/src/tt-1xx/trisc.cc,
0,4,10,TRISC_2,60173,15504819794516,0,0,,,TRISC-KERNEL,ZONE_START,86,/home/nx09/nx09/nebriscv/tt-metal-0.74/tt-metal/tt_metal/hw/firmware/src/tt-1xx/trisck.cc,
0,4,10,TRISC_2,60173,15504819859229,0,0,,,TRISC-KERNEL,ZONE_END,86,/home/nx09/nx09/nebriscv/tt-metal-0.74/tt-metal/tt_metal/hw/firmware/src/tt-1xx/trisck.cc,
0,4,10,TRISC_2,30839,15504819881313,0,0,,,TRISC-FW,ZONE_END,150,/home/nx09/nx09/nebriscv/tt-metal-0.74/tt-metal/tt_metal/hw/firmware/src/tt-1xx/trisc.cc,
0,4,11,BRISC,51381,15504819822795,0,0,,,BRISC-FW,ZONE_START,433,/home/nx09/nx09/nebriscv/tt-metal-0.74/tt-metal/tt_metal/hw/firmware/src/tt-1xx/brisc.cc,
0,4,11,BRISC,31418,15504819823555,0,0,,,BRISC-KERNEL,ZONE_START,77,/home/nx09/nx09/nebriscv/tt-metal-0.74/tt-metal/tt_metal/hw/firmware/src/tt-1xx/brisck.cc,
0,4,11,BRISC,31418,15504819914672,0,0,,,BRISC-KERNEL,ZONE_END,77,/home/nx09/nx09/nebriscv/tt-metal-0.74/tt-metal/tt_metal/hw/firmware/src/tt-1xx/brisck.cc,
0,4,11,BRISC,51381,15504819914763,0,0,,,BRISC-FW,ZONE_END,433,/home/nx09/nx09/nebriscv/tt-metal-0.74/tt-metal/tt_metal/hw/firmware/src/tt-1xx/brisc.cc,
0,4,11,NCRISC,49034,15504819822947,0,0,,,NCRISC-FW,ZONE_START,129,/home/nx09/nx09/nebriscv/tt-metal-0.74/tt-metal/tt_metal/hw/firmware/src/tt-1xx/ncrisc.cc,
0,4,11,NCRISC,13096,15504819823437,0,0,,,NCRISC-KERNEL,ZONE_START,69,/home/nx09/nx09/nebriscv/tt-metal-0.74/tt-metal/tt_metal/hw/firmware/src/tt-1xx/ncrisck.cc,
0,4,11,NCRISC,13096,15504819914070,0,0,,,NCRISC-KERNEL,ZONE_END,69,/home/nx09/nx09/nebriscv/tt-metal-0.74/tt-metal/tt_metal/hw/firmware/src/tt-1xx/ncrisck.cc,
0,4,11,NCRISC,49034,15504819914098,0,0,,,NCRISC-FW,ZONE_END,129,/home/nx09/nx09/nebriscv/tt-metal-0.74/tt-metal/tt_metal/hw/firmware/src/tt-1xx/ncrisc.cc,
0,4,11,TRISC_0,30839,15504819823043,0,0,,,TRISC-FW,ZONE_START,150,/home/nx09/nx09/nebriscv/tt-metal-0.74/tt-metal/tt_metal/hw/firmware/src/tt-1xx/trisc.cc,
0,4,11,TRISC_0,60173,15504819823452,0,0,,,TRISC-KERNEL,ZONE_START,86,/home/nx09/nx09/nebriscv/tt-metal-0.74/tt-metal/tt_metal/hw/firmware/src/tt-1xx/trisck.cc,
0,4,11,TRISC_0,60173,15504819914137,0,0,,,TRISC-KERNEL,ZONE_END,86,/home/nx09/nx09/nebriscv/tt-metal-0.74/tt-metal/tt_metal/hw/firmware/src/tt-1xx/trisck.cc,
0,4,11,TRISC_0,30839,15504819914173,0,0,,,TRISC-FW,ZONE_END,150,/home/nx09/nx09/nebriscv/tt-metal-0.74/tt-metal/tt_metal/hw/firmware/src/tt-1xx/trisc.cc,
0,4,11,TRISC_1,30839,15504819823055,0,0,,,TRISC-FW,ZONE_START,150,/home/nx09/nx09/nebriscv/tt-metal-0.74/tt-metal/tt_metal/hw/firmware/src/tt-1xx/trisc.cc,
0,4,11,TRISC_1,60173,15504819823251,0,0,,,TRISC-KERNEL,ZONE_START,86,/home/nx09/nx09/nebriscv/tt-metal-0.74/tt-metal/tt_metal/hw/firmware/src/tt-1xx/trisck.cc,
0,4,11,TRISC_1,60173,15504819905238,0,0,,,TRISC-KERNEL,ZONE_END,86,/home/nx09/nx09/nebriscv/tt-metal-0.74/tt-metal/tt_metal/hw/firmware/src/tt-1xx/trisck.cc,
0,4,11,TRISC_1,30839,15504819914182,0,0,,,TRISC-FW,ZONE_END,150,/home/nx09/nx09/nebriscv/tt-metal-0.74/tt-metal/tt_metal/hw/firmware/src/tt-1xx/trisc.cc,
0,4,11,TRISC_2,30839,15504819823063,0,0,,,TRISC-FW,ZONE_START,150,/home/nx09/nx09/nebriscv/tt-metal-0.74/tt-metal/tt_metal/hw/firmware/src/tt-1xx/trisc.cc,
0,4,11,TRISC_2,60173,15504819823500,0,0,,,TRISC-KERNEL,ZONE_START,86,/home/nx09/nx09/nebriscv/tt-metal-0.74/tt-metal/tt_metal/hw/firmware/src/tt-1xx/trisck.cc,
0,4,11,TRISC_2,60173,15504819891740,0,0,,,TRISC-KERNEL,ZONE_END,86,/home/nx09/nx09/nebriscv/tt-metal-0.74/tt-metal/tt_metal/hw/firmware/src/tt-1xx/trisck.cc,
0,4,11,TRISC_2,30839,15504819914235,0,0,,,TRISC-FW,ZONE_END,150,/home/nx09/nx09/nebriscv/tt-metal-0.74/tt-metal/tt_metal/hw/firmware/src/tt-1xx/trisc.cc,
0,5,2,BRISC,51381,15504819852279,0,0,,,BRISC-FW,ZONE_START,433,/home/nx09/nx09/nebriscv/tt-metal-0.74/tt-metal/tt_metal/hw/firmware/src/tt-1xx/brisc.cc,
0,5,2,BRISC,31418,15504819853062,0,0,,,BRISC-KERNEL,ZONE_START,77,/home/nx09/nx09/nebriscv/tt-metal-0.74/tt-metal/tt_metal/hw/firmware/src/tt-1xx/brisck.cc,
0,5,2,BRISC,31418,15504819921121,0,0,,,BRISC-KERNEL,ZONE_END,77,/home/nx09/nx09/nebriscv/tt-metal-0.74/tt-metal/tt_metal/hw/firmware/src/tt-1xx/brisck.cc,
0,5,2,BRISC,51381,15504819921215,0,0,,,BRISC-FW,ZONE_END,433,/home/nx09/nx09/nebriscv/tt-metal-0.74/tt-metal/tt_metal/hw/firmware/src/tt-1xx/brisc.cc,
0,5,2,NCRISC,49034,15504819852446,0,0,,,NCRISC-FW,ZONE_START,129,/home/nx09/nx09/nebriscv/tt-metal-0.74/tt-metal/tt_metal/hw/firmware/src/tt-1xx/ncrisc.cc,
0,5,2,NCRISC,13096,15504819852948,0,0,,,NCRISC-KERNEL,ZONE_START,69,/home/nx09/nx09/nebriscv/tt-metal-0.74/tt-metal/tt_metal/hw/firmware/src/tt-1xx/ncrisck.cc,
0,5,2,NCRISC,13096,15504819920530,0,0,,,NCRISC-KERNEL,ZONE_END,69,/home/nx09/nx09/nebriscv/tt-metal-0.74/tt-metal/tt_metal/hw/firmware/src/tt-1xx/ncrisck.cc,
0,5,2,NCRISC,49034,15504819920558,0,0,,,NCRISC-FW,ZONE_END,129,/home/nx09/nx09/nebriscv/tt-metal-0.74/tt-metal/tt_metal/hw/firmware/src/tt-1xx/ncrisc.cc,
0,5,2,TRISC_0,30839,15504819852555,0,0,,,TRISC-FW,ZONE_START,150,/home/nx09/nx09/nebriscv/tt-metal-0.74/tt-metal/tt_metal/hw/firmware/src/tt-1xx/trisc.cc,
0,5,2,TRISC_0,60173,15504819852969,0,0,,,TRISC-KERNEL,ZONE_START,86,/home/nx09/nx09/nebriscv/tt-metal-0.74/tt-metal/tt_metal/hw/firmware/src/tt-1xx/trisck.cc,
0,5,2,TRISC_0,60173,15504819920597,0,0,,,TRISC-KERNEL,ZONE_END,86,/home/nx09/nx09/nebriscv/tt-metal-0.74/tt-metal/tt_metal/hw/firmware/src/tt-1xx/trisck.cc,
0,5,2,TRISC_0,30839,15504819920636,0,0,,,TRISC-FW,ZONE_END,150,/home/nx09/nx09/nebriscv/tt-metal-0.74/tt-metal/tt_metal/hw/firmware/src/tt-1xx/trisc.cc,
0,5,2,TRISC_1,30839,15504819852556,0,0,,,TRISC-FW,ZONE_START,150,/home/nx09/nx09/nebriscv/tt-metal-0.74/tt-metal/tt_metal/hw/firmware/src/tt-1xx/trisc.cc,
0,5,2,TRISC_1,60173,15504819852745,0,0,,,TRISC-KERNEL,ZONE_START,86,/home/nx09/nx09/nebriscv/tt-metal-0.74/tt-metal/tt_metal/hw/firmware/src/tt-1xx/trisck.cc,
0,5,2,TRISC_1,60173,15504819911599,0,0,,,TRISC-KERNEL,ZONE_END,86,/home/nx09/nx09/nebriscv/tt-metal-0.74/tt-metal/tt_metal/hw/firmware/src/tt-1xx/trisck.cc,
0,5,2,TRISC_1,30839,15504819920638,0,0,,,TRISC-FW,ZONE_END,150,/home/nx09/nx09/nebriscv/tt-metal-0.74/tt-metal/tt_metal/hw/firmware/src/tt-1xx/trisc.cc,
0,5,2,TRISC_2,30839,15504819852553,0,0,,,TRISC-FW,ZONE_START,150,/home/nx09/nx09/nebriscv/tt-metal-0.74/tt-metal/tt_metal/hw/firmware/src/tt-1xx/trisc.cc,
0,5,2,TRISC_2,60173,15504819852986,0,0,,,TRISC-KERNEL,ZONE_START,86,/home/nx09/nx09/nebriscv/tt-metal-0.74/tt-metal/tt_metal/hw/firmware/src/tt-1xx/trisck.cc,
0,5,2,TRISC_2,60173,15504819898158,0,0,,,TRISC-KERNEL,ZONE_END,86,/home/nx09/nx09/nebriscv/tt-metal-0.74/tt-metal/tt_metal/hw/firmware/src/tt-1xx/trisck.cc,
0,5,2,TRISC_2,30839,15504819920689,0,0,,,TRISC-FW,ZONE_END,150,/home/nx09/nx09/nebriscv/tt-metal-0.74/tt-metal/tt_metal/hw/firmware/src/tt-1xx/trisc.cc,
0,5,3,BRISC,51381,15504819881743,0,0,,,BRISC-FW,ZONE_START,433,/home/nx09/nx09/nebriscv/tt-metal-0.74/tt-metal/tt_metal/hw/firmware/src/tt-1xx/brisc.cc,
0,5,3,BRISC,31418,15504819882513,0,0,,,BRISC-KERNEL,ZONE_START,77,/home/nx09/nx09/nebriscv/tt-metal-0.74/tt-metal/tt_metal/hw/firmware/src/tt-1xx/brisck.cc,
0,5,3,BRISC,31418,15504819951388,0,0,,,BRISC-KERNEL,ZONE_END,77,/home/nx09/nx09/nebriscv/tt-metal-0.74/tt-metal/tt_metal/hw/firmware/src/tt-1xx/brisck.cc,
0,5,3,BRISC,51381,15504819951481,0,0,,,BRISC-FW,ZONE_END,433,/home/nx09/nx09/nebriscv/tt-metal-0.74/tt-metal/tt_metal/hw/firmware/src/tt-1xx/brisc.cc,
0,5,3,NCRISC,49034,15504819881895,0,0,,,NCRISC-FW,ZONE_START,129,/home/nx09/nx09/nebriscv/tt-metal-0.74/tt-metal/tt_metal/hw/firmware/src/tt-1xx/ncrisc.cc,
0,5,3,NCRISC,13096,15504819882383,0,0,,,NCRISC-KERNEL,ZONE_START,69,/home/nx09/nx09/nebriscv/tt-metal-0.74/tt-metal/tt_metal/hw/firmware/src/tt-1xx/ncrisck.cc,
0,5,3,NCRISC,13096,15504819950792,0,0,,,NCRISC-KERNEL,ZONE_END,69,/home/nx09/nx09/nebriscv/tt-metal-0.74/tt-metal/tt_metal/hw/firmware/src/tt-1xx/ncrisck.cc,
0,5,3,NCRISC,49034,15504819950820,0,0,,,NCRISC-FW,ZONE_END,129,/home/nx09/nx09/nebriscv/tt-metal-0.74/tt-metal/tt_metal/hw/firmware/src/tt-1xx/ncrisc.cc,
0,5,3,TRISC_0,30839,15504819881991,0,0,,,TRISC-FW,ZONE_START,150,/home/nx09/nx09/nebriscv/tt-metal-0.74/tt-metal/tt_metal/hw/firmware/src/tt-1xx/trisc.cc,
0,5,3,TRISC_0,60173,15504819882406,0,0,,,TRISC-KERNEL,ZONE_START,86,/home/nx09/nx09/nebriscv/tt-metal-0.74/tt-metal/tt_metal/hw/firmware/src/tt-1xx/trisck.cc,
0,5,3,TRISC_0,60173,15504819950859,0,0,,,TRISC-KERNEL,ZONE_END,86,/home/nx09/nx09/nebriscv/tt-metal-0.74/tt-metal/tt_metal/hw/firmware/src/tt-1xx/trisck.cc,
0,5,3,TRISC_0,30839,15504819950895,0,0,,,TRISC-FW,ZONE_END,150,/home/nx09/nx09/nebriscv/tt-metal-0.74/tt-metal/tt_metal/hw/firmware/src/tt-1xx/trisc.cc,
0,5,3,TRISC_1,30839,15504819882010,0,0,,,TRISC-FW,ZONE_START,150,/home/nx09/nx09/nebriscv/tt-metal-0.74/tt-metal/tt_metal/hw/firmware/src/tt-1xx/trisc.cc,
0,5,3,TRISC_1,60173,15504819882196,0,0,,,TRISC-KERNEL,ZONE_START,86,/home/nx09/nx09/nebriscv/tt-metal-0.74/tt-metal/tt_metal/hw/firmware/src/tt-1xx/trisck.cc,
0,5,3,TRISC_1,60173,15504819941942,0,0,,,TRISC-KERNEL,ZONE_END,86,/home/nx09/nx09/nebriscv/tt-metal-0.74/tt-metal/tt_metal/hw/firmware/src/tt-1xx/trisck.cc,
0,5,3,TRISC_1,30839,15504819950904,0,0,,,TRISC-FW,ZONE_END,150,/home/nx09/nx09/nebriscv/tt-metal-0.74/tt-metal/tt_metal/hw/firmware/src/tt-1xx/trisc.cc,
0,5,3,TRISC_2,30839,15504819882003,0,0,,,TRISC-FW,ZONE_START,150,/home/nx09/nx09/nebriscv/tt-metal-0.74/tt-metal/tt_metal/hw/firmware/src/tt-1xx/trisc.cc,
0,5,3,TRISC_2,60173,15504819882429,0,0,,,TRISC-KERNEL,ZONE_START,86,/home/nx09/nx09/nebriscv/tt-metal-0.74/tt-metal/tt_metal/hw/firmware/src/tt-1xx/trisck.cc,
0,5,3,TRISC_2,60173,15504819928311,0,0,,,TRISC-KERNEL,ZONE_END,86,/home/nx09/nx09/nebriscv/tt-metal-0.74/tt-metal/tt_metal/hw/firmware/src/tt-1xx/trisck.cc,
0,5,3,TRISC_2,30839,15504819950957,0,0,,,TRISC-FW,ZONE_END,150,/home/nx09/nx09/nebriscv/tt-metal-0.74/tt-metal/tt_metal/hw/firmware/src/tt-1xx/trisc.cc,
0,5,4,BRISC,51381,15504819911717,0,0,,,BRISC-FW,ZONE_START,433,/home/nx09/nx09/nebriscv/tt-metal-0.74/tt-metal/tt_metal/hw/firmware/src/tt-1xx/brisc.cc,
0,5,4,BRISC,31418,15504819912497,0,0,,,BRISC-KERNEL,ZONE_START,77,/home/nx09/nx09/nebriscv/tt-metal-0.74/tt-metal/tt_metal/hw/firmware/src/tt-1xx/brisck.cc,
0,5,4,BRISC,31418,15504819977627,0,0,,,BRISC-KERNEL,ZONE_END,77,/home/nx09/nx09/nebriscv/tt-metal-0.74/tt-metal/tt_metal/hw/firmware/src/tt-1xx/brisck.cc,
0,5,4,BRISC,51381,15504819977720,0,0,,,BRISC-FW,ZONE_END,433,/home/nx09/nx09/nebriscv/tt-metal-0.74/tt-metal/tt_metal/hw/firmware/src/tt-1xx/brisc.cc,
0,5,4,NCRISC,49034,15504819911872,0,0,,,NCRISC-FW,ZONE_START,129,/home/nx09/nx09/nebriscv/tt-metal-0.74/tt-metal/tt_metal/hw/firmware/src/tt-1xx/ncrisc.cc,
0,5,4,NCRISC,13096,15504819912370,0,0,,,NCRISC-KERNEL,ZONE_START,69,/home/nx09/nx09/nebriscv/tt-metal-0.74/tt-metal/tt_metal/hw/firmware/src/tt-1xx/ncrisck.cc,
0,5,4,NCRISC,13096,15504819977031,0,0,,,NCRISC-KERNEL,ZONE_END,69,/home/nx09/nx09/nebriscv/tt-metal-0.74/tt-metal/tt_metal/hw/firmware/src/tt-1xx/ncrisck.cc,
0,5,4,NCRISC,49034,15504819977059,0,0,,,NCRISC-FW,ZONE_END,129,/home/nx09/nx09/nebriscv/tt-metal-0.74/tt-metal/tt_metal/hw/firmware/src/tt-1xx/ncrisc.cc,
0,5,4,TRISC_0,30839,15504819911963,0,0,,,TRISC-FW,ZONE_START,150,/home/nx09/nx09/nebriscv/tt-metal-0.74/tt-metal/tt_metal/hw/firmware/src/tt-1xx/trisc.cc,
0,5,4,TRISC_0,60173,15504819912384,0,0,,,TRISC-KERNEL,ZONE_START,86,/home/nx09/nx09/nebriscv/tt-metal-0.74/tt-metal/tt_metal/hw/firmware/src/tt-1xx/trisck.cc,
0,5,4,TRISC_0,60173,15504819977098,0,0,,,TRISC-KERNEL,ZONE_END,86,/home/nx09/nx09/nebriscv/tt-metal-0.74/tt-metal/tt_metal/hw/firmware/src/tt-1xx/trisck.cc,
0,5,4,TRISC_0,30839,15504819977134,0,0,,,TRISC-FW,ZONE_END,150,/home/nx09/nx09/nebriscv/tt-metal-0.74/tt-metal/tt_metal/hw/firmware/src/tt-1xx/trisc.cc,
0,5,4,TRISC_1,30839,15504819911977,0,0,,,TRISC-FW,ZONE_START,150,/home/nx09/nx09/nebriscv/tt-metal-0.74/tt-metal/tt_metal/hw/firmware/src/tt-1xx/trisc.cc,
0,5,4,TRISC_1,60173,15504819912165,0,0,,,TRISC-KERNEL,ZONE_START,86,/home/nx09/nx09/nebriscv/tt-metal-0.74/tt-metal/tt_metal/hw/firmware/src/tt-1xx/trisck.cc,
0,5,4,TRISC_1,60173,15504819969090,0,0,,,TRISC-KERNEL,ZONE_END,86,/home/nx09/nx09/nebriscv/tt-metal-0.74/tt-metal/tt_metal/hw/firmware/src/tt-1xx/trisck.cc,
0,5,4,TRISC_1,30839,15504819977143,0,0,,,TRISC-FW,ZONE_END,150,/home/nx09/nx09/nebriscv/tt-metal-0.74/tt-metal/tt_metal/hw/firmware/src/tt-1xx/trisc.cc,
0,5,4,TRISC_2,30839,15504819911986,0,0,,,TRISC-FW,ZONE_START,150,/home/nx09/nx09/nebriscv/tt-metal-0.74/tt-metal/tt_metal/hw/firmware/src/tt-1xx/trisc.cc,
0,5,4,TRISC_2,60173,15504819912415,0,0,,,TRISC-KERNEL,ZONE_START,86,/home/nx09/nx09/nebriscv/tt-metal-0.74/tt-metal/tt_metal/hw/firmware/src/tt-1xx/trisck.cc,
0,5,4,TRISC_2,60173,15504819957142,0,0,,,TRISC-KERNEL,ZONE_END,86,/home/nx09/nx09/nebriscv/tt-metal-0.74/tt-metal/tt_metal/hw/firmware/src/tt-1xx/trisck.cc,
0,5,4,TRISC_2,30839,15504819977196,0,0,,,TRISC-FW,ZONE_END,150,/home/nx09/nx09/nebriscv/tt-metal-0.74/tt-metal/tt_metal/hw/firmware/src/tt-1xx/trisc.cc,
0,5,5,BRISC,51381,15504819941173,0,0,,,BRISC-FW,ZONE_START,433,/home/nx09/nx09/nebriscv/tt-metal-0.74/tt-metal/tt_metal/hw/firmware/src/tt-1xx/brisc.cc,
0,5,5,BRISC,31418,15504819941943,0,0,,,BRISC-KERNEL,ZONE_START,77,/home/nx09/nx09/nebriscv/tt-metal-0.74/tt-metal/tt_metal/hw/firmware/src/tt-1xx/brisck.cc,
0,5,5,BRISC,31418,15504820010521,0,0,,,BRISC-KERNEL,ZONE_END,77,/home/nx09/nx09/nebriscv/tt-metal-0.74/tt-metal/tt_metal/hw/firmware/src/tt-1xx/brisck.cc,
0,5,5,BRISC,51381,15504820010614,0,0,,,BRISC-FW,ZONE_END,433,/home/nx09/nx09/nebriscv/tt-metal-0.74/tt-metal/tt_metal/hw/firmware/src/tt-1xx/brisc.cc,
0,5,5,NCRISC,49034,15504819941325,0,0,,,NCRISC-FW,ZONE_START,129,/home/nx09/nx09/nebriscv/tt-metal-0.74/tt-metal/tt_metal/hw/firmware/src/tt-1xx/ncrisc.cc,
0,5,5,NCRISC,13096,15504819941813,0,0,,,NCRISC-KERNEL,ZONE_START,69,/home/nx09/nx09/nebriscv/tt-metal-0.74/tt-metal/tt_metal/hw/firmware/src/tt-1xx/ncrisck.cc,
0,5,5,NCRISC,13096,15504820009925,0,0,,,NCRISC-KERNEL,ZONE_END,69,/home/nx09/nx09/nebriscv/tt-metal-0.74/tt-metal/tt_metal/hw/firmware/src/tt-1xx/ncrisck.cc,
0,5,5,NCRISC,49034,15504820009953,0,0,,,NCRISC-FW,ZONE_END,129,/home/nx09/nx09/nebriscv/tt-metal-0.74/tt-metal/tt_metal/hw/firmware/src/tt-1xx/ncrisc.cc,
0,5,5,TRISC_0,30839,15504819941421,0,0,,,TRISC-FW,ZONE_START,150,/home/nx09/nx09/nebriscv/tt-metal-0.74/tt-metal/tt_metal/hw/firmware/src/tt-1xx/trisc.cc,
0,5,5,TRISC_0,60173,15504819941836,0,0,,,TRISC-KERNEL,ZONE_START,86,/home/nx09/nx09/nebriscv/tt-metal-0.74/tt-metal/tt_metal/hw/firmware/src/tt-1xx/trisck.cc,
0,5,5,TRISC_0,60173,15504820009992,0,0,,,TRISC-KERNEL,ZONE_END,86,/home/nx09/nx09/nebriscv/tt-metal-0.74/tt-metal/tt_metal/hw/firmware/src/tt-1xx/trisck.cc,
0,5,5,TRISC_0,30839,15504820010028,0,0,,,TRISC-FW,ZONE_END,150,/home/nx09/nx09/nebriscv/tt-metal-0.74/tt-metal/tt_metal/hw/firmware/src/tt-1xx/trisc.cc,
0,5,5,TRISC_1,30839,15504819941440,0,0,,,TRISC-FW,ZONE_START,150,/home/nx09/nx09/nebriscv/tt-metal-0.74/tt-metal/tt_metal/hw/firmware/src/tt-1xx/trisc.cc,
0,5,5,TRISC_1,60173,15504819941626,0,0,,,TRISC-KERNEL,ZONE_START,86,/home/nx09/nx09/nebriscv/tt-metal-0.74/tt-metal/tt_metal/hw/firmware/src/tt-1xx/trisck.cc,
0,5,5,TRISC_1,60173,15504820000931,0,0,,,TRISC-KERNEL,ZONE_END,86,/home/nx09/nx09/nebriscv/tt-metal-0.74/tt-metal/tt_metal/hw/firmware/src/tt-1xx/trisck.cc,
0,5,5,TRISC_1,30839,15504820010037,0,0,,,TRISC-FW,ZONE_END,150,/home/nx09/nx09/nebriscv/tt-metal-0.74/tt-metal/tt_metal/hw/firmware/src/tt-1xx/trisc.cc,
0,5,5,TRISC_2,30839,15504819941433,0,0,,,TRISC-FW,ZONE_START,150,/home/nx09/nx09/nebriscv/tt-metal-0.74/tt-metal/tt_metal/hw/firmware/src/tt-1xx/trisc.cc,
0,5,5,TRISC_2,60173,15504819941859,0,0,,,TRISC-KERNEL,ZONE_START,86,/home/nx09/nx09/nebriscv/tt-metal-0.74/tt-metal/tt_metal/hw/firmware/src/tt-1xx/trisck.cc,
0,5,5,TRISC_2,60173,15504819987570,0,0,,,TRISC-KERNEL,ZONE_END,86,/home/nx09/nx09/nebriscv/tt-metal-0.74/tt-metal/tt_metal/hw/firmware/src/tt-1xx/trisck.cc,
0,5,5,TRISC_2,30839,15504820010090,0,0,,,TRISC-FW,ZONE_END,150,/home/nx09/nx09/nebriscv/tt-metal-0.74/tt-metal/tt_metal/hw/firmware/src/tt-1xx/trisc.cc,
0,5,6,BRISC,51381,15504819970242,0,0,,,BRISC-FW,ZONE_START,433,/home/nx09/nx09/nebriscv/tt-metal-0.74/tt-metal/tt_metal/hw/firmware/src/tt-1xx/brisc.cc,
0,5,6,BRISC,31418,15504819971020,0,0,,,BRISC-KERNEL,ZONE_START,77,/home/nx09/nx09/nebriscv/tt-metal-0.74/tt-metal/tt_metal/hw/firmware/src/tt-1xx/brisck.cc,
0,5,6,BRISC,31418,15504820040009,0,0,,,BRISC-KERNEL,ZONE_END,77,/home/nx09/nx09/nebriscv/tt-metal-0.74/tt-metal/tt_metal/hw/firmware/src/tt-1xx/brisck.cc,
0,5,6,BRISC,51381,15504820040102,0,0,,,BRISC-FW,ZONE_END,433,/home/nx09/nx09/nebriscv/tt-metal-0.74/tt-metal/tt_metal/hw/firmware/src/tt-1xx/brisc.cc,
0,5,6,NCRISC,49034,15504819970395,0,0,,,NCRISC-FW,ZONE_START,129,/home/nx09/nx09/nebriscv/tt-metal-0.74/tt-metal/tt_metal/hw/firmware/src/tt-1xx/ncrisc.cc,
0,5,6,NCRISC,13096,15504819970880,0,0,,,NCRISC-KERNEL,ZONE_START,69,/home/nx09/nx09/nebriscv/tt-metal-0.74/tt-metal/tt_metal/hw/firmware/src/tt-1xx/ncrisck.cc,
0,5,6,NCRISC,13096,15504820039413,0,0,,,NCRISC-KERNEL,ZONE_END,69,/home/nx09/nx09/nebriscv/tt-metal-0.74/tt-metal/tt_metal/hw/firmware/src/tt-1xx/ncrisck.cc,
0,5,6,NCRISC,49034,15504820039441,0,0,,,NCRISC-FW,ZONE_END,129,/home/nx09/nx09/nebriscv/tt-metal-0.74/tt-metal/tt_metal/hw/firmware/src/tt-1xx/ncrisc.cc,
0,5,6,TRISC_0,30839,15504819970503,0,0,,,TRISC-FW,ZONE_START,150,/home/nx09/nx09/nebriscv/tt-metal-0.74/tt-metal/tt_metal/hw/firmware/src/tt-1xx/trisc.cc,
0,5,6,TRISC_0,60173,15504819970914,0,0,,,TRISC-KERNEL,ZONE_START,86,/home/nx09/nx09/nebriscv/tt-metal-0.74/tt-metal/tt_metal/hw/firmware/src/tt-1xx/trisck.cc,
0,5,6,TRISC_0,60173,15504820039480,0,0,,,TRISC-KERNEL,ZONE_END,86,/home/nx09/nx09/nebriscv/tt-metal-0.74/tt-metal/tt_metal/hw/firmware/src/tt-1xx/trisck.cc,
0,5,6,TRISC_0,30839,15504820039516,0,0,,,TRISC-FW,ZONE_END,150,/home/nx09/nx09/nebriscv/tt-metal-0.74/tt-metal/tt_metal/hw/firmware/src/tt-1xx/trisc.cc,
0,5,6,TRISC_1,30839,15504819970516,0,0,,,TRISC-FW,ZONE_START,150,/home/nx09/nx09/nebriscv/tt-metal-0.74/tt-metal/tt_metal/hw/firmware/src/tt-1xx/trisc.cc,
0,5,6,TRISC_1,60173,15504819970701,0,0,,,TRISC-KERNEL,ZONE_START,86,/home/nx09/nx09/nebriscv/tt-metal-0.74/tt-metal/tt_metal/hw/firmware/src/tt-1xx/trisck.cc,
0,5,6,TRISC_1,60173,15504820030347,0,0,,,TRISC-KERNEL,ZONE_END,86,/home/nx09/nx09/nebriscv/tt-metal-0.74/tt-metal/tt_metal/hw/firmware/src/tt-1xx/trisck.cc,
0,5,6,TRISC_1,30839,15504820039525,0,0,,,TRISC-FW,ZONE_END,150,/home/nx09/nx09/nebriscv/tt-metal-0.74/tt-metal/tt_metal/hw/firmware/src/tt-1xx/trisc.cc,
0,5,6,TRISC_2,30839,15504819970509,0,0,,,TRISC-FW,ZONE_START,150,/home/nx09/nx09/nebriscv/tt-metal-0.74/tt-metal/tt_metal/hw/firmware/src/tt-1xx/trisc.cc,
0,5,6,TRISC_2,60173,15504819970934,0,0,,,TRISC-KERNEL,ZONE_START,86,/home/nx09/nx09/nebriscv/tt-metal-0.74/tt-metal/tt_metal/hw/firmware/src/tt-1xx/trisck.cc,
0,5,6,TRISC_2,60173,15504820016608,0,0,,,TRISC-KERNEL,ZONE_END,86,/home/nx09/nx09/nebriscv/tt-metal-0.74/tt-metal/tt_metal/hw/firmware/src/tt-1xx/trisck.cc,
0,5,6,TRISC_2,30839,15504820039578,0,0,,,TRISC-FW,ZONE_END,150,/home/nx09/nx09/nebriscv/tt-metal-0.74/tt-metal/tt_metal/hw/firmware/src/tt-1xx/trisc.cc,
0,5,7,BRISC,51381,15504819999617,0,0,,,BRISC-FW,ZONE_START,433,/home/nx09/nx09/nebriscv/tt-metal-0.74/tt-metal/tt_metal/hw/firmware/src/tt-1xx/brisc.cc,
0,5,7,BRISC,31418,15504820000388,0,0,,,BRISC-KERNEL,ZONE_START,77,/home/nx09/nx09/nebriscv/tt-metal-0.74/tt-metal/tt_metal/hw/firmware/src/tt-1xx/brisck.cc,
0,5,7,BRISC,31418,15504820067454,0,0,,,BRISC-KERNEL,ZONE_END,77,/home/nx09/nx09/nebriscv/tt-metal-0.74/tt-metal/tt_metal/hw/firmware/src/tt-1xx/brisck.cc,
0,5,7,BRISC,51381,15504820067547,0,0,,,BRISC-FW,ZONE_END,433,/home/nx09/nx09/nebriscv/tt-metal-0.74/tt-metal/tt_metal/hw/firmware/src/tt-1xx/brisc.cc,
0,5,7,NCRISC,49034,15504819999769,0,0,,,NCRISC-FW,ZONE_START,129,/home/nx09/nx09/nebriscv/tt-metal-0.74/tt-metal/tt_metal/hw/firmware/src/tt-1xx/ncrisc.cc,
0,5,7,NCRISC,13096,15504820000257,0,0,,,NCRISC-KERNEL,ZONE_START,69,/home/nx09/nx09/nebriscv/tt-metal-0.74/tt-metal/tt_metal/hw/firmware/src/tt-1xx/ncrisck.cc,
0,5,7,NCRISC,13096,15504820066858,0,0,,,NCRISC-KERNEL,ZONE_END,69,/home/nx09/nx09/nebriscv/tt-metal-0.74/tt-metal/tt_metal/hw/firmware/src/tt-1xx/ncrisck.cc,
0,5,7,NCRISC,49034,15504820066886,0,0,,,NCRISC-FW,ZONE_END,129,/home/nx09/nx09/nebriscv/tt-metal-0.74/tt-metal/tt_metal/hw/firmware/src/tt-1xx/ncrisc.cc,
0,5,7,TRISC_0,30839,15504819999865,0,0,,,TRISC-FW,ZONE_START,150,/home/nx09/nx09/nebriscv/tt-metal-0.74/tt-metal/tt_metal/hw/firmware/src/tt-1xx/trisc.cc,
0,5,7,TRISC_0,60173,15504820000280,0,0,,,TRISC-KERNEL,ZONE_START,86,/home/nx09/nx09/nebriscv/tt-metal-0.74/tt-metal/tt_metal/hw/firmware/src/tt-1xx/trisck.cc,
0,5,7,TRISC_0,60173,15504820066925,0,0,,,TRISC-KERNEL,ZONE_END,86,/home/nx09/nx09/nebriscv/tt-metal-0.74/tt-metal/tt_metal/hw/firmware/src/tt-1xx/trisck.cc,
0,5,7,TRISC_0,30839,15504820066961,0,0,,,TRISC-FW,ZONE_END,150,/home/nx09/nx09/nebriscv/tt-metal-0.74/tt-metal/tt_metal/hw/firmware/src/tt-1xx/trisc.cc,
0,5,7,TRISC_1,30839,15504819999884,0,0,,,TRISC-FW,ZONE_START,150,/home/nx09/nx09/nebriscv/tt-metal-0.74/tt-metal/tt_metal/hw/firmware/src/tt-1xx/trisc.cc,
0,5,7,TRISC_1,60173,15504820000070,0,0,,,TRISC-KERNEL,ZONE_START,86,/home/nx09/nx09/nebriscv/tt-metal-0.74/tt-metal/tt_metal/hw/firmware/src/tt-1xx/trisck.cc,
0,5,7,TRISC_1,60173,15504820057702,0,0,,,TRISC-KERNEL,ZONE_END,86,/home/nx09/nx09/nebriscv/tt-metal-0.74/tt-metal/tt_metal/hw/firmware/src/tt-1xx/trisck.cc,
0,5,7,TRISC_1,30839,15504820066970,0,0,,,TRISC-FW,ZONE_END,150,/home/nx09/nx09/nebriscv/tt-metal-0.74/tt-metal/tt_metal/hw/firmware/src/tt-1xx/trisc.cc,
0,5,7,TRISC_2,30839,15504819999877,0,0,,,TRISC-FW,ZONE_START,150,/home/nx09/nx09/nebriscv/tt-metal-0.74/tt-metal/tt_metal/hw/firmware/src/tt-1xx/trisc.cc,
0,5,7,TRISC_2,60173,15504820000303,0,0,,,TRISC-KERNEL,ZONE_START,86,/home/nx09/nx09/nebriscv/tt-metal-0.74/tt-metal/tt_metal/hw/firmware/src/tt-1xx/trisck.cc,
0,5,7,TRISC_2,60173,15504820044593,0,0,,,TRISC-KERNEL,ZONE_END,86,/home/nx09/nx09/nebriscv/tt-metal-0.74/tt-metal/tt_metal/hw/firmware/src/tt-1xx/trisck.cc,
0,5,7,TRISC_2,30839,15504820067023,0,0,,,TRISC-FW,ZONE_END,150,/home/nx09/nx09/nebriscv/tt-metal-0.74/tt-metal/tt_metal/hw/firmware/src/tt-1xx/trisc.cc,
0,5,8,BRISC,51381,15504820028884,0,0,,,BRISC-FW,ZONE_START,433,/home/nx09/nx09/nebriscv/tt-metal-0.74/tt-metal/tt_metal/hw/firmware/src/tt-1xx/brisc.cc,
0,5,8,BRISC,31418,15504820029667,0,0,,,BRISC-KERNEL,ZONE_START,77,/home/nx09/nx09/nebriscv/tt-metal-0.74/tt-metal/tt_metal/hw/firmware/src/tt-1xx/brisck.cc,
0,5,8,BRISC,31418,15504820097996,0,0,,,BRISC-KERNEL,ZONE_END,77,/home/nx09/nx09/nebriscv/tt-metal-0.74/tt-metal/tt_metal/hw/firmware/src/tt-1xx/brisck.cc,
0,5,8,BRISC,51381,15504820098090,0,0,,,BRISC-FW,ZONE_END,433,/home/nx09/nx09/nebriscv/tt-metal-0.74/tt-metal/tt_metal/hw/firmware/src/tt-1xx/brisc.cc,
0,5,8,NCRISC,49034,15504820029051,0,0,,,NCRISC-FW,ZONE_START,129,/home/nx09/nx09/nebriscv/tt-metal-0.74/tt-metal/tt_metal/hw/firmware/src/tt-1xx/ncrisc.cc,
0,5,8,NCRISC,13096,15504820029553,0,0,,,NCRISC-KERNEL,ZONE_START,69,/home/nx09/nx09/nebriscv/tt-metal-0.74/tt-metal/tt_metal/hw/firmware/src/tt-1xx/ncrisck.cc,
0,5,8,NCRISC,13096,15504820097405,0,0,,,NCRISC-KERNEL,ZONE_END,69,/home/nx09/nx09/nebriscv/tt-metal-0.74/tt-metal/tt_metal/hw/firmware/src/tt-1xx/ncrisck.cc,
0,5,8,NCRISC,49034,15504820097433,0,0,,,NCRISC-FW,ZONE_END,129,/home/nx09/nx09/nebriscv/tt-metal-0.74/tt-metal/tt_metal/hw/firmware/src/tt-1xx/ncrisc.cc,
0,5,8,TRISC_0,30839,15504820029160,0,0,,,TRISC-FW,ZONE_START,150,/home/nx09/nx09/nebriscv/tt-metal-0.74/tt-metal/tt_metal/hw/firmware/src/tt-1xx/trisc.cc,
0,5,8,TRISC_0,60173,15504820029574,0,0,,,TRISC-KERNEL,ZONE_START,86,/home/nx09/nx09/nebriscv/tt-metal-0.74/tt-metal/tt_metal/hw/firmware/src/tt-1xx/trisck.cc,
0,5,8,TRISC_0,60173,15504820097472,0,0,,,TRISC-KERNEL,ZONE_END,86,/home/nx09/nx09/nebriscv/tt-metal-0.74/tt-metal/tt_metal/hw/firmware/src/tt-1xx/trisck.cc,
0,5,8,TRISC_0,30839,15504820097511,0,0,,,TRISC-FW,ZONE_END,150,/home/nx09/nx09/nebriscv/tt-metal-0.74/tt-metal/tt_metal/hw/firmware/src/tt-1xx/trisc.cc,
0,5,8,TRISC_1,30839,15504820029161,0,0,,,TRISC-FW,ZONE_START,150,/home/nx09/nx09/nebriscv/tt-metal-0.74/tt-metal/tt_metal/hw/firmware/src/tt-1xx/trisc.cc,
0,5,8,TRISC_1,60173,15504820029350,0,0,,,TRISC-KERNEL,ZONE_START,86,/home/nx09/nx09/nebriscv/tt-metal-0.74/tt-metal/tt_metal/hw/firmware/src/tt-1xx/trisck.cc,
0,5,8,TRISC_1,60173,15504820088564,0,0,,,TRISC-KERNEL,ZONE_END,86,/home/nx09/nx09/nebriscv/tt-metal-0.74/tt-metal/tt_metal/hw/firmware/src/tt-1xx/trisck.cc,
0,5,8,TRISC_1,30839,15504820097513,0,0,,,TRISC-FW,ZONE_END,150,/home/nx09/nx09/nebriscv/tt-metal-0.74/tt-metal/tt_metal/hw/firmware/src/tt-1xx/trisc.cc,
0,5,8,TRISC_2,30839,15504820029158,0,0,,,TRISC-FW,ZONE_START,150,/home/nx09/nx09/nebriscv/tt-metal-0.74/tt-metal/tt_metal/hw/firmware/src/tt-1xx/trisc.cc,
0,5,8,TRISC_2,60173,15504820029591,0,0,,,TRISC-KERNEL,ZONE_START,86,/home/nx09/nx09/nebriscv/tt-metal-0.74/tt-metal/tt_metal/hw/firmware/src/tt-1xx/trisck.cc,
0,5,8,TRISC_2,60173,15504820075078,0,0,,,TRISC-KERNEL,ZONE_END,86,/home/nx09/nx09/nebriscv/tt-metal-0.74/tt-metal/tt_metal/hw/firmware/src/tt-1xx/trisck.cc,
0,5,8,TRISC_2,30839,15504820097564,0,0,,,TRISC-FW,ZONE_END,150,/home/nx09/nx09/nebriscv/tt-metal-0.74/tt-metal/tt_metal/hw/firmware/src/tt-1xx/trisc.cc,
0,5,9,BRISC,51381,15504820058511,0,0,,,BRISC-FW,ZONE_START,433,/home/nx09/nx09/nebriscv/tt-metal-0.74/tt-metal/tt_metal/hw/firmware/src/tt-1xx/brisc.cc,
0,5,9,BRISC,31418,15504820059271,0,0,,,BRISC-KERNEL,ZONE_START,77,/home/nx09/nx09/nebriscv/tt-metal-0.74/tt-metal/tt_metal/hw/firmware/src/tt-1xx/brisck.cc,
0,5,9,BRISC,31418,15504820127544,0,0,,,BRISC-KERNEL,ZONE_END,77,/home/nx09/nx09/nebriscv/tt-metal-0.74/tt-metal/tt_metal/hw/firmware/src/tt-1xx/brisck.cc,
0,5,9,BRISC,51381,15504820127643,0,0,,,BRISC-FW,ZONE_END,433,/home/nx09/nx09/nebriscv/tt-metal-0.74/tt-metal/tt_metal/hw/firmware/src/tt-1xx/brisc.cc,
0,5,9,NCRISC,49034,15504820058663,0,0,,,NCRISC-FW,ZONE_START,129,/home/nx09/nx09/nebriscv/tt-metal-0.74/tt-metal/tt_metal/hw/firmware/src/tt-1xx/ncrisc.cc,
0,5,9,NCRISC,13096,15504820059153,0,0,,,NCRISC-KERNEL,ZONE_START,69,/home/nx09/nx09/nebriscv/tt-metal-0.74/tt-metal/tt_metal/hw/firmware/src/tt-1xx/ncrisck.cc,
0,5,9,NCRISC,13096,15504820127051,0,0,,,NCRISC-KERNEL,ZONE_END,69,/home/nx09/nx09/nebriscv/tt-metal-0.74/tt-metal/tt_metal/hw/firmware/src/tt-1xx/ncrisck.cc,
0,5,9,NCRISC,49034,15504820127079,0,0,,,NCRISC-FW,ZONE_END,129,/home/nx09/nx09/nebriscv/tt-metal-0.74/tt-metal/tt_metal/hw/firmware/src/tt-1xx/ncrisc.cc,
0,5,9,TRISC_0,30839,15504820058759,0,0,,,TRISC-FW,ZONE_START,150,/home/nx09/nx09/nebriscv/tt-metal-0.74/tt-metal/tt_metal/hw/firmware/src/tt-1xx/trisc.cc,
0,5,9,TRISC_0,60173,15504820059168,0,0,,,TRISC-KERNEL,ZONE_START,86,/home/nx09/nx09/nebriscv/tt-metal-0.74/tt-metal/tt_metal/hw/firmware/src/tt-1xx/trisck.cc,
0,5,9,TRISC_0,60173,15504820127118,0,0,,,TRISC-KERNEL,ZONE_END,86,/home/nx09/nx09/nebriscv/tt-metal-0.74/tt-metal/tt_metal/hw/firmware/src/tt-1xx/trisck.cc,
0,5,9,TRISC_0,30839,15504820127154,0,0,,,TRISC-FW,ZONE_END,150,/home/nx09/nx09/nebriscv/tt-metal-0.74/tt-metal/tt_metal/hw/firmware/src/tt-1xx/trisc.cc,
0,5,9,TRISC_1,30839,15504820058771,0,0,,,TRISC-FW,ZONE_START,150,/home/nx09/nx09/nebriscv/tt-metal-0.74/tt-metal/tt_metal/hw/firmware/src/tt-1xx/trisc.cc,
0,5,9,TRISC_1,60173,15504820058967,0,0,,,TRISC-KERNEL,ZONE_START,86,/home/nx09/nx09/nebriscv/tt-metal-0.74/tt-metal/tt_metal/hw/firmware/src/tt-1xx/trisck.cc,
0,5,9,TRISC_1,60173,15504820118237,0,0,,,TRISC-KERNEL,ZONE_END,86,/home/nx09/nx09/nebriscv/tt-metal-0.74/tt-metal/tt_metal/hw/firmware/src/tt-1xx/trisck.cc,
0,5,9,TRISC_1,30839,15504820127163,0,0,,,TRISC-FW,ZONE_END,150,/home/nx09/nx09/nebriscv/tt-metal-0.74/tt-metal/tt_metal/hw/firmware/src/tt-1xx/trisc.cc,
0,5,9,TRISC_2,30839,15504820058779,0,0,,,TRISC-FW,ZONE_START,150,/home/nx09/nx09/nebriscv/tt-metal-0.74/tt-metal/tt_metal/hw/firmware/src/tt-1xx/trisc.cc,
0,5,9,TRISC_2,60173,15504820059216,0,0,,,TRISC-KERNEL,ZONE_START,86,/home/nx09/nx09/nebriscv/tt-metal-0.74/tt-metal/tt_metal/hw/firmware/src/tt-1xx/trisck.cc,
0,5,9,TRISC_2,60173,15504820104867,0,0,,,TRISC-KERNEL,ZONE_END,86,/home/nx09/nx09/nebriscv/tt-metal-0.74/tt-metal/tt_metal/hw/firmware/src/tt-1xx/trisck.cc,
0,5,9,TRISC_2,30839,15504820127216,0,0,,,TRISC-FW,ZONE_END,150,/home/nx09/nx09/nebriscv/tt-metal-0.74/tt-metal/tt_metal/hw/firmware/src/tt-1xx/trisc.cc,
0,5,10,BRISC,51381,15504820087790,0,0,,,BRISC-FW,ZONE_START,433,/home/nx09/nx09/nebriscv/tt-metal-0.74/tt-metal/tt_metal/hw/firmware/src/tt-1xx/brisc.cc,
0,5,10,BRISC,31418,15504820088571,0,0,,,BRISC-KERNEL,ZONE_START,77,/home/nx09/nx09/nebriscv/tt-metal-0.74/tt-metal/tt_metal/hw/firmware/src/tt-1xx/brisck.cc,
0,5,10,BRISC,31418,15504820153413,0,0,,,BRISC-KERNEL,ZONE_END,77,/home/nx09/nx09/nebriscv/tt-metal-0.74/tt-metal/tt_metal/hw/firmware/src/tt-1xx/brisck.cc,
0,5,10,BRISC,51381,15504820153510,0,0,,,BRISC-FW,ZONE_END,433,/home/nx09/nx09/nebriscv/tt-metal-0.74/tt-metal/tt_metal/hw/firmware/src/tt-1xx/brisc.cc,
0,5,10,NCRISC,49034,15504820087943,0,0,,,NCRISC-FW,ZONE_START,129,/home/nx09/nx09/nebriscv/tt-metal-0.74/tt-metal/tt_metal/hw/firmware/src/tt-1xx/ncrisc.cc,
0,5,10,NCRISC,13096,15504820088422,0,0,,,NCRISC-KERNEL,ZONE_START,69,/home/nx09/nx09/nebriscv/tt-metal-0.74/tt-metal/tt_metal/hw/firmware/src/tt-1xx/ncrisck.cc,
0,5,10,NCRISC,13096,15504820152820,0,0,,,NCRISC-KERNEL,ZONE_END,69,/home/nx09/nx09/nebriscv/tt-metal-0.74/tt-metal/tt_metal/hw/firmware/src/tt-1xx/ncrisck.cc,
0,5,10,NCRISC,49034,15504820152849,0,0,,,NCRISC-FW,ZONE_END,129,/home/nx09/nx09/nebriscv/tt-metal-0.74/tt-metal/tt_metal/hw/firmware/src/tt-1xx/ncrisc.cc,
0,5,10,TRISC_0,30839,15504820088050,0,0,,,TRISC-FW,ZONE_START,150,/home/nx09/nx09/nebriscv/tt-metal-0.74/tt-metal/tt_metal/hw/firmware/src/tt-1xx/trisc.cc,
0,5,10,TRISC_0,60173,15504820088467,0,0,,,TRISC-KERNEL,ZONE_START,86,/home/nx09/nx09/nebriscv/tt-metal-0.74/tt-metal/tt_metal/hw/firmware/src/tt-1xx/trisck.cc,
0,5,10,TRISC_0,60173,15504820152882,0,0,,,TRISC-KERNEL,ZONE_END,86,/home/nx09/nx09/nebriscv/tt-metal-0.74/tt-metal/tt_metal/hw/firmware/src/tt-1xx/trisck.cc,
0,5,10,TRISC_0,30839,15504820152919,0,0,,,TRISC-FW,ZONE_END,150,/home/nx09/nx09/nebriscv/tt-metal-0.74/tt-metal/tt_metal/hw/firmware/src/tt-1xx/trisc.cc,
0,5,10,TRISC_1,30839,15504820088058,0,0,,,TRISC-FW,ZONE_START,150,/home/nx09/nx09/nebriscv/tt-metal-0.74/tt-metal/tt_metal/hw/firmware/src/tt-1xx/trisc.cc,
0,5,10,TRISC_1,60173,15504820088239,0,0,,,TRISC-KERNEL,ZONE_START,86,/home/nx09/nx09/nebriscv/tt-metal-0.74/tt-metal/tt_metal/hw/firmware/src/tt-1xx/trisck.cc,
0,5,10,TRISC_1,60173,15504820144172,0,0,,,TRISC-KERNEL,ZONE_END,86,/home/nx09/nx09/nebriscv/tt-metal-0.74/tt-metal/tt_metal/hw/firmware/src/tt-1xx/trisck.cc,
0,5,10,TRISC_1,30839,15504820152927,0,0,,,TRISC-FW,ZONE_END,150,/home/nx09/nx09/nebriscv/tt-metal-0.74/tt-metal/tt_metal/hw/firmware/src/tt-1xx/trisc.cc,
0,5,10,TRISC_2,30839,15504820088063,0,0,,,TRISC-FW,ZONE_START,150,/home/nx09/nx09/nebriscv/tt-metal-0.74/tt-metal/tt_metal/hw/firmware/src/tt-1xx/trisc.cc,
0,5,10,TRISC_2,60173,15504820088493,0,0,,,TRISC-KERNEL,ZONE_START,86,/home/nx09/nx09/nebriscv/tt-metal-0.74/tt-metal/tt_metal/hw/firmware/src/tt-1xx/trisck.cc,
0,5,10,TRISC_2,60173,15504820130829,0,0,,,TRISC-KERNEL,ZONE_END,86,/home/nx09/nx09/nebriscv/tt-metal-0.74/tt-metal/tt_metal/hw/firmware/src/tt-1xx/trisck.cc,
0,5,10,TRISC_2,30839,15504820152975,0,0,,,TRISC-FW,ZONE_END,150,/home/nx09/nx09/nebriscv/tt-metal-0.74/tt-metal/tt_metal/hw/firmware/src/tt-1xx/trisc.cc,
0,5,11,BRISC,51381,15504820116925,0,0,,,BRISC-FW,ZONE_START,433,/home/nx09/nx09/nebriscv/tt-metal-0.74/tt-metal/tt_metal/hw/firmware/src/tt-1xx/brisc.cc,
0,5,11,BRISC,31418,15504820117685,0,0,,,BRISC-KERNEL,ZONE_START,77,/home/nx09/nx09/nebriscv/tt-metal-0.74/tt-metal/tt_metal/hw/firmware/src/tt-1xx/brisck.cc,
0,5,11,BRISC,31418,15504820185860,0,0,,,BRISC-KERNEL,ZONE_END,77,/home/nx09/nx09/nebriscv/tt-metal-0.74/tt-metal/tt_metal/hw/firmware/src/tt-1xx/brisck.cc,
0,5,11,BRISC,51381,15504820185953,0,0,,,BRISC-FW,ZONE_END,433,/home/nx09/nx09/nebriscv/tt-metal-0.74/tt-metal/tt_metal/hw/firmware/src/tt-1xx/brisc.cc,
0,5,11,NCRISC,49034,15504820117077,0,0,,,NCRISC-FW,ZONE_START,129,/home/nx09/nx09/nebriscv/tt-metal-0.74/tt-metal/tt_metal/hw/firmware/src/tt-1xx/ncrisc.cc,
0,5,11,NCRISC,13096,15504820117567,0,0,,,NCRISC-KERNEL,ZONE_START,69,/home/nx09/nx09/nebriscv/tt-metal-0.74/tt-metal/tt_metal/hw/firmware/src/tt-1xx/ncrisck.cc,
0,5,11,NCRISC,13096,15504820185264,0,0,,,NCRISC-KERNEL,ZONE_END,69,/home/nx09/nx09/nebriscv/tt-metal-0.74/tt-metal/tt_metal/hw/firmware/src/tt-1xx/ncrisck.cc,
0,5,11,NCRISC,49034,15504820185292,0,0,,,NCRISC-FW,ZONE_END,129,/home/nx09/nx09/nebriscv/tt-metal-0.74/tt-metal/tt_metal/hw/firmware/src/tt-1xx/ncrisc.cc,
0,5,11,TRISC_0,30839,15504820117173,0,0,,,TRISC-FW,ZONE_START,150,/home/nx09/nx09/nebriscv/tt-metal-0.74/tt-metal/tt_metal/hw/firmware/src/tt-1xx/trisc.cc,
0,5,11,TRISC_0,60173,15504820117582,0,0,,,TRISC-KERNEL,ZONE_START,86,/home/nx09/nx09/nebriscv/tt-metal-0.74/tt-metal/tt_metal/hw/firmware/src/tt-1xx/trisck.cc,
0,5,11,TRISC_0,60173,15504820185331,0,0,,,TRISC-KERNEL,ZONE_END,86,/home/nx09/nx09/nebriscv/tt-metal-0.74/tt-metal/tt_metal/hw/firmware/src/tt-1xx/trisck.cc,
0,5,11,TRISC_0,30839,15504820185367,0,0,,,TRISC-FW,ZONE_END,150,/home/nx09/nx09/nebriscv/tt-metal-0.74/tt-metal/tt_metal/hw/firmware/src/tt-1xx/trisc.cc,
0,5,11,TRISC_1,30839,15504820117185,0,0,,,TRISC-FW,ZONE_START,150,/home/nx09/nx09/nebriscv/tt-metal-0.74/tt-metal/tt_metal/hw/firmware/src/tt-1xx/trisc.cc,
0,5,11,TRISC_1,60173,15504820117381,0,0,,,TRISC-KERNEL,ZONE_START,86,/home/nx09/nx09/nebriscv/tt-metal-0.74/tt-metal/tt_metal/hw/firmware/src/tt-1xx/trisck.cc,
0,5,11,TRISC_1,60173,15504820176279,0,0,,,TRISC-KERNEL,ZONE_END,86,/home/nx09/nx09/nebriscv/tt-metal-0.74/tt-metal/tt_metal/hw/firmware/src/tt-1xx/trisck.cc,
0,5,11,TRISC_1,30839,15504820185376,0,0,,,TRISC-FW,ZONE_END,150,/home/nx09/nx09/nebriscv/tt-metal-0.74/tt-metal/tt_metal/hw/firmware/src/tt-1xx/trisc.cc,
0,5,11,TRISC_2,30839,15504820117193,0,0,,,TRISC-FW,ZONE_START,150,/home/nx09/nx09/nebriscv/tt-metal-0.74/tt-metal/tt_metal/hw/firmware/src/tt-1xx/trisc.cc,
0,5,11,TRISC_2,60173,15504820117630,0,0,,,TRISC-KERNEL,ZONE_START,86,/home/nx09/nx09/nebriscv/tt-metal-0.74/tt-metal/tt_metal/hw/firmware/src/tt-1xx/trisck.cc,
0,5,11,TRISC_2,60173,15504820162882,0,0,,,TRISC-KERNEL,ZONE_END,86,/home/nx09/nx09/nebriscv/tt-metal-0.74/tt-metal/tt_metal/hw/firmware/src/tt-1xx/trisck.cc,
0,5,11,TRISC_2,30839,15504820185429,0,0,,,TRISC-FW,ZONE_END,150,/home/nx09/nx09/nebriscv/tt-metal-0.74/tt-metal/tt_metal/hw/firmware/src/tt-1xx/trisc.cc,
0,6,2,BRISC,51381,15504820146300,0,0,,,BRISC-FW,ZONE_START,433,/home/nx09/nx09/nebriscv/tt-metal-0.74/tt-metal/tt_metal/hw/firmware/src/tt-1xx/brisc.cc,
0,6,2,BRISC,31418,15504820147060,0,0,,,BRISC-KERNEL,ZONE_START,77,/home/nx09/nx09/nebriscv/tt-metal-0.74/tt-metal/tt_metal/hw/firmware/src/tt-1xx/brisck.cc,
0,6,2,BRISC,31418,15504820215687,0,0,,,BRISC-KERNEL,ZONE_END,77,/home/nx09/nx09/nebriscv/tt-metal-0.74/tt-metal/tt_metal/hw/firmware/src/tt-1xx/brisck.cc,
0,6,2,BRISC,51381,15504820215780,0,0,,,BRISC-FW,ZONE_END,433,/home/nx09/nx09/nebriscv/tt-metal-0.74/tt-metal/tt_metal/hw/firmware/src/tt-1xx/brisc.cc,
0,6,2,NCRISC,49034,15504820146452,0,0,,,NCRISC-FW,ZONE_START,129,/home/nx09/nx09/nebriscv/tt-metal-0.74/tt-metal/tt_metal/hw/firmware/src/tt-1xx/ncrisc.cc,
0,6,2,NCRISC,13096,15504820146942,0,0,,,NCRISC-KERNEL,ZONE_START,69,/home/nx09/nx09/nebriscv/tt-metal-0.74/tt-metal/tt_metal/hw/firmware/src/tt-1xx/ncrisck.cc,
0,6,2,NCRISC,13096,15504820215091,0,0,,,NCRISC-KERNEL,ZONE_END,69,/home/nx09/nx09/nebriscv/tt-metal-0.74/tt-metal/tt_metal/hw/firmware/src/tt-1xx/ncrisck.cc,
0,6,2,NCRISC,49034,15504820215119,0,0,,,NCRISC-FW,ZONE_END,129,/home/nx09/nx09/nebriscv/tt-metal-0.74/tt-metal/tt_metal/hw/firmware/src/tt-1xx/ncrisc.cc,
0,6,2,TRISC_0,30839,15504820146548,0,0,,,TRISC-FW,ZONE_START,150,/home/nx09/nx09/nebriscv/tt-metal-0.74/tt-metal/tt_metal/hw/firmware/src/tt-1xx/trisc.cc,
0,6,2,TRISC_0,60173,15504820146957,0,0,,,TRISC-KERNEL,ZONE_START,86,/home/nx09/nx09/nebriscv/tt-metal-0.74/tt-metal/tt_metal/hw/firmware/src/tt-1xx/trisck.cc,
0,6,2,TRISC_0,60173,15504820215158,0,0,,,TRISC-KERNEL,ZONE_END,86,/home/nx09/nx09/nebriscv/tt-metal-0.74/tt-metal/tt_metal/hw/firmware/src/tt-1xx/trisck.cc,
0,6,2,TRISC_0,30839,15504820215194,0,0,,,TRISC-FW,ZONE_END,150,/home/nx09/nx09/nebriscv/tt-metal-0.74/tt-metal/tt_metal/hw/firmware/src/tt-1xx/trisc.cc,
0,6,2,TRISC_1,30839,15504820146560,0,0,,,TRISC-FW,ZONE_START,150,/home/nx09/nx09/nebriscv/tt-metal-0.74/tt-metal/tt_metal/hw/firmware/src/tt-1xx/trisc.cc,
0,6,2,TRISC_1,60173,15504820146756,0,0,,,TRISC-KERNEL,ZONE_START,86,/home/nx09/nx09/nebriscv/tt-metal-0.74/tt-metal/tt_metal/hw/firmware/src/tt-1xx/trisck.cc,
0,6,2,TRISC_1,60173,15504820206142,0,0,,,TRISC-KERNEL,ZONE_END,86,/home/nx09/nx09/nebriscv/tt-metal-0.74/tt-metal/tt_metal/hw/firmware/src/tt-1xx/trisck.cc,
0,6,2,TRISC_1,30839,15504820215203,0,0,,,TRISC-FW,ZONE_END,150,/home/nx09/nx09/nebriscv/tt-metal-0.74/tt-metal/tt_metal/hw/firmware/src/tt-1xx/trisc.cc,
0,6,2,TRISC_2,30839,15504820146568,0,0,,,TRISC-FW,ZONE_START,150,/home/nx09/nx09/nebriscv/tt-metal-0.74/tt-metal/tt_metal/hw/firmware/src/tt-1xx/trisc.cc,
0,6,2,TRISC_2,60173,15504820147005,0,0,,,TRISC-KERNEL,ZONE_START,86,/home/nx09/nx09/nebriscv/tt-metal-0.74/tt-metal/tt_metal/hw/firmware/src/tt-1xx/trisck.cc,
0,6,2,TRISC_2,60173,15504820192529,0,0,,,TRISC-KERNEL,ZONE_END,86,/home/nx09/nx09/nebriscv/tt-metal-0.74/tt-metal/tt_metal/hw/firmware/src/tt-1xx/trisck.cc,
0,6,2,TRISC_2,30839,15504820215256,0,0,,,TRISC-FW,ZONE_END,150,/home/nx09/nx09/nebriscv/tt-metal-0.74/tt-metal/tt_metal/hw/firmware/src/tt-1xx/trisc.cc,
0,6,3,BRISC,51381,15504820175726,0,0,,,BRISC-FW,ZONE_START,433,/home/nx09/nx09/nebriscv/tt-metal-0.74/tt-metal/tt_metal/hw/firmware/src/tt-1xx/brisc.cc,
0,6,3,BRISC,31418,15504820176486,0,0,,,BRISC-KERNEL,ZONE_START,77,/home/nx09/nx09/nebriscv/tt-metal-0.74/tt-metal/tt_metal/hw/firmware/src/tt-1xx/brisck.cc,
0,6,3,BRISC,31418,15504820244443,0,0,,,BRISC-KERNEL,ZONE_END,77,/home/nx09/nx09/nebriscv/tt-metal-0.74/tt-metal/tt_metal/hw/firmware/src/tt-1xx/brisck.cc,
0,6,3,BRISC,51381,15504820244542,0,0,,,BRISC-FW,ZONE_END,433,/home/nx09/nx09/nebriscv/tt-metal-0.74/tt-metal/tt_metal/hw/firmware/src/tt-1xx/brisc.cc,
0,6,3,NCRISC,49034,15504820175878,0,0,,,NCRISC-FW,ZONE_START,129,/home/nx09/nx09/nebriscv/tt-metal-0.74/tt-metal/tt_metal/hw/firmware/src/tt-1xx/ncrisc.cc,
0,6,3,NCRISC,13096,15504820176368,0,0,,,NCRISC-KERNEL,ZONE_START,69,/home/nx09/nx09/nebriscv/tt-metal-0.74/tt-metal/tt_metal/hw/firmware/src/tt-1xx/ncrisck.cc,
0,6,3,NCRISC,13096,15504820243950,0,0,,,NCRISC-KERNEL,ZONE_END,69,/home/nx09/nx09/nebriscv/tt-metal-0.74/tt-metal/tt_metal/hw/firmware/src/tt-1xx/ncrisck.cc,
0,6,3,NCRISC,49034,15504820243978,0,0,,,NCRISC-FW,ZONE_END,129,/home/nx09/nx09/nebriscv/tt-metal-0.74/tt-metal/tt_metal/hw/firmware/src/tt-1xx/ncrisc.cc,
0,6,3,TRISC_0,30839,15504820175974,0,0,,,TRISC-FW,ZONE_START,150,/home/nx09/nx09/nebriscv/tt-metal-0.74/tt-metal/tt_metal/hw/firmware/src/tt-1xx/trisc.cc,
0,6,3,TRISC_0,60173,15504820176383,0,0,,,TRISC-KERNEL,ZONE_START,86,/home/nx09/nx09/nebriscv/tt-metal-0.74/tt-metal/tt_metal/hw/firmware/src/tt-1xx/trisck.cc,
0,6,3,TRISC_0,60173,15504820244017,0,0,,,TRISC-KERNEL,ZONE_END,86,/home/nx09/nx09/nebriscv/tt-metal-0.74/tt-metal/tt_metal/hw/firmware/src/tt-1xx/trisck.cc,
0,6,3,TRISC_0,30839,15504820244053,0,0,,,TRISC-FW,ZONE_END,150,/home/nx09/nx09/nebriscv/tt-metal-0.74/tt-metal/tt_metal/hw/firmware/src/tt-1xx/trisc.cc,
0,6,3,TRISC_1,30839,15504820175986,0,0,,,TRISC-FW,ZONE_START,150,/home/nx09/nx09/nebriscv/tt-metal-0.74/tt-metal/tt_metal/hw/firmware/src/tt-1xx/trisc.cc,
0,6,3,TRISC_1,60173,15504820176182,0,0,,,TRISC-KERNEL,ZONE_START,86,/home/nx09/nx09/nebriscv/tt-metal-0.74/tt-metal/tt_metal/hw/firmware/src/tt-1xx/trisck.cc,
0,6,3,TRISC_1,60173,15504820235028,0,0,,,TRISC-KERNEL,ZONE_END,86,/home/nx09/nx09/nebriscv/tt-metal-0.74/tt-metal/tt_metal/hw/firmware/src/tt-1xx/trisck.cc,
0,6,3,TRISC_1,30839,15504820244062,0,0,,,TRISC-FW,ZONE_END,150,/home/nx09/nx09/nebriscv/tt-metal-0.74/tt-metal/tt_metal/hw/firmware/src/tt-1xx/trisc.cc,
0,6,3,TRISC_2,30839,15504820175994,0,0,,,TRISC-FW,ZONE_START,150,/home/nx09/nx09/nebriscv/tt-metal-0.74/tt-metal/tt_metal/hw/firmware/src/tt-1xx/trisc.cc,
0,6,3,TRISC_2,60173,15504820176431,0,0,,,TRISC-KERNEL,ZONE_START,86,/home/nx09/nx09/nebriscv/tt-metal-0.74/tt-metal/tt_metal/hw/firmware/src/tt-1xx/trisck.cc,
0,6,3,TRISC_2,60173,15504820221649,0,0,,,TRISC-KERNEL,ZONE_END,86,/home/nx09/nx09/nebriscv/tt-metal-0.74/tt-metal/tt_metal/hw/firmware/src/tt-1xx/trisck.cc,
0,6,3,TRISC_2,30839,15504820244115,0,0,,,TRISC-FW,ZONE_END,150,/home/nx09/nx09/nebriscv/tt-metal-0.74/tt-metal/tt_metal/hw/firmware/src/tt-1xx/trisc.cc,
0,6,4,BRISC,51381,15504820205539,0,0,,,BRISC-FW,ZONE_START,433,/home/nx09/nx09/nebriscv/tt-metal-0.74/tt-metal/tt_metal/hw/firmware/src/tt-1xx/brisc.cc,
0,6,4,BRISC,31418,15504820206299,0,0,,,BRISC-KERNEL,ZONE_START,77,/home/nx09/nx09/nebriscv/tt-metal-0.74/tt-metal/tt_metal/hw/firmware/src/tt-1xx/brisck.cc,
0,6,4,BRISC,31418,15504820273302,0,0,,,BRISC-KERNEL,ZONE_END,77,/home/nx09/nx09/nebriscv/tt-metal-0.74/tt-metal/tt_metal/hw/firmware/src/tt-1xx/brisck.cc,
0,6,4,BRISC,51381,15504820273395,0,0,,,BRISC-FW,ZONE_END,433,/home/nx09/nx09/nebriscv/tt-metal-0.74/tt-metal/tt_metal/hw/firmware/src/tt-1xx/brisc.cc,
0,6,4,NCRISC,49034,15504820205691,0,0,,,NCRISC-FW,ZONE_START,129,/home/nx09/nx09/nebriscv/tt-metal-0.74/tt-metal/tt_metal/hw/firmware/src/tt-1xx/ncrisc.cc,
0,6,4,NCRISC,13096,15504820206181,0,0,,,NCRISC-KERNEL,ZONE_START,69,/home/nx09/nx09/nebriscv/tt-metal-0.74/tt-metal/tt_metal/hw/firmware/src/tt-1xx/ncrisck.cc,
0,6,4,NCRISC,13096,15504820272706,0,0,,,NCRISC-KERNEL,ZONE_END,69,/home/nx09/nx09/nebriscv/tt-metal-0.74/tt-metal/tt_metal/hw/firmware/src/tt-1xx/ncrisck.cc,
0,6,4,NCRISC,49034,15504820272734,0,0,,,NCRISC-FW,ZONE_END,129,/home/nx09/nx09/nebriscv/tt-metal-0.74/tt-metal/tt_metal/hw/firmware/src/tt-1xx/ncrisc.cc,
0,6,4,TRISC_0,30839,15504820205787,0,0,,,TRISC-FW,ZONE_START,150,/home/nx09/nx09/nebriscv/tt-metal-0.74/tt-metal/tt_metal/hw/firmware/src/tt-1xx/trisc.cc,
0,6,4,TRISC_0,60173,15504820206196,0,0,,,TRISC-KERNEL,ZONE_START,86,/home/nx09/nx09/nebriscv/tt-metal-0.74/tt-metal/tt_metal/hw/firmware/src/tt-1xx/trisck.cc,
0,6,4,TRISC_0,60173,15504820272773,0,0,,,TRISC-KERNEL,ZONE_END,86,/home/nx09/nx09/nebriscv/tt-metal-0.74/tt-metal/tt_metal/hw/firmware/src/tt-1xx/trisck.cc,
0,6,4,TRISC_0,30839,15504820272809,0,0,,,TRISC-FW,ZONE_END,150,/home/nx09/nx09/nebriscv/tt-metal-0.74/tt-metal/tt_metal/hw/firmware/src/tt-1xx/trisc.cc,
0,6,4,TRISC_1,30839,15504820205799,0,0,,,TRISC-FW,ZONE_START,150,/home/nx09/nx09/nebriscv/tt-metal-0.74/tt-metal/tt_metal/hw/firmware/src/tt-1xx/trisc.cc,
0,6,4,TRISC_1,60173,15504820205995,0,0,,,TRISC-KERNEL,ZONE_START,86,/home/nx09/nx09/nebriscv/tt-metal-0.74/tt-metal/tt_metal/hw/firmware/src/tt-1xx/trisck.cc,
0,6,4,TRISC_1,60173,15504820263919,0,0,,,TRISC-KERNEL,ZONE_END,86,/home/nx09/nx09/nebriscv/tt-metal-0.74/tt-metal/tt_metal/hw/firmware/src/tt-1xx/trisck.cc,
0,6,4,TRISC_1,30839,15504820272818,0,0,,,TRISC-FW,ZONE_END,150,/home/nx09/nx09/nebriscv/tt-metal-0.74/tt-metal/tt_metal/hw/firmware/src/tt-1xx/trisc.cc,
0,6,4,TRISC_2,30839,15504820205807,0,0,,,TRISC-FW,ZONE_START,150,/home/nx09/nx09/nebriscv/tt-metal-0.74/tt-metal/tt_metal/hw/firmware/src/tt-1xx/trisc.cc,
0,6,4,TRISC_2,60173,15504820206244,0,0,,,TRISC-KERNEL,ZONE_START,86,/home/nx09/nx09/nebriscv/tt-metal-0.74/tt-metal/tt_metal/hw/firmware/src/tt-1xx/trisck.cc,
0,6,4,TRISC_2,60173,15504820250649,0,0,,,TRISC-KERNEL,ZONE_END,86,/home/nx09/nx09/nebriscv/tt-metal-0.74/tt-metal/tt_metal/hw/firmware/src/tt-1xx/trisck.cc,
0,6,4,TRISC_2,30839,15504820272871,0,0,,,TRISC-FW,ZONE_END,150,/home/nx09/nx09/nebriscv/tt-metal-0.74/tt-metal/tt_metal/hw/firmware/src/tt-1xx/trisc.cc,
0,6,5,BRISC,51381,15504820234927,0,0,,,BRISC-FW,ZONE_START,433,/home/nx09/nx09/nebriscv/tt-metal-0.74/tt-metal/tt_metal/hw/firmware/src/tt-1xx/brisc.cc,
0,6,5,BRISC,31418,15504820235709,0,0,,,BRISC-KERNEL,ZONE_START,77,/home/nx09/nx09/nebriscv/tt-metal-0.74/tt-metal/tt_metal/hw/firmware/src/tt-1xx/brisck.cc,
0,6,5,BRISC,31418,15504820303687,0,0,,,BRISC-KERNEL,ZONE_END,77,/home/nx09/nx09/nebriscv/tt-metal-0.74/tt-metal/tt_metal/hw/firmware/src/tt-1xx/brisck.cc,
0,6,5,BRISC,51381,15504820303784,0,0,,,BRISC-FW,ZONE_END,433,/home/nx09/nx09/nebriscv/tt-metal-0.74/tt-metal/tt_metal/hw/firmware/src/tt-1xx/brisc.cc,
0,6,5,NCRISC,49034,15504820235080,0,0,,,NCRISC-FW,ZONE_START,129,/home/nx09/nx09/nebriscv/tt-metal-0.74/tt-metal/tt_metal/hw/firmware/src/tt-1xx/ncrisc.cc,
0,6,5,NCRISC,13096,15504820235559,0,0,,,NCRISC-KERNEL,ZONE_START,69,/home/nx09/nx09/nebriscv/tt-metal-0.74/tt-metal/tt_metal/hw/firmware/src/tt-1xx/ncrisck.cc,
0,6,5,NCRISC,13096,15504820303094,0,0,,,NCRISC-KERNEL,ZONE_END,69,/home/nx09/nx09/nebriscv/tt-metal-0.74/tt-metal/tt_metal/hw/firmware/src/tt-1xx/ncrisck.cc,
0,6,5,NCRISC,49034,15504820303123,0,0,,,NCRISC-FW,ZONE_END,129,/home/nx09/nx09/nebriscv/tt-metal-0.74/tt-metal/tt_metal/hw/firmware/src/tt-1xx/ncrisc.cc,
0,6,5,TRISC_0,30839,15504820235187,0,0,,,TRISC-FW,ZONE_START,150,/home/nx09/nx09/nebriscv/tt-metal-0.74/tt-metal/tt_metal/hw/firmware/src/tt-1xx/trisc.cc,
0,6,5,TRISC_0,60173,15504820235604,0,0,,,TRISC-KERNEL,ZONE_START,86,/home/nx09/nx09/nebriscv/tt-metal-0.74/tt-metal/tt_metal/hw/firmware/src/tt-1xx/trisck.cc,
0,6,5,TRISC_0,60173,15504820303156,0,0,,,TRISC-KERNEL,ZONE_END,86,/home/nx09/nx09/nebriscv/tt-metal-0.74/tt-metal/tt_metal/hw/firmware/src/tt-1xx/trisck.cc,
0,6,5,TRISC_0,30839,15504820303193,0,0,,,TRISC-FW,ZONE_END,150,/home/nx09/nx09/nebriscv/tt-metal-0.74/tt-metal/tt_metal/hw/firmware/src/tt-1xx/trisc.cc,
0,6,5,TRISC_1,30839,15504820235195,0,0,,,TRISC-FW,ZONE_START,150,/home/nx09/nx09/nebriscv/tt-metal-0.74/tt-metal/tt_metal/hw/firmware/src/tt-1xx/trisc.cc,
0,6,5,TRISC_1,60173,15504820235376,0,0,,,TRISC-KERNEL,ZONE_START,86,/home/nx09/nx09/nebriscv/tt-metal-0.74/tt-metal/tt_metal/hw/firmware/src/tt-1xx/trisck.cc,
0,6,5,TRISC_1,60173,15504820294230,0,0,,,TRISC-KERNEL,ZONE_END,86,/home/nx09/nx09/nebriscv/tt-metal-0.74/tt-metal/tt_metal/hw/firmware/src/tt-1xx/trisck.cc,
0,6,5,TRISC_1,30839,15504820303201,0,0,,,TRISC-FW,ZONE_END,150,/home/nx09/nx09/nebriscv/tt-metal-0.74/tt-metal/tt_metal/hw/firmware/src/tt-1xx/trisc.cc,
0,6,5,TRISC_2,30839,15504820235200,0,0,,,TRISC-FW,ZONE_START,150,/home/nx09/nx09/nebriscv/tt-metal-0.74/tt-metal/tt_metal/hw/firmware/src/tt-1xx/trisc.cc,
0,6,5,TRISC_2,60173,15504820235630,0,0,,,TRISC-KERNEL,ZONE_START,86,/home/nx09/nx09/nebriscv/tt-metal-0.74/tt-metal/tt_metal/hw/firmware/src/tt-1xx/trisck.cc,
0,6,5,TRISC_2,60173,15504820280788,0,0,,,TRISC-KERNEL,ZONE_END,86,/home/nx09/nx09/nebriscv/tt-metal-0.74/tt-metal/tt_metal/hw/firmware/src/tt-1xx/trisck.cc,
0,6,5,TRISC_2,30839,15504820303249,0,0,,,TRISC-FW,ZONE_END,150,/home/nx09/nx09/nebriscv/tt-metal-0.74/tt-metal/tt_metal/hw/firmware/src/tt-1xx/trisc.cc,
0,6,6,BRISC,51381,15504820264696,0,0,,,BRISC-FW,ZONE_START,433,/home/nx09/nx09/nebriscv/tt-metal-0.74/tt-metal/tt_metal/hw/firmware/src/tt-1xx/brisc.cc,
0,6,6,BRISC,31418,15504820265456,0,0,,,BRISC-KERNEL,ZONE_START,77,/home/nx09/nx09/nebriscv/tt-metal-0.74/tt-metal/tt_metal/hw/firmware/src/tt-1xx/brisck.cc,
0,6,6,BRISC,31418,15504820334201,0,0,,,BRISC-KERNEL,ZONE_END,77,/home/nx09/nx09/nebriscv/tt-metal-0.74/tt-metal/tt_metal/hw/firmware/src/tt-1xx/brisck.cc,
0,6,6,BRISC,51381,15504820334294,0,0,,,BRISC-FW,ZONE_END,433,/home/nx09/nx09/nebriscv/tt-metal-0.74/tt-metal/tt_metal/hw/firmware/src/tt-1xx/brisc.cc,
0,6,6,NCRISC,49034,15504820264848,0,0,,,NCRISC-FW,ZONE_START,129,/home/nx09/nx09/nebriscv/tt-metal-0.74/tt-metal/tt_metal/hw/firmware/src/tt-1xx/ncrisc.cc,
0,6,6,NCRISC,13096,15504820265338,0,0,,,NCRISC-KERNEL,ZONE_START,69,/home/nx09/nx09/nebriscv/tt-metal-0.74/tt-metal/tt_metal/hw/firmware/src/tt-1xx/ncrisck.cc,
0,6,6,NCRISC,13096,15504820333605,0,0,,,NCRISC-KERNEL,ZONE_END,69,/home/nx09/nx09/nebriscv/tt-metal-0.74/tt-metal/tt_metal/hw/firmware/src/tt-1xx/ncrisck.cc,
0,6,6,NCRISC,49034,15504820333633,0,0,,,NCRISC-FW,ZONE_END,129,/home/nx09/nx09/nebriscv/tt-metal-0.74/tt-metal/tt_metal/hw/firmware/src/tt-1xx/ncrisc.cc,
0,6,6,TRISC_0,30839,15504820264944,0,0,,,TRISC-FW,ZONE_START,150,/home/nx09/nx09/nebriscv/tt-metal-0.74/tt-metal/tt_metal/hw/firmware/src/tt-1xx/trisc.cc,
0,6,6,TRISC_0,60173,15504820265353,0,0,,,TRISC-KERNEL,ZONE_START,86,/home/nx09/nx09/nebriscv/tt-metal-0.74/tt-metal/tt_metal/hw/firmware/src/tt-1xx/trisck.cc,
0,6,6,TRISC_0,60173,15504820333672,0,0,,,TRISC-KERNEL,ZONE_END,86,/home/nx09/nx09/nebriscv/tt-metal-0.74/tt-metal/tt_metal/hw/firmware/src/tt-1xx/trisck.cc,
0,6,6,TRISC_0,30839,15504820333708,0,0,,,TRISC-FW,ZONE_END,150,/home/nx09/nx09/nebriscv/tt-metal-0.74/tt-metal/tt_metal/hw/firmware/src/tt-1xx/trisc.cc,
0,6,6,TRISC_1,30839,15504820264956,0,0,,,TRISC-FW,ZONE_START,150,/home/nx09/nx09/nebriscv/tt-metal-0.74/tt-metal/tt_metal/hw/firmware/src/tt-1xx/trisc.cc,
0,6,6,TRISC_1,60173,15504820265152,0,0,,,TRISC-KERNEL,ZONE_START,86,/home/nx09/nx09/nebriscv/tt-metal-0.74/tt-metal/tt_metal/hw/firmware/src/tt-1xx/trisck.cc,
0,6,6,TRISC_1,60173,15504820324602,0,0,,,TRISC-KERNEL,ZONE_END,86,/home/nx09/nx09/nebriscv/tt-metal-0.74/tt-metal/tt_metal/hw/firmware/src/tt-1xx/trisck.cc,
0,6,6,TRISC_1,30839,15504820333717,0,0,,,TRISC-FW,ZONE_END,150,/home/nx09/nx09/nebriscv/tt-metal-0.74/tt-metal/tt_metal/hw/firmware/src/tt-1xx/trisc.cc,
0,6,6,TRISC_2,30839,15504820264964,0,0,,,TRISC-FW,ZONE_START,150,/home/nx09/nx09/nebriscv/tt-metal-0.74/tt-metal/tt_metal/hw/firmware/src/tt-1xx/trisc.cc,
0,6,6,TRISC_2,60173,15504820265401,0,0,,,TRISC-KERNEL,ZONE_START,86,/home/nx09/nx09/nebriscv/tt-metal-0.74/tt-metal/tt_metal/hw/firmware/src/tt-1xx/trisck.cc,
0,6,6,TRISC_2,60173,15504820311223,0,0,,,TRISC-KERNEL,ZONE_END,86,/home/nx09/nx09/nebriscv/tt-metal-0.74/tt-metal/tt_metal/hw/firmware/src/tt-1xx/trisck.cc,
0,6,6,TRISC_2,30839,15504820333770,0,0,,,TRISC-FW,ZONE_END,150,/home/nx09/nx09/nebriscv/tt-metal-0.74/tt-metal/tt_metal/hw/firmware/src/tt-1xx/trisc.cc,
0,6,7,BRISC,51381,15504820294778,0,0,,,BRISC-FW,ZONE_START,433,/home/nx09/nx09/nebriscv/tt-metal-0.74/tt-metal/tt_metal/hw/firmware/src/tt-1xx/brisc.cc,
0,6,7,BRISC,31418,15504820295561,0,0,,,BRISC-KERNEL,ZONE_START,77,/home/nx09/nx09/nebriscv/tt-metal-0.74/tt-metal/tt_metal/hw/firmware/src/tt-1xx/brisck.cc,
0,6,7,BRISC,31418,15504820360032,0,0,,,BRISC-KERNEL,ZONE_END,77,/home/nx09/nx09/nebriscv/tt-metal-0.74/tt-metal/tt_metal/hw/firmware/src/tt-1xx/brisck.cc,
0,6,7,BRISC,51381,15504820360125,0,0,,,BRISC-FW,ZONE_END,433,/home/nx09/nx09/nebriscv/tt-metal-0.74/tt-metal/tt_metal/hw/firmware/src/tt-1xx/brisc.cc,
0,6,7,NCRISC,49034,15504820294933,0,0,,,NCRISC-FW,ZONE_START,129,/home/nx09/nx09/nebriscv/tt-metal-0.74/tt-metal/tt_metal/hw/firmware/src/tt-1xx/ncrisc.cc,
0,6,7,NCRISC,13096,15504820295431,0,0,,,NCRISC-KERNEL,ZONE_START,69,/home/nx09/nx09/nebriscv/tt-metal-0.74/tt-metal/tt_metal/hw/firmware/src/tt-1xx/ncrisck.cc,
0,6,7,NCRISC,13096,15504820359436,0,0,,,NCRISC-KERNEL,ZONE_END,69,/home/nx09/nx09/nebriscv/tt-metal-0.74/tt-metal/tt_metal/hw/firmware/src/tt-1xx/ncrisck.cc,
0,6,7,NCRISC,49034,15504820359464,0,0,,,NCRISC-FW,ZONE_END,129,/home/nx09/nx09/nebriscv/tt-metal-0.74/tt-metal/tt_metal/hw/firmware/src/tt-1xx/ncrisc.cc,
0,6,7,TRISC_0,30839,15504820295024,0,0,,,TRISC-FW,ZONE_START,150,/home/nx09/nx09/nebriscv/tt-metal-0.74/tt-metal/tt_metal/hw/firmware/src/tt-1xx/trisc.cc,
0,6,7,TRISC_0,60173,15504820295445,0,0,,,TRISC-KERNEL,ZONE_START,86,/home/nx09/nx09/nebriscv/tt-metal-0.74/tt-metal/tt_metal/hw/firmware/src/tt-1xx/trisck.cc,
0,6,7,TRISC_0,60173,15504820359503,0,0,,,TRISC-KERNEL,ZONE_END,86,/home/nx09/nx09/nebriscv/tt-metal-0.74/tt-metal/tt_metal/hw/firmware/src/tt-1xx/trisck.cc,
0,6,7,TRISC_0,30839,15504820359539,0,0,,,TRISC-FW,ZONE_END,150,/home/nx09/nx09/nebriscv/tt-metal-0.74/tt-metal/tt_metal/hw/firmware/src/tt-1xx/trisc.cc,
0,6,7,TRISC_1,30839,15504820295038,0,0,,,TRISC-FW,ZONE_START,150,/home/nx09/nx09/nebriscv/tt-metal-0.74/tt-metal/tt_metal/hw/firmware/src/tt-1xx/trisc.cc,
0,6,7,TRISC_1,60173,15504820295226,0,0,,,TRISC-KERNEL,ZONE_START,86,/home/nx09/nx09/nebriscv/tt-metal-0.74/tt-metal/tt_metal/hw/firmware/src/tt-1xx/trisck.cc,
0,6,7,TRISC_1,60173,15504820350766,0,0,,,TRISC-KERNEL,ZONE_END,86,/home/nx09/nx09/nebriscv/tt-metal-0.74/tt-metal/tt_metal/hw/firmware/src/tt-1xx/trisck.cc,
0,6,7,TRISC_1,30839,15504820359548,0,0,,,TRISC-FW,ZONE_END,150,/home/nx09/nx09/nebriscv/tt-metal-0.74/tt-metal/tt_metal/hw/firmware/src/tt-1xx/trisc.cc,
0,6,7,TRISC_2,30839,15504820295047,0,0,,,TRISC-FW,ZONE_START,150,/home/nx09/nx09/nebriscv/tt-metal-0.74/tt-metal/tt_metal/hw/firmware/src/tt-1xx/trisc.cc,
0,6,7,TRISC_2,60173,15504820295476,0,0,,,TRISC-KERNEL,ZONE_START,86,/home/nx09/nx09/nebriscv/tt-metal-0.74/tt-metal/tt_metal/hw/firmware/src/tt-1xx/trisck.cc,
0,6,7,TRISC_2,60173,15504820337720,0,0,,,TRISC-KERNEL,ZONE_END,86,/home/nx09/nx09/nebriscv/tt-metal-0.74/tt-metal/tt_metal/hw/firmware/src/tt-1xx/trisck.cc,
0,6,7,TRISC_2,30839,15504820359601,0,0,,,TRISC-FW,ZONE_END,150,/home/nx09/nx09/nebriscv/tt-metal-0.74/tt-metal/tt_metal/hw/firmware/src/tt-1xx/trisc.cc,
0,6,8,BRISC,51381,15504820324126,0,0,,,BRISC-FW,ZONE_START,433,/home/nx09/nx09/nebriscv/tt-metal-0.74/tt-metal/tt_metal/hw/firmware/src/tt-1xx/brisc.cc,
0,6,8,BRISC,31418,15504820324910,0,0,,,BRISC-KERNEL,ZONE_START,77,/home/nx09/nx09/nebriscv/tt-metal-0.74/tt-metal/tt_metal/hw/firmware/src/tt-1xx/brisck.cc,
0,6,8,BRISC,31418,15504820393306,0,0,,,BRISC-KERNEL,ZONE_END,77,/home/nx09/nx09/nebriscv/tt-metal-0.74/tt-metal/tt_metal/hw/firmware/src/tt-1xx/brisck.cc,
0,6,8,BRISC,51381,15504820393399,0,0,,,BRISC-FW,ZONE_END,433,/home/nx09/nx09/nebriscv/tt-metal-0.74/tt-metal/tt_metal/hw/firmware/src/tt-1xx/brisc.cc,
0,6,8,NCRISC,49034,15504820324278,0,0,,,NCRISC-FW,ZONE_START,129,/home/nx09/nx09/nebriscv/tt-metal-0.74/tt-metal/tt_metal/hw/firmware/src/tt-1xx/ncrisc.cc,
0,6,8,NCRISC,13096,15504820324776,0,0,,,NCRISC-KERNEL,ZONE_START,69,/home/nx09/nx09/nebriscv/tt-metal-0.74/tt-metal/tt_metal/hw/firmware/src/tt-1xx/ncrisck.cc,
0,6,8,NCRISC,13096,15504820392710,0,0,,,NCRISC-KERNEL,ZONE_END,69,/home/nx09/nx09/nebriscv/tt-metal-0.74/tt-metal/tt_metal/hw/firmware/src/tt-1xx/ncrisck.cc,
0,6,8,NCRISC,49034,15504820392738,0,0,,,NCRISC-FW,ZONE_END,129,/home/nx09/nx09/nebriscv/tt-metal-0.74/tt-metal/tt_metal/hw/firmware/src/tt-1xx/ncrisc.cc,
0,6,8,TRISC_0,30839,15504820324399,0,0,,,TRISC-FW,ZONE_START,150,/home/nx09/nx09/nebriscv/tt-metal-0.74/tt-metal/tt_metal/hw/firmware/src/tt-1xx/trisc.cc,
0,6,8,TRISC_0,60173,15504820324812,0,0,,,TRISC-KERNEL,ZONE_START,86,/home/nx09/nx09/nebriscv/tt-metal-0.74/tt-metal/tt_metal/hw/firmware/src/tt-1xx/trisck.cc,
0,6,8,TRISC_0,60173,15504820392777,0,0,,,TRISC-KERNEL,ZONE_END,86,/home/nx09/nx09/nebriscv/tt-metal-0.74/tt-metal/tt_metal/hw/firmware/src/tt-1xx/trisck.cc,
0,6,8,TRISC_0,30839,15504820392813,0,0,,,TRISC-FW,ZONE_END,150,/home/nx09/nx09/nebriscv/tt-metal-0.74/tt-metal/tt_metal/hw/firmware/src/tt-1xx/trisc.cc,
0,6,8,TRISC_1,30839,15504820324391,0,0,,,TRISC-FW,ZONE_START,150,/home/nx09/nx09/nebriscv/tt-metal-0.74/tt-metal/tt_metal/hw/firmware/src/tt-1xx/trisc.cc,
0,6,8,TRISC_1,60173,15504820324568,0,0,,,TRISC-KERNEL,ZONE_START,86,/home/nx09/nx09/nebriscv/tt-metal-0.74/tt-metal/tt_metal/hw/firmware/src/tt-1xx/trisck.cc,
0,6,8,TRISC_1,60173,15504820383851,0,0,,,TRISC-KERNEL,ZONE_END,86,/home/nx09/nx09/nebriscv/tt-metal-0.74/tt-metal/tt_metal/hw/firmware/src/tt-1xx/trisck.cc,
0,6,8,TRISC_1,30839,15504820392822,0,0,,,TRISC-FW,ZONE_END,150,/home/nx09/nx09/nebriscv/tt-metal-0.74/tt-metal/tt_metal/hw/firmware/src/tt-1xx/trisc.cc,
0,6,8,TRISC_2,30839,15504820324400,0,0,,,TRISC-FW,ZONE_START,150,/home/nx09/nx09/nebriscv/tt-metal-0.74/tt-metal/tt_metal/hw/firmware/src/tt-1xx/trisc.cc,
0,6,8,TRISC_2,60173,15504820324828,0,0,,,TRISC-KERNEL,ZONE_START,86,/home/nx09/nx09/nebriscv/tt-metal-0.74/tt-metal/tt_metal/hw/firmware/src/tt-1xx/trisck.cc,
0,6,8,TRISC_2,60173,15504820370418,0,0,,,TRISC-KERNEL,ZONE_END,86,/home/nx09/nx09/nebriscv/tt-metal-0.74/tt-metal/tt_metal/hw/firmware/src/tt-1xx/trisck.cc,
0,6,8,TRISC_2,30839,15504820392875,0,0,,,TRISC-FW,ZONE_END,150,/home/nx09/nx09/nebriscv/tt-metal-0.74/tt-metal/tt_metal/hw/firmware/src/tt-1xx/trisc.cc,
0,6,9,BRISC,51381,15504820352659,0,0,,,BRISC-FW,ZONE_START,433,/home/nx09/nx09/nebriscv/tt-metal-0.74/tt-metal/tt_metal/hw/firmware/src/tt-1xx/brisc.cc,
0,6,9,BRISC,31418,15504820353442,0,0,,,BRISC-KERNEL,ZONE_START,77,/home/nx09/nx09/nebriscv/tt-metal-0.74/tt-metal/tt_metal/hw/firmware/src/tt-1xx/brisck.cc,
0,6,9,BRISC,31418,15504820422165,0,0,,,BRISC-KERNEL,ZONE_END,77,/home/nx09/nx09/nebriscv/tt-metal-0.74/tt-metal/tt_metal/hw/firmware/src/tt-1xx/brisck.cc,
0,6,9,BRISC,51381,15504820422259,0,0,,,BRISC-FW,ZONE_END,433,/home/nx09/nx09/nebriscv/tt-metal-0.74/tt-metal/tt_metal/hw/firmware/src/tt-1xx/brisc.cc,
0,6,9,NCRISC,49034,15504820352826,0,0,,,NCRISC-FW,ZONE_START,129,/home/nx09/nx09/nebriscv/tt-metal-0.74/tt-metal/tt_metal/hw/firmware/src/tt-1xx/ncrisc.cc,
0,6,9,NCRISC,13096,15504820353328,0,0,,,NCRISC-KERNEL,ZONE_START,69,/home/nx09/nx09/nebriscv/tt-metal-0.74/tt-metal/tt_metal/hw/firmware/src/tt-1xx/ncrisck.cc,
0,6,9,NCRISC,13096,15504820421574,0,0,,,NCRISC-KERNEL,ZONE_END,69,/home/nx09/nx09/nebriscv/tt-metal-0.74/tt-metal/tt_metal/hw/firmware/src/tt-1xx/ncrisck.cc,
0,6,9,NCRISC,49034,15504820421602,0,0,,,NCRISC-FW,ZONE_END,129,/home/nx09/nx09/nebriscv/tt-metal-0.74/tt-metal/tt_metal/hw/firmware/src/tt-1xx/ncrisc.cc,
0,6,9,TRISC_0,30839,15504820352935,0,0,,,TRISC-FW,ZONE_START,150,/home/nx09/nx09/nebriscv/tt-metal-0.74/tt-metal/tt_metal/hw/firmware/src/tt-1xx/trisc.cc,
0,6,9,TRISC_0,60173,15504820353349,0,0,,,TRISC-KERNEL,ZONE_START,86,/home/nx09/nx09/nebriscv/tt-metal-0.74/tt-metal/tt_metal/hw/firmware/src/tt-1xx/trisck.cc,
0,6,9,TRISC_0,60173,15504820421641,0,0,,,TRISC-KERNEL,ZONE_END,86,/home/nx09/nx09/nebriscv/tt-metal-0.74/tt-metal/tt_metal/hw/firmware/src/tt-1xx/trisck.cc,
0,6,9,TRISC_0,30839,15504820421680,0,0,,,TRISC-FW,ZONE_END,150,/home/nx09/nx09/nebriscv/tt-metal-0.74/tt-metal/tt_metal/hw/firmware/src/tt-1xx/trisc.cc,
0,6,9,TRISC_1,30839,15504820352936,0,0,,,TRISC-FW,ZONE_START,150,/home/nx09/nx09/nebriscv/tt-metal-0.74/tt-metal/tt_metal/hw/firmware/src/tt-1xx/trisc.cc,
0,6,9,TRISC_1,60173,15504820353125,0,0,,,TRISC-KERNEL,ZONE_START,86,/home/nx09/nx09/nebriscv/tt-metal-0.74/tt-metal/tt_metal/hw/firmware/src/tt-1xx/trisck.cc,
0,6,9,TRISC_1,60173,15504820412418,0,0,,,TRISC-KERNEL,ZONE_END,86,/home/nx09/nx09/nebriscv/tt-metal-0.74/tt-metal/tt_metal/hw/firmware/src/tt-1xx/trisck.cc,
0,6,9,TRISC_1,30839,15504820421682,0,0,,,TRISC-FW,ZONE_END,150,/home/nx09/nx09/nebriscv/tt-metal-0.74/tt-metal/tt_metal/hw/firmware/src/tt-1xx/trisc.cc,
0,6,9,TRISC_2,30839,15504820352933,0,0,,,TRISC-FW,ZONE_START,150,/home/nx09/nx09/nebriscv/tt-metal-0.74/tt-metal/tt_metal/hw/firmware/src/tt-1xx/trisc.cc,
0,6,9,TRISC_2,60173,15504820353366,0,0,,,TRISC-KERNEL,ZONE_START,86,/home/nx09/nx09/nebriscv/tt-metal-0.74/tt-metal/tt_metal/hw/firmware/src/tt-1xx/trisck.cc,
0,6,9,TRISC_2,60173,15504820398680,0,0,,,TRISC-KERNEL,ZONE_END,86,/home/nx09/nx09/nebriscv/tt-metal-0.74/tt-metal/tt_metal/hw/firmware/src/tt-1xx/trisck.cc,
0,6,9,TRISC_2,30839,15504820421733,0,0,,,TRISC-FW,ZONE_END,150,/home/nx09/nx09/nebriscv/tt-metal-0.74/tt-metal/tt_metal/hw/firmware/src/tt-1xx/trisc.cc,
0,6,10,BRISC,51381,15504820381141,0,0,,,BRISC-FW,ZONE_START,433,/home/nx09/nx09/nebriscv/tt-metal-0.74/tt-metal/tt_metal/hw/firmware/src/tt-1xx/brisc.cc,
0,6,10,BRISC,31418,15504820381924,0,0,,,BRISC-KERNEL,ZONE_START,77,/home/nx09/nx09/nebriscv/tt-metal-0.74/tt-metal/tt_metal/hw/firmware/src/tt-1xx/brisck.cc,
0,6,10,BRISC,31418,15504820446709,0,0,,,BRISC-KERNEL,ZONE_END,77,/home/nx09/nx09/nebriscv/tt-metal-0.74/tt-metal/tt_metal/hw/firmware/src/tt-1xx/brisck.cc,
0,6,10,BRISC,51381,15504820446802,0,0,,,BRISC-FW,ZONE_END,433,/home/nx09/nx09/nebriscv/tt-metal-0.74/tt-metal/tt_metal/hw/firmware/src/tt-1xx/brisc.cc,
0,6,10,NCRISC,49034,15504820381296,0,0,,,NCRISC-FW,ZONE_START,129,/home/nx09/nx09/nebriscv/tt-metal-0.74/tt-metal/tt_metal/hw/firmware/src/tt-1xx/ncrisc.cc,
0,6,10,NCRISC,13096,15504820381794,0,0,,,NCRISC-KERNEL,ZONE_START,69,/home/nx09/nx09/nebriscv/tt-metal-0.74/tt-metal/tt_metal/hw/firmware/src/tt-1xx/ncrisck.cc,
0,6,10,NCRISC,13096,15504820446113,0,0,,,NCRISC-KERNEL,ZONE_END,69,/home/nx09/nx09/nebriscv/tt-metal-0.74/tt-metal/tt_metal/hw/firmware/src/tt-1xx/ncrisck.cc,
0,6,10,NCRISC,49034,15504820446141,0,0,,,NCRISC-FW,ZONE_END,129,/home/nx09/nx09/nebriscv/tt-metal-0.74/tt-metal/tt_metal/hw/firmware/src/tt-1xx/ncrisc.cc,
0,6,10,TRISC_0,30839,15504820381387,0,0,,,TRISC-FW,ZONE_START,150,/home/nx09/nx09/nebriscv/tt-metal-0.74/tt-metal/tt_metal/hw/firmware/src/tt-1xx/trisc.cc,
0,6,10,TRISC_0,60173,15504820381808,0,0,,,TRISC-KERNEL,ZONE_START,86,/home/nx09/nx09/nebriscv/tt-metal-0.74/tt-metal/tt_metal/hw/firmware/src/tt-1xx/trisck.cc,
0,6,10,TRISC_0,60173,15504820446180,0,0,,,TRISC-KERNEL,ZONE_END,86,/home/nx09/nx09/nebriscv/tt-metal-0.74/tt-metal/tt_metal/hw/firmware/src/tt-1xx/trisck.cc,
0,6,10,TRISC_0,30839,15504820446216,0,0,,,TRISC-FW,ZONE_END,150,/home/nx09/nx09/nebriscv/tt-metal-0.74/tt-metal/tt_metal/hw/firmware/src/tt-1xx/trisc.cc,
0,6,10,TRISC_1,30839,15504820381401,0,0,,,TRISC-FW,ZONE_START,150,/home/nx09/nx09/nebriscv/tt-metal-0.74/tt-metal/tt_metal/hw/firmware/src/tt-1xx/trisc.cc,
0,6,10,TRISC_1,60173,15504820381589,0,0,,,TRISC-KERNEL,ZONE_START,86,/home/nx09/nx09/nebriscv/tt-metal-0.74/tt-metal/tt_metal/hw/firmware/src/tt-1xx/trisck.cc,
0,6,10,TRISC_1,60173,15504820438325,0,0,,,TRISC-KERNEL,ZONE_END,86,/home/nx09/nx09/nebriscv/tt-metal-0.74/tt-metal/tt_metal/hw/firmware/src/tt-1xx/trisck.cc,
0,6,10,TRISC_1,30839,15504820446225,0,0,,,TRISC-FW,ZONE_END,150,/home/nx09/nx09/nebriscv/tt-metal-0.74/tt-metal/tt_metal/hw/firmware/src/tt-1xx/trisc.cc,
0,6,10,TRISC_2,30839,15504820381410,0,0,,,TRISC-FW,ZONE_START,150,/home/nx09/nx09/nebriscv/tt-metal-0.74/tt-metal/tt_metal/hw/firmware/src/tt-1xx/trisc.cc,
0,6,10,TRISC_2,60173,15504820381839,0,0,,,TRISC-KERNEL,ZONE_START,86,/home/nx09/nx09/nebriscv/tt-metal-0.74/tt-metal/tt_metal/hw/firmware/src/tt-1xx/trisck.cc,
0,6,10,TRISC_2,60173,15504820426315,0,0,,,TRISC-KERNEL,ZONE_END,86,/home/nx09/nx09/nebriscv/tt-metal-0.74/tt-metal/tt_metal/hw/firmware/src/tt-1xx/trisck.cc,
0,6,10,TRISC_2,30839,15504820446278,0,0,,,TRISC-FW,ZONE_END,150,/home/nx09/nx09/nebriscv/tt-metal-0.74/tt-metal/tt_metal/hw/firmware/src/tt-1xx/trisc.cc,
0,6,11,BRISC,51381,15504820411745,0,0,,,BRISC-FW,ZONE_START,433,/home/nx09/nx09/nebriscv/tt-metal-0.74/tt-metal/tt_metal/hw/firmware/src/tt-1xx/brisc.cc,
0,6,11,BRISC,31418,15504820412526,0,0,,,BRISC-KERNEL,ZONE_START,77,/home/nx09/nx09/nebriscv/tt-metal-0.74/tt-metal/tt_metal/hw/firmware/src/tt-1xx/brisck.cc,
0,6,11,BRISC,31418,15504820480922,0,0,,,BRISC-KERNEL,ZONE_END,77,/home/nx09/nx09/nebriscv/tt-metal-0.74/tt-metal/tt_metal/hw/firmware/src/tt-1xx/brisck.cc,
0,6,11,BRISC,51381,15504820481019,0,0,,,BRISC-FW,ZONE_END,433,/home/nx09/nx09/nebriscv/tt-metal-0.74/tt-metal/tt_metal/hw/firmware/src/tt-1xx/brisc.cc,
0,6,11,NCRISC,49034,15504820411898,0,0,,,NCRISC-FW,ZONE_START,129,/home/nx09/nx09/nebriscv/tt-metal-0.74/tt-metal/tt_metal/hw/firmware/src/tt-1xx/ncrisc.cc,
0,6,11,NCRISC,13096,15504820412377,0,0,,,NCRISC-KERNEL,ZONE_START,69,/home/nx09/nx09/nebriscv/tt-metal-0.74/tt-metal/tt_metal/hw/firmware/src/tt-1xx/ncrisck.cc,
0,6,11,NCRISC,13096,15504820480329,0,0,,,NCRISC-KERNEL,ZONE_END,69,/home/nx09/nx09/nebriscv/tt-metal-0.74/tt-metal/tt_metal/hw/firmware/src/tt-1xx/ncrisck.cc,
0,6,11,NCRISC,49034,15504820480358,0,0,,,NCRISC-FW,ZONE_END,129,/home/nx09/nx09/nebriscv/tt-metal-0.74/tt-metal/tt_metal/hw/firmware/src/tt-1xx/ncrisc.cc,
0,6,11,TRISC_0,30839,15504820412005,0,0,,,TRISC-FW,ZONE_START,150,/home/nx09/nx09/nebriscv/tt-metal-0.74/tt-metal/tt_metal/hw/firmware/src/tt-1xx/trisc.cc,
0,6,11,TRISC_0,60173,15504820412422,0,0,,,TRISC-KERNEL,ZONE_START,86,/home/nx09/nx09/nebriscv/tt-metal-0.74/tt-metal/tt_metal/hw/firmware/src/tt-1xx/trisck.cc,
0,6,11,TRISC_0,60173,15504820480391,0,0,,,TRISC-KERNEL,ZONE_END,86,/home/nx09/nx09/nebriscv/tt-metal-0.74/tt-metal/tt_metal/hw/firmware/src/tt-1xx/trisck.cc,
0,6,11,TRISC_0,30839,15504820480428,0,0,,,TRISC-FW,ZONE_END,150,/home/nx09/nx09/nebriscv/tt-metal-0.74/tt-metal/tt_metal/hw/firmware/src/tt-1xx/trisc.cc,
0,6,11,TRISC_1,30839,15504820412013,0,0,,,TRISC-FW,ZONE_START,150,/home/nx09/nx09/nebriscv/tt-metal-0.74/tt-metal/tt_metal/hw/firmware/src/tt-1xx/trisc.cc,
0,6,11,TRISC_1,60173,15504820412194,0,0,,,TRISC-KERNEL,ZONE_START,86,/home/nx09/nx09/nebriscv/tt-metal-0.74/tt-metal/tt_metal/hw/firmware/src/tt-1xx/trisck.cc,
0,6,11,TRISC_1,60173,15504820471339,0,0,,,TRISC-KERNEL,ZONE_END,86,/home/nx09/nx09/nebriscv/tt-metal-0.74/tt-metal/tt_metal/hw/firmware/src/tt-1xx/trisck.cc,
0,6,11,TRISC_1,30839,15504820480436,0,0,,,TRISC-FW,ZONE_END,150,/home/nx09/nx09/nebriscv/tt-metal-0.74/tt-metal/tt_metal/hw/firmware/src/tt-1xx/trisc.cc,
0,6,11,TRISC_2,30839,15504820412018,0,0,,,TRISC-FW,ZONE_START,150,/home/nx09/nx09/nebriscv/tt-metal-0.74/tt-metal/tt_metal/hw/firmware/src/tt-1xx/trisc.cc,
0,6,11,TRISC_2,60173,15504820412448,0,0,,,TRISC-KERNEL,ZONE_START,86,/home/nx09/nx09/nebriscv/tt-metal-0.74/tt-metal/tt_metal/hw/firmware/src/tt-1xx/trisck.cc,
0,6,11,TRISC_2,60173,15504820457718,0,0,,,TRISC-KERNEL,ZONE_END,86,/home/nx09/nx09/nebriscv/tt-metal-0.74/tt-metal/tt_metal/hw/firmware/src/tt-1xx/trisck.cc,
0,6,11,TRISC_2,30839,15504820480484,0,0,,,TRISC-FW,ZONE_END,150,/home/nx09/nx09/nebriscv/tt-metal-0.74/tt-metal/tt_metal/hw/firmware/src/tt-1xx/trisc.cc,
0,11,2,BRISC,51381,194901392559,0,0,,,BRISC-FW,ZONE_START,433,/home/nx09/nx09/nebriscv/tt-metal-0.74/tt-metal/tt_metal/hw/firmware/src/tt-1xx/brisc.cc,
0,11,2,BRISC,31418,194901393335,0,0,,,BRISC-KERNEL,ZONE_START,77,/home/nx09/nx09/nebriscv/tt-metal-0.74/tt-metal/tt_metal/hw/firmware/src/tt-1xx/brisck.cc,
0,11,2,BRISC,31418,194901462252,0,0,,,BRISC-KERNEL,ZONE_END,77,/home/nx09/nx09/nebriscv/tt-metal-0.74/tt-metal/tt_metal/hw/firmware/src/tt-1xx/brisck.cc,
0,11,2,BRISC,51381,194901462349,0,0,,,BRISC-FW,ZONE_END,433,/home/nx09/nx09/nebriscv/tt-metal-0.74/tt-metal/tt_metal/hw/firmware/src/tt-1xx/brisc.cc,
0,11,2,NCRISC,49034,194901392714,0,0,,,NCRISC-FW,ZONE_START,129,/home/nx09/nx09/nebriscv/tt-metal-0.74/tt-metal/tt_metal/hw/firmware/src/tt-1xx/ncrisc.cc,
0,11,2,NCRISC,13096,194901393200,0,0,,,NCRISC-KERNEL,ZONE_START,69,/home/nx09/nx09/nebriscv/tt-metal-0.74/tt-metal/tt_metal/hw/firmware/src/tt-1xx/ncrisck.cc,
0,11,2,NCRISC,13096,194901461659,0,0,,,NCRISC-KERNEL,ZONE_END,69,/home/nx09/nx09/nebriscv/tt-metal-0.74/tt-metal/tt_metal/hw/firmware/src/tt-1xx/ncrisck.cc,
0,11,2,NCRISC,49034,194901461688,0,0,,,NCRISC-FW,ZONE_END,129,/home/nx09/nx09/nebriscv/tt-metal-0.74/tt-metal/tt_metal/hw/firmware/src/tt-1xx/ncrisc.cc,
0,11,2,TRISC_0,30839,194901392805,0,0,,,TRISC-FW,ZONE_START,150,/home/nx09/nx09/nebriscv/tt-metal-0.74/tt-metal/tt_metal/hw/firmware/src/tt-1xx/trisc.cc,
0,11,2,TRISC_0,60173,194901393227,0,0,,,TRISC-KERNEL,ZONE_START,86,/home/nx09/nx09/nebriscv/tt-metal-0.74/tt-metal/tt_metal/hw/firmware/src/tt-1xx/trisck.cc,
0,11,2,TRISC_0,60173,194901461721,0,0,,,TRISC-KERNEL,ZONE_END,86,/home/nx09/nx09/nebriscv/tt-metal-0.74/tt-metal/tt_metal/hw/firmware/src/tt-1xx/trisck.cc,
0,11,2,TRISC_0,30839,194901461758,0,0,,,TRISC-FW,ZONE_END,150,/home/nx09/nx09/nebriscv/tt-metal-0.74/tt-metal/tt_metal/hw/firmware/src/tt-1xx/trisc.cc,
0,11,2,TRISC_1,30839,194901392827,0,0,,,TRISC-FW,ZONE_START,150,/home/nx09/nx09/nebriscv/tt-metal-0.74/tt-metal/tt_metal/hw/firmware/src/tt-1xx/trisc.cc,
0,11,2,TRISC_1,60173,194901393012,0,0,,,TRISC-KERNEL,ZONE_START,86,/home/nx09/nx09/nebriscv/tt-metal-0.74/tt-metal/tt_metal/hw/firmware/src/tt-1xx/trisck.cc,
0,11,2,TRISC_1,60173,194901452570,0,0,,,TRISC-KERNEL,ZONE_END,86,/home/nx09/nx09/nebriscv/tt-metal-0.74/tt-metal/tt_metal/hw/firmware/src/tt-1xx/trisck.cc,
0,11,2,TRISC_1,30839,194901461766,0,0,,,TRISC-FW,ZONE_END,150,/home/nx09/nx09/nebriscv/tt-metal-0.74/tt-metal/tt_metal/hw/firmware/src/tt-1xx/trisc.cc,
0,11,2,TRISC_2,30839,194901392819,0,0,,,TRISC-FW,ZONE_START,150,/home/nx09/nx09/nebriscv/tt-metal-0.74/tt-metal/tt_metal/hw/firmware/src/tt-1xx/trisc.cc,
0,11,2,TRISC_2,60173,194901393245,0,0,,,TRISC-KERNEL,ZONE_START,86,/home/nx09/nx09/nebriscv/tt-metal-0.74/tt-metal/tt_metal/hw/firmware/src/tt-1xx/trisck.cc,
0,11,2,TRISC_2,60173,194901439056,0,0,,,TRISC-KERNEL,ZONE_END,86,/home/nx09/nx09/nebriscv/tt-metal-0.74/tt-metal/tt_metal/hw/firmware/src/tt-1xx/trisck.cc,
0,11,2,TRISC_2,30839,194901461814,0,0,,,TRISC-FW,ZONE_END,150,/home/nx09/nx09/nebriscv/tt-metal-0.74/tt-metal/tt_metal/hw/firmware/src/tt-1xx/trisc.cc,
0,11,3,BRISC,51381,194901421000,0,0,,,BRISC-FW,ZONE_START,433,/home/nx09/nx09/nebriscv/tt-metal-0.74/tt-metal/tt_metal/hw/firmware/src/tt-1xx/brisc.cc,
0,11,3,BRISC,31418,194901421760,0,0,,,BRISC-KERNEL,ZONE_START,77,/home/nx09/nx09/nebriscv/tt-metal-0.74/tt-metal/tt_metal/hw/firmware/src/tt-1xx/brisck.cc,
0,11,3,BRISC,31418,194901490329,0,0,,,BRISC-KERNEL,ZONE_END,77,/home/nx09/nx09/nebriscv/tt-metal-0.74/tt-metal/tt_metal/hw/firmware/src/tt-1xx/brisck.cc,
0,11,3,BRISC,51381,194901490422,0,0,,,BRISC-FW,ZONE_END,433,/home/nx09/nx09/nebriscv/tt-metal-0.74/tt-metal/tt_metal/hw/firmware/src/tt-1xx/brisc.cc,
0,11,3,NCRISC,49034,194901421152,0,0,,,NCRISC-FW,ZONE_START,129,/home/nx09/nx09/nebriscv/tt-metal-0.74/tt-metal/tt_metal/hw/firmware/src/tt-1xx/ncrisc.cc,
0,11,3,NCRISC,13096,194901421642,0,0,,,NCRISC-KERNEL,ZONE_START,69,/home/nx09/nx09/nebriscv/tt-metal-0.74/tt-metal/tt_metal/hw/firmware/src/tt-1xx/ncrisck.cc,
0,11,3,NCRISC,13096,194901489733,0,0,,,NCRISC-KERNEL,ZONE_END,69,/home/nx09/nx09/nebriscv/tt-metal-0.74/tt-metal/tt_metal/hw/firmware/src/tt-1xx/ncrisck.cc,
0,11,3,NCRISC,49034,194901489761,0,0,,,NCRISC-FW,ZONE_END,129,/home/nx09/nx09/nebriscv/tt-metal-0.74/tt-metal/tt_metal/hw/firmware/src/tt-1xx/ncrisc.cc,
0,11,3,TRISC_0,30839,194901421248,0,0,,,TRISC-FW,ZONE_START,150,/home/nx09/nx09/nebriscv/tt-metal-0.74/tt-metal/tt_metal/hw/firmware/src/tt-1xx/trisc.cc,
0,11,3,TRISC_0,60173,194901421657,0,0,,,TRISC-KERNEL,ZONE_START,86,/home/nx09/nx09/nebriscv/tt-metal-0.74/tt-metal/tt_metal/hw/firmware/src/tt-1xx/trisck.cc,
0,11,3,TRISC_0,60173,194901489800,0,0,,,TRISC-KERNEL,ZONE_END,86,/home/nx09/nx09/nebriscv/tt-metal-0.74/tt-metal/tt_metal/hw/firmware/src/tt-1xx/trisck.cc,
0,11,3,TRISC_0,30839,194901489836,0,0,,,TRISC-FW,ZONE_END,150,/home/nx09/nx09/nebriscv/tt-metal-0.74/tt-metal/tt_metal/hw/firmware/src/tt-1xx/trisc.cc,
0,11,3,TRISC_1,30839,194901421260,0,0,,,TRISC-FW,ZONE_START,150,/home/nx09/nx09/nebriscv/tt-metal-0.74/tt-metal/tt_metal/hw/firmware/src/tt-1xx/trisc.cc,
0,11,3,TRISC_1,60173,194901421456,0,0,,,TRISC-KERNEL,ZONE_START,86,/home/nx09/nx09/nebriscv/tt-metal-0.74/tt-metal/tt_metal/hw/firmware/src/tt-1xx/trisck.cc,
0,11,3,TRISC_1,60173,194901480838,0,0,,,TRISC-KERNEL,ZONE_END,86,/home/nx09/nx09/nebriscv/tt-metal-0.74/tt-metal/tt_metal/hw/firmware/src/tt-1xx/trisck.cc,
0,11,3,TRISC_1,30839,194901489845,0,0,,,TRISC-FW,ZONE_END,150,/home/nx09/nx09/nebriscv/tt-metal-0.74/tt-metal/tt_metal/hw/firmware/src/tt-1xx/trisc.cc,
0,11,3,TRISC_2,30839,194901421268,0,0,,,TRISC-FW,ZONE_START,150,/home/nx09/nx09/nebriscv/tt-metal-0.74/tt-metal/tt_metal/hw/firmware/src/tt-1xx/trisc.cc,
0,11,3,TRISC_2,60173,194901421705,0,0,,,TRISC-KERNEL,ZONE_START,86,/home/nx09/nx09/nebriscv/tt-metal-0.74/tt-metal/tt_metal/hw/firmware/src/tt-1xx/trisck.cc,
0,11,3,TRISC_2,60173,194901467091,0,0,,,TRISC-KERNEL,ZONE_END,86,/home/nx09/nx09/nebriscv/tt-metal-0.74/tt-metal/tt_metal/hw/firmware/src/tt-1xx/trisck.cc,
0,11,3,TRISC_2,30839,194901489898,0,0,,,TRISC-FW,ZONE_END,150,/home/nx09/nx09/nebriscv/tt-metal-0.74/tt-metal/tt_metal/hw/firmware/src/tt-1xx/trisc.cc,
0,11,4,BRISC,51381,194901449472,0,0,,,BRISC-FW,ZONE_START,433,/home/nx09/nx09/nebriscv/tt-metal-0.74/tt-metal/tt_metal/hw/firmware/src/tt-1xx/brisc.cc,
0,11,4,BRISC,31418,194901450254,0,0,,,BRISC-KERNEL,ZONE_START,77,/home/nx09/nx09/nebriscv/tt-metal-0.74/tt-metal/tt_metal/hw/firmware/src/tt-1xx/brisck.cc,
0,11,4,BRISC,31418,194901514885,0,0,,,BRISC-KERNEL,ZONE_END,77,/home/nx09/nx09/nebriscv/tt-metal-0.74/tt-metal/tt_metal/hw/firmware/src/tt-1xx/brisck.cc,
0,11,4,BRISC,51381,194901514982,0,0,,,BRISC-FW,ZONE_END,433,/home/nx09/nx09/nebriscv/tt-metal-0.74/tt-metal/tt_metal/hw/firmware/src/tt-1xx/brisc.cc,
0,11,4,NCRISC,49034,194901449625,0,0,,,NCRISC-FW,ZONE_START,129,/home/nx09/nx09/nebriscv/tt-metal-0.74/tt-metal/tt_metal/hw/firmware/src/tt-1xx/ncrisc.cc,
0,11,4,NCRISC,13096,194901450104,0,0,,,NCRISC-KERNEL,ZONE_START,69,/home/nx09/nx09/nebriscv/tt-metal-0.74/tt-metal/tt_metal/hw/firmware/src/tt-1xx/ncrisck.cc,
0,11,4,NCRISC,13096,194901514292,0,0,,,NCRISC-KERNEL,ZONE_END,69,/home/nx09/nx09/nebriscv/tt-metal-0.74/tt-metal/tt_metal/hw/firmware/src/tt-1xx/ncrisck.cc,
0,11,4,NCRISC,49034,194901514321,0,0,,,NCRISC-FW,ZONE_END,129,/home/nx09/nx09/nebriscv/tt-metal-0.74/tt-metal/tt_metal/hw/firmware/src/tt-1xx/ncrisc.cc,
0,11,4,TRISC_0,30839,194901449732,0,0,,,TRISC-FW,ZONE_START,150,/home/nx09/nx09/nebriscv/tt-metal-0.74/tt-metal/tt_metal/hw/firmware/src/tt-1xx/trisc.cc,
0,11,4,TRISC_0,60173,194901450149,0,0,,,TRISC-KERNEL,ZONE_START,86,/home/nx09/nx09/nebriscv/tt-metal-0.74/tt-metal/tt_metal/hw/firmware/src/tt-1xx/trisck.cc,
0,11,4,TRISC_0,60173,194901514354,0,0,,,TRISC-KERNEL,ZONE_END,86,/home/nx09/nx09/nebriscv/tt-metal-0.74/tt-metal/tt_metal/hw/firmware/src/tt-1xx/trisck.cc,
0,11,4,TRISC_0,30839,194901514391,0,0,,,TRISC-FW,ZONE_END,150,/home/nx09/nx09/nebriscv/tt-metal-0.74/tt-metal/tt_metal/hw/firmware/src/tt-1xx/trisc.cc,
0,11,4,TRISC_1,30839,194901449740,0,0,,,TRISC-FW,ZONE_START,150,/home/nx09/nx09/nebriscv/tt-metal-0.74/tt-metal/tt_metal/hw/firmware/src/tt-1xx/trisc.cc,
0,11,4,TRISC_1,60173,194901449921,0,0,,,TRISC-KERNEL,ZONE_START,86,/home/nx09/nx09/nebriscv/tt-metal-0.74/tt-metal/tt_metal/hw/firmware/src/tt-1xx/trisck.cc,
0,11,4,TRISC_1,60173,194901505671,0,0,,,TRISC-KERNEL,ZONE_END,86,/home/nx09/nx09/nebriscv/tt-metal-0.74/tt-metal/tt_metal/hw/firmware/src/tt-1xx/trisck.cc,
0,11,4,TRISC_1,30839,194901514399,0,0,,,TRISC-FW,ZONE_END,150,/home/nx09/nx09/nebriscv/tt-metal-0.74/tt-metal/tt_metal/hw/firmware/src/tt-1xx/trisc.cc,
0,11,4,TRISC_2,30839,194901449745,0,0,,,TRISC-FW,ZONE_START,150,/home/nx09/nx09/nebriscv/tt-metal-0.74/tt-metal/tt_metal/hw/firmware/src/tt-1xx/trisc.cc,
0,11,4,TRISC_2,60173,194901450175,0,0,,,TRISC-KERNEL,ZONE_START,86,/home/nx09/nx09/nebriscv/tt-metal-0.74/tt-metal/tt_metal/hw/firmware/src/tt-1xx/trisck.cc,
0,11,4,TRISC_2,60173,194901492454,0,0,,,TRISC-KERNEL,ZONE_END,86,/home/nx09/nx09/nebriscv/tt-metal-0.74/tt-metal/tt_metal/hw/firmware/src/tt-1xx/trisck.cc,
0,11,4,TRISC_2,30839,194901514447,0,0,,,TRISC-FW,ZONE_END,150,/home/nx09/nx09/nebriscv/tt-metal-0.74/tt-metal/tt_metal/hw/firmware/src/tt-1xx/trisc.cc,
0,11,5,BRISC,51381,194901477786,0,0,,,BRISC-FW,ZONE_START,433,/home/nx09/nx09/nebriscv/tt-metal-0.74/tt-metal/tt_metal/hw/firmware/src/tt-1xx/brisc.cc,
0,11,5,BRISC,31418,194901478568,0,0,,,BRISC-KERNEL,ZONE_START,77,/home/nx09/nx09/nebriscv/tt-metal-0.74/tt-metal/tt_metal/hw/firmware/src/tt-1xx/brisck.cc,
0,11,5,BRISC,31418,194901547144,0,0,,,BRISC-KERNEL,ZONE_END,77,/home/nx09/nx09/nebriscv/tt-metal-0.74/tt-metal/tt_metal/hw/firmware/src/tt-1xx/brisck.cc,
0,11,5,BRISC,51381,194901547241,0,0,,,BRISC-FW,ZONE_END,433,/home/nx09/nx09/nebriscv/tt-metal-0.74/tt-metal/tt_metal/hw/firmware/src/tt-1xx/brisc.cc,
0,11,5,NCRISC,49034,194901477939,0,0,,,NCRISC-FW,ZONE_START,129,/home/nx09/nx09/nebriscv/tt-metal-0.74/tt-metal/tt_metal/hw/firmware/src/tt-1xx/ncrisc.cc,
0,11,5,NCRISC,13096,194901478418,0,0,,,NCRISC-KERNEL,ZONE_START,69,/home/nx09/nx09/nebriscv/tt-metal-0.74/tt-metal/tt_metal/hw/firmware/src/tt-1xx/ncrisck.cc,
0,11,5,NCRISC,13096,194901546551,0,0,,,NCRISC-KERNEL,ZONE_END,69,/home/nx09/nx09/nebriscv/tt-metal-0.74/tt-metal/tt_metal/hw/firmware/src/tt-1xx/ncrisck.cc,
0,11,5,NCRISC,49034,194901546580,0,0,,,NCRISC-FW,ZONE_END,129,/home/nx09/nx09/nebriscv/tt-metal-0.74/tt-metal/tt_metal/hw/firmware/src/tt-1xx/ncrisc.cc,
0,11,5,TRISC_0,30839,194901478046,0,0,,,TRISC-FW,ZONE_START,150,/home/nx09/nx09/nebriscv/tt-metal-0.74/tt-metal/tt_metal/hw/firmware/src/tt-1xx/trisc.cc,
0,11,5,TRISC_0,60173,194901478463,0,0,,,TRISC-KERNEL,ZONE_START,86,/home/nx09/nx09/nebriscv/tt-metal-0.74/tt-metal/tt_metal/hw/firmware/src/tt-1xx/trisck.cc,
0,11,5,TRISC_0,60173,194901546613,0,0,,,TRISC-KERNEL,ZONE_END,86,/home/nx09/nx09/nebriscv/tt-metal-0.74/tt-metal/tt_metal/hw/firmware/src/tt-1xx/trisck.cc,
0,11,5,TRISC_0,30839,194901546650,0,0,,,TRISC-FW,ZONE_END,150,/home/nx09/nx09/nebriscv/tt-metal-0.74/tt-metal/tt_metal/hw/firmware/src/tt-1xx/trisc.cc,
0,11,5,TRISC_1,30839,194901478054,0,0,,,TRISC-FW,ZONE_START,150,/home/nx09/nx09/nebriscv/tt-metal-0.74/tt-metal/tt_metal/hw/firmware/src/tt-1xx/trisc.cc,
0,11,5,TRISC_1,60173,194901478235,0,0,,,TRISC-KERNEL,ZONE_START,86,/home/nx09/nx09/nebriscv/tt-metal-0.74/tt-metal/tt_metal/hw/firmware/src/tt-1xx/trisck.cc,
0,11,5,TRISC_1,60173,194901537723,0,0,,,TRISC-KERNEL,ZONE_END,86,/home/nx09/nx09/nebriscv/tt-metal-0.74/tt-metal/tt_metal/hw/firmware/src/tt-1xx/trisck.cc,
0,11,5,TRISC_1,30839,194901546658,0,0,,,TRISC-FW,ZONE_END,150,/home/nx09/nx09/nebriscv/tt-metal-0.74/tt-metal/tt_metal/hw/firmware/src/tt-1xx/trisc.cc,
0,11,5,TRISC_2,30839,194901478059,0,0,,,TRISC-FW,ZONE_START,150,/home/nx09/nx09/nebriscv/tt-metal-0.74/tt-metal/tt_metal/hw/firmware/src/tt-1xx/trisc.cc,
0,11,5,TRISC_2,60173,194901478489,0,0,,,TRISC-KERNEL,ZONE_START,86,/home/nx09/nx09/nebriscv/tt-metal-0.74/tt-metal/tt_metal/hw/firmware/src/tt-1xx/trisck.cc,
0,11,5,TRISC_2,60173,194901524254,0,0,,,TRISC-KERNEL,ZONE_END,86,/home/nx09/nx09/nebriscv/tt-metal-0.74/tt-metal/tt_metal/hw/firmware/src/tt-1xx/trisck.cc,
0,11,5,TRISC_2,30839,194901546706,0,0,,,TRISC-FW,ZONE_END,150,/home/nx09/nx09/nebriscv/tt-metal-0.74/tt-metal/tt_metal/hw/firmware/src/tt-1xx/trisc.cc,
0,11,6,BRISC,51381,194901506747,0,0,,,BRISC-FW,ZONE_START,433,/home/nx09/nx09/nebriscv/tt-metal-0.74/tt-metal/tt_metal/hw/firmware/src/tt-1xx/brisc.cc,
0,11,6,BRISC,31418,194901507518,0,0,,,BRISC-KERNEL,ZONE_START,77,/home/nx09/nx09/nebriscv/tt-metal-0.74/tt-metal/tt_metal/hw/firmware/src/tt-1xx/brisck.cc,
0,11,6,BRISC,31418,194901575724,0,0,,,BRISC-KERNEL,ZONE_END,77,/home/nx09/nx09/nebriscv/tt-metal-0.74/tt-metal/tt_metal/hw/firmware/src/tt-1xx/brisck.cc,
0,11,6,BRISC,51381,194901575817,0,0,,,BRISC-FW,ZONE_END,433,/home/nx09/nx09/nebriscv/tt-metal-0.74/tt-metal/tt_metal/hw/firmware/src/tt-1xx/brisc.cc,
0,11,6,NCRISC,49034,194901506899,0,0,,,NCRISC-FW,ZONE_START,129,/home/nx09/nx09/nebriscv/tt-metal-0.74/tt-metal/tt_metal/hw/firmware/src/tt-1xx/ncrisc.cc,
0,11,6,NCRISC,13096,194901507387,0,0,,,NCRISC-KERNEL,ZONE_START,69,/home/nx09/nx09/nebriscv/tt-metal-0.74/tt-metal/tt_metal/hw/firmware/src/tt-1xx/ncrisck.cc,
0,11,6,NCRISC,13096,194901575128,0,0,,,NCRISC-KERNEL,ZONE_END,69,/home/nx09/nx09/nebriscv/tt-metal-0.74/tt-metal/tt_metal/hw/firmware/src/tt-1xx/ncrisck.cc,
0,11,6,NCRISC,49034,194901575156,0,0,,,NCRISC-FW,ZONE_END,129,/home/nx09/nx09/nebriscv/tt-metal-0.74/tt-metal/tt_metal/hw/firmware/src/tt-1xx/ncrisc.cc,
0,11,6,TRISC_0,30839,194901506995,0,0,,,TRISC-FW,ZONE_START,150,/home/nx09/nx09/nebriscv/tt-metal-0.74/tt-metal/tt_metal/hw/firmware/src/tt-1xx/trisc.cc,
0,11,6,TRISC_0,60173,194901507410,0,0,,,TRISC-KERNEL,ZONE_START,86,/home/nx09/nx09/nebriscv/tt-metal-0.74/tt-metal/tt_metal/hw/firmware/src/tt-1xx/trisck.cc,
0,11,6,TRISC_0,60173,194901575195,0,0,,,TRISC-KERNEL,ZONE_END,86,/home/nx09/nx09/nebriscv/tt-metal-0.74/tt-metal/tt_metal/hw/firmware/src/tt-1xx/trisck.cc,
0,11,6,TRISC_0,30839,194901575231,0,0,,,TRISC-FW,ZONE_END,150,/home/nx09/nx09/nebriscv/tt-metal-0.74/tt-metal/tt_metal/hw/firmware/src/tt-1xx/trisc.cc,
0,11,6,TRISC_1,30839,194901507014,0,0,,,TRISC-FW,ZONE_START,150,/home/nx09/nx09/nebriscv/tt-metal-0.74/tt-metal/tt_metal/hw/firmware/src/tt-1xx/trisc.cc,
0,11,6,TRISC_1,60173,194901507200,0,0,,,TRISC-KERNEL,ZONE_START,86,/home/nx09/nx09/nebriscv/tt-metal-0.74/tt-metal/tt_metal/hw/firmware/src/tt-1xx/trisck.cc,
0,11,6,TRISC_1,60173,194901566269,0,0,,,TRISC-KERNEL,ZONE_END,86,/home/nx09/nx09/nebriscv/tt-metal-0.74/tt-metal/tt_metal/hw/firmware/src/tt-1xx/trisck.cc,
0,11,6,TRISC_1,30839,194901575240,0,0,,,TRISC-FW,ZONE_END,150,/home/nx09/nx09/nebriscv/tt-metal-0.74/tt-metal/tt_metal/hw/firmware/src/tt-1xx/trisc.cc,
0,11,6,TRISC_2,30839,194901507007,0,0,,,TRISC-FW,ZONE_START,150,/home/nx09/nx09/nebriscv/tt-metal-0.74/tt-metal/tt_metal/hw/firmware/src/tt-1xx/trisc.cc,
0,11,6,TRISC_2,60173,194901507433,0,0,,,TRISC-KERNEL,ZONE_START,86,/home/nx09/nx09/nebriscv/tt-metal-0.74/tt-metal/tt_metal/hw/firmware/src/tt-1xx/trisck.cc,
0,11,6,TRISC_2,60173,194901552576,0,0,,,TRISC-KERNEL,ZONE_END,86,/home/nx09/nx09/nebriscv/tt-metal-0.74/tt-metal/tt_metal/hw/firmware/src/tt-1xx/trisck.cc,
0,11,6,TRISC_2,30839,194901575293,0,0,,,TRISC-FW,ZONE_END,150,/home/nx09/nx09/nebriscv/tt-metal-0.74/tt-metal/tt_metal/hw/firmware/src/tt-1xx/trisc.cc,
0,11,7,BRISC,51381,194901535357,0,0,,,BRISC-FW,ZONE_START,433,/home/nx09/nx09/nebriscv/tt-metal-0.74/tt-metal/tt_metal/hw/firmware/src/tt-1xx/brisc.cc,
0,11,7,BRISC,31418,194901536117,0,0,,,BRISC-KERNEL,ZONE_START,77,/home/nx09/nx09/nebriscv/tt-metal-0.74/tt-metal/tt_metal/hw/firmware/src/tt-1xx/brisck.cc,
0,11,7,BRISC,31418,194901600670,0,0,,,BRISC-KERNEL,ZONE_END,77,/home/nx09/nx09/nebriscv/tt-metal-0.74/tt-metal/tt_metal/hw/firmware/src/tt-1xx/brisck.cc,
0,11,7,BRISC,51381,194901600763,0,0,,,BRISC-FW,ZONE_END,433,/home/nx09/nx09/nebriscv/tt-metal-0.74/tt-metal/tt_metal/hw/firmware/src/tt-1xx/brisc.cc,
0,11,7,NCRISC,49034,194901535509,0,0,,,NCRISC-FW,ZONE_START,129,/home/nx09/nx09/nebriscv/tt-metal-0.74/tt-metal/tt_metal/hw/firmware/src/tt-1xx/ncrisc.cc,
0,11,7,NCRISC,13096,194901535999,0,0,,,NCRISC-KERNEL,ZONE_START,69,/home/nx09/nx09/nebriscv/tt-metal-0.74/tt-metal/tt_metal/hw/firmware/src/tt-1xx/ncrisck.cc,
0,11,7,NCRISC,13096,194901600074,0,0,,,NCRISC-KERNEL,ZONE_END,69,/home/nx09/nx09/nebriscv/tt-metal-0.74/tt-metal/tt_metal/hw/firmware/src/tt-1xx/ncrisck.cc,
0,11,7,NCRISC,49034,194901600102,0,0,,,NCRISC-FW,ZONE_END,129,/home/nx09/nx09/nebriscv/tt-metal-0.74/tt-metal/tt_metal/hw/firmware/src/tt-1xx/ncrisc.cc,
0,11,7,TRISC_0,30839,194901535605,0,0,,,TRISC-FW,ZONE_START,150,/home/nx09/nx09/nebriscv/tt-metal-0.74/tt-metal/tt_metal/hw/firmware/src/tt-1xx/trisc.cc,
0,11,7,TRISC_0,60173,194901536014,0,0,,,TRISC-KERNEL,ZONE_START,86,/home/nx09/nx09/nebriscv/tt-metal-0.74/tt-metal/tt_metal/hw/firmware/src/tt-1xx/trisck.cc,
0,11,7,TRISC_0,60173,194901600141,0,0,,,TRISC-KERNEL,ZONE_END,86,/home/nx09/nx09/nebriscv/tt-metal-0.74/tt-metal/tt_metal/hw/firmware/src/tt-1xx/trisck.cc,
0,11,7,TRISC_0,30839,194901600177,0,0,,,TRISC-FW,ZONE_END,150,/home/nx09/nx09/nebriscv/tt-metal-0.74/tt-metal/tt_metal/hw/firmware/src/tt-1xx/trisc.cc,
0,11,7,TRISC_1,30839,194901535617,0,0,,,TRISC-FW,ZONE_START,150,/home/nx09/nx09/nebriscv/tt-metal-0.74/tt-metal/tt_metal/hw/firmware/src/tt-1xx/trisc.cc,
0,11,7,TRISC_1,60173,194901535813,0,0,,,TRISC-KERNEL,ZONE_START,86,/home/nx09/nx09/nebriscv/tt-metal-0.74/tt-metal/tt_metal/hw/firmware/src/tt-1xx/trisck.cc,
0,11,7,TRISC_1,60173,194901591440,0,0,,,TRISC-KERNEL,ZONE_END,86,/home/nx09/nx09/nebriscv/tt-metal-0.74/tt-metal/tt_metal/hw/firmware/src/tt-1xx/trisck.cc,
0,11,7,TRISC_1,30839,194901600186,0,0,,,TRISC-FW,ZONE_END,150,/home/nx09/nx09/nebriscv/tt-metal-0.74/tt-metal/tt_metal/hw/firmware/src/tt-1xx/trisc.cc,
0,11,7,TRISC_2,30839,194901535625,0,0,,,TRISC-FW,ZONE_START,150,/home/nx09/nx09/nebriscv/tt-metal-0.74/tt-metal/tt_metal/hw/firmware/src/tt-1xx/trisc.cc,
0,11,7,TRISC_2,60173,194901536062,0,0,,,TRISC-KERNEL,ZONE_START,86,/home/nx09/nx09/nebriscv/tt-metal-0.74/tt-metal/tt_metal/hw/firmware/src/tt-1xx/trisck.cc,
0,11,7,TRISC_2,60173,194901578196,0,0,,,TRISC-KERNEL,ZONE_END,86,/home/nx09/nx09/nebriscv/tt-metal-0.74/tt-metal/tt_metal/hw/firmware/src/tt-1xx/trisck.cc,
0,11,7,TRISC_2,30839,194901600239,0,0,,,TRISC-FW,ZONE_END,150,/home/nx09/nx09/nebriscv/tt-metal-0.74/tt-metal/tt_metal/hw/firmware/src/tt-1xx/trisc.cc,
0,11,8,BRISC,51381,194901677646,0,0,,,BRISC-FW,ZONE_START,433,/home/nx09/nx09/nebriscv/tt-metal-0.74/tt-metal/tt_metal/hw/firmware/src/tt-1xx/brisc.cc,
0,11,8,BRISC,31418,194901678429,0,0,,,BRISC-KERNEL,ZONE_START,77,/home/nx09/nx09/nebriscv/tt-metal-0.74/tt-metal/tt_metal/hw/firmware/src/tt-1xx/brisck.cc,
0,11,8,BRISC,31418,194901746879,0,0,,,BRISC-KERNEL,ZONE_END,77,/home/nx09/nx09/nebriscv/tt-metal-0.74/tt-metal/tt_metal/hw/firmware/src/tt-1xx/brisck.cc,
0,11,8,BRISC,51381,194901746973,0,0,,,BRISC-FW,ZONE_END,433,/home/nx09/nx09/nebriscv/tt-metal-0.74/tt-metal/tt_metal/hw/firmware/src/tt-1xx/brisc.cc,
0,11,8,NCRISC,49034,194901677813,0,0,,,NCRISC-FW,ZONE_START,129,/home/nx09/nx09/nebriscv/tt-metal-0.74/tt-metal/tt_metal/hw/firmware/src/tt-1xx/ncrisc.cc,
0,11,8,NCRISC,13096,194901678315,0,0,,,NCRISC-KERNEL,ZONE_START,69,/home/nx09/nx09/nebriscv/tt-metal-0.74/tt-metal/tt_metal/hw/firmware/src/tt-1xx/ncrisck.cc,
0,11,8,NCRISC,13096,194901746288,0,0,,,NCRISC-KERNEL,ZONE_END,69,/home/nx09/nx09/nebriscv/tt-metal-0.74/tt-metal/tt_metal/hw/firmware/src/tt-1xx/ncrisck.cc,
0,11,8,NCRISC,49034,194901746316,0,0,,,NCRISC-FW,ZONE_END,129,/home/nx09/nx09/nebriscv/tt-metal-0.74/tt-metal/tt_metal/hw/firmware/src/tt-1xx/ncrisc.cc,
0,11,8,TRISC_0,30839,194901677922,0,0,,,TRISC-FW,ZONE_START,150,/home/nx09/nx09/nebriscv/tt-metal-0.74/tt-metal/tt_metal/hw/firmware/src/tt-1xx/trisc.cc,
0,11,8,TRISC_0,60173,194901678336,0,0,,,TRISC-KERNEL,ZONE_START,86,/home/nx09/nx09/nebriscv/tt-metal-0.74/tt-metal/tt_metal/hw/firmware/src/tt-1xx/trisck.cc,
0,11,8,TRISC_0,60173,194901746355,0,0,,,TRISC-KERNEL,ZONE_END,86,/home/nx09/nx09/nebriscv/tt-metal-0.74/tt-metal/tt_metal/hw/firmware/src/tt-1xx/trisck.cc,
0,11,8,TRISC_0,30839,194901746394,0,0,,,TRISC-FW,ZONE_END,150,/home/nx09/nx09/nebriscv/tt-metal-0.74/tt-metal/tt_metal/hw/firmware/src/tt-1xx/trisc.cc,
0,11,8,TRISC_1,30839,194901677923,0,0,,,TRISC-FW,ZONE_START,150,/home/nx09/nx09/nebriscv/tt-metal-0.74/tt-metal/tt_metal/hw/firmware/src/tt-1xx/trisc.cc,
0,11,8,TRISC_1,60173,194901678112,0,0,,,TRISC-KERNEL,ZONE_START,86,/home/nx09/nx09/nebriscv/tt-metal-0.74/tt-metal/tt_metal/hw/firmware/src/tt-1xx/trisck.cc,
0,11,8,TRISC_1,60173,194901737267,0,0,,,TRISC-KERNEL,ZONE_END,86,/home/nx09/nx09/nebriscv/tt-metal-0.74/tt-metal/tt_metal/hw/firmware/src/tt-1xx/trisck.cc,
0,11,8,TRISC_1,30839,194901746396,0,0,,,TRISC-FW,ZONE_END,150,/home/nx09/nx09/nebriscv/tt-metal-0.74/tt-metal/tt_metal/hw/firmware/src/tt-1xx/trisc.cc,
0,11,8,TRISC_2,30839,194901677920,0,0,,,TRISC-FW,ZONE_START,150,/home/nx09/nx09/nebriscv/tt-metal-0.74/tt-metal/tt_metal/hw/firmware/src/tt-1xx/trisc.cc,
0,11,8,TRISC_2,60173,194901678353,0,0,,,TRISC-KERNEL,ZONE_START,86,/home/nx09/nx09/nebriscv/tt-metal-0.74/tt-metal/tt_metal/hw/firmware/src/tt-1xx/trisck.cc,
0,11,8,TRISC_2,60173,194901723790,0,0,,,TRISC-KERNEL,ZONE_END,86,/home/nx09/nx09/nebriscv/tt-metal-0.74/tt-metal/tt_metal/hw/firmware/src/tt-1xx/trisck.cc,
0,11,8,TRISC_2,30839,194901746447,0,0,,,TRISC-FW,ZONE_END,150,/home/nx09/nx09/nebriscv/tt-metal-0.74/tt-metal/tt_metal/hw/firmware/src/tt-1xx/trisc.cc,
0,11,9,BRISC,51381,194901706368,0,0,,,BRISC-FW,ZONE_START,433,/home/nx09/nx09/nebriscv/tt-metal-0.74/tt-metal/tt_metal/hw/firmware/src/tt-1xx/brisc.cc,
0,11,9,BRISC,31418,194901707166,0,0,,,BRISC-KERNEL,ZONE_START,77,/home/nx09/nx09/nebriscv/tt-metal-0.74/tt-metal/tt_metal/hw/firmware/src/tt-1xx/brisck.cc,
0,11,9,BRISC,31418,194901776389,0,0,,,BRISC-KERNEL,ZONE_END,77,/home/nx09/nx09/nebriscv/tt-metal-0.74/tt-metal/tt_metal/hw/firmware/src/tt-1xx/brisck.cc,
0,11,9,BRISC,51381,194901776483,0,0,,,BRISC-FW,ZONE_END,433,/home/nx09/nx09/nebriscv/tt-metal-0.74/tt-metal/tt_metal/hw/firmware/src/tt-1xx/brisc.cc,
0,11,9,NCRISC,49034,194901706535,0,0,,,NCRISC-FW,ZONE_START,129,/home/nx09/nx09/nebriscv/tt-metal-0.74/tt-metal/tt_metal/hw/firmware/src/tt-1xx/ncrisc.cc,
0,11,9,NCRISC,13096,194901707022,0,0,,,NCRISC-KERNEL,ZONE_START,69,/home/nx09/nx09/nebriscv/tt-metal-0.74/tt-metal/tt_metal/hw/firmware/src/tt-1xx/ncrisck.cc,
0,11,9,NCRISC,13096,194901775798,0,0,,,NCRISC-KERNEL,ZONE_END,69,/home/nx09/nx09/nebriscv/tt-metal-0.74/tt-metal/tt_metal/hw/firmware/src/tt-1xx/ncrisck.cc,
0,11,9,NCRISC,49034,194901775826,0,0,,,NCRISC-FW,ZONE_END,129,/home/nx09/nx09/nebriscv/tt-metal-0.74/tt-metal/tt_metal/hw/firmware/src/tt-1xx/ncrisc.cc,
0,11,9,TRISC_0,30839,194901706643,0,0,,,TRISC-FW,ZONE_START,150,/home/nx09/nx09/nebriscv/tt-metal-0.74/tt-metal/tt_metal/hw/firmware/src/tt-1xx/trisc.cc,
0,11,9,TRISC_0,60173,194901707064,0,0,,,TRISC-KERNEL,ZONE_START,86,/home/nx09/nx09/nebriscv/tt-metal-0.74/tt-metal/tt_metal/hw/firmware/src/tt-1xx/trisck.cc,
0,11,9,TRISC_0,60173,194901775865,0,0,,,TRISC-KERNEL,ZONE_END,86,/home/nx09/nx09/nebriscv/tt-metal-0.74/tt-metal/tt_metal/hw/firmware/src/tt-1xx/trisck.cc,
0,11,9,TRISC_0,30839,194901775904,0,0,,,TRISC-FW,ZONE_END,150,/home/nx09/nx09/nebriscv/tt-metal-0.74/tt-metal/tt_metal/hw/firmware/src/tt-1xx/trisc.cc,
0,11,9,TRISC_1,30839,194901706644,0,0,,,TRISC-FW,ZONE_START,150,/home/nx09/nx09/nebriscv/tt-metal-0.74/tt-metal/tt_metal/hw/firmware/src/tt-1xx/trisc.cc,
0,11,9,TRISC_1,60173,194901706836,0,0,,,TRISC-KERNEL,ZONE_START,86,/home/nx09/nx09/nebriscv/tt-metal-0.74/tt-metal/tt_metal/hw/firmware/src/tt-1xx/trisck.cc,
0,11,9,TRISC_1,60173,194901766849,0,0,,,TRISC-KERNEL,ZONE_END,86,/home/nx09/nx09/nebriscv/tt-metal-0.74/tt-metal/tt_metal/hw/firmware/src/tt-1xx/trisck.cc,
0,11,9,TRISC_1,30839,194901775906,0,0,,,TRISC-FW,ZONE_END,150,/home/nx09/nx09/nebriscv/tt-metal-0.74/tt-metal/tt_metal/hw/firmware/src/tt-1xx/trisc.cc,
0,11,9,TRISC_2,30839,194901706645,0,0,,,TRISC-FW,ZONE_START,150,/home/nx09/nx09/nebriscv/tt-metal-0.74/tt-metal/tt_metal/hw/firmware/src/tt-1xx/trisc.cc,
0,11,9,TRISC_2,60173,194901707081,0,0,,,TRISC-KERNEL,ZONE_START,86,/home/nx09/nx09/nebriscv/tt-metal-0.74/tt-metal/tt_metal/hw/firmware/src/tt-1xx/trisck.cc,
0,11,9,TRISC_2,60173,194901753380,0,0,,,TRISC-KERNEL,ZONE_END,86,/home/nx09/nx09/nebriscv/tt-metal-0.74/tt-metal/tt_metal/hw/firmware/src/tt-1xx/trisck.cc,
0,11,9,TRISC_2,30839,194901775957,0,0,,,TRISC-FW,ZONE_END,150,/home/nx09/nx09/nebriscv/tt-metal-0.74/tt-metal/tt_metal/hw/firmware/src/tt-1xx/trisc.cc,
0,11,10,BRISC,51381,194901734653,0,0,,,BRISC-FW,ZONE_START,433,/home/nx09/nx09/nebriscv/tt-metal-0.74/tt-metal/tt_metal/hw/firmware/src/tt-1xx/brisc.cc,
0,11,10,BRISC,31418,194901735436,0,0,,,BRISC-KERNEL,ZONE_START,77,/home/nx09/nx09/nebriscv/tt-metal-0.74/tt-metal/tt_metal/hw/firmware/src/tt-1xx/brisck.cc,
0,11,10,BRISC,31418,194901802044,0,0,,,BRISC-KERNEL,ZONE_END,77,/home/nx09/nx09/nebriscv/tt-metal-0.74/tt-metal/tt_metal/hw/firmware/src/tt-1xx/brisck.cc,
0,11,10,BRISC,51381,194901802141,0,0,,,BRISC-FW,ZONE_END,433,/home/nx09/nx09/nebriscv/tt-metal-0.74/tt-metal/tt_metal/hw/firmware/src/tt-1xx/brisc.cc,
0,11,10,NCRISC,49034,194901734820,0,0,,,NCRISC-FW,ZONE_START,129,/home/nx09/nx09/nebriscv/tt-metal-0.74/tt-metal/tt_metal/hw/firmware/src/tt-1xx/ncrisc.cc,
0,11,10,NCRISC,13096,194901735322,0,0,,,NCRISC-KERNEL,ZONE_START,69,/home/nx09/nx09/nebriscv/tt-metal-0.74/tt-metal/tt_metal/hw/firmware/src/tt-1xx/ncrisck.cc,
0,11,10,NCRISC,13096,194901801443,0,0,,,NCRISC-KERNEL,ZONE_END,69,/home/nx09/nx09/nebriscv/tt-metal-0.74/tt-metal/tt_metal/hw/firmware/src/tt-1xx/ncrisck.cc,
0,11,10,NCRISC,49034,194901801471,0,0,,,NCRISC-FW,ZONE_END,129,/home/nx09/nx09/nebriscv/tt-metal-0.74/tt-metal/tt_metal/hw/firmware/src/tt-1xx/ncrisc.cc,
0,11,10,TRISC_0,30839,194901734929,0,0,,,TRISC-FW,ZONE_START,150,/home/nx09/nx09/nebriscv/tt-metal-0.74/tt-metal/tt_metal/hw/firmware/src/tt-1xx/trisc.cc,
0,11,10,TRISC_0,60173,194901735343,0,0,,,TRISC-KERNEL,ZONE_START,86,/home/nx09/nx09/nebriscv/tt-metal-0.74/tt-metal/tt_metal/hw/firmware/src/tt-1xx/trisck.cc,
0,11,10,TRISC_0,60173,194901801510,0,0,,,TRISC-KERNEL,ZONE_END,86,/home/nx09/nx09/nebriscv/tt-metal-0.74/tt-metal/tt_metal/hw/firmware/src/tt-1xx/trisck.cc,
0,11,10,TRISC_0,30839,194901801549,0,0,,,TRISC-FW,ZONE_END,150,/home/nx09/nx09/nebriscv/tt-metal-0.74/tt-metal/tt_metal/hw/firmware/src/tt-1xx/trisc.cc,
0,11,10,TRISC_1,30839,194901734930,0,0,,,TRISC-FW,ZONE_START,150,/home/nx09/nx09/nebriscv/tt-metal-0.74/tt-metal/tt_metal/hw/firmware/src/tt-1xx/trisc.cc,
0,11,10,TRISC_1,60173,194901735119,0,0,,,TRISC-KERNEL,ZONE_START,86,/home/nx09/nx09/nebriscv/tt-metal-0.74/tt-metal/tt_metal/hw/firmware/src/tt-1xx/trisck.cc,
0,11,10,TRISC_1,60173,194901792809,0,0,,,TRISC-KERNEL,ZONE_END,86,/home/nx09/nx09/nebriscv/tt-metal-0.74/tt-metal/tt_metal/hw/firmware/src/tt-1xx/trisck.cc,
0,11,10,TRISC_1,30839,194901801551,0,0,,,TRISC-FW,ZONE_END,150,/home/nx09/nx09/nebriscv/tt-metal-0.74/tt-metal/tt_metal/hw/firmware/src/tt-1xx/trisc.cc,
0,11,10,TRISC_2,30839,194901734927,0,0,,,TRISC-FW,ZONE_START,150,/home/nx09/nx09/nebriscv/tt-metal-0.74/tt-metal/tt_metal/hw/firmware/src/tt-1xx/trisc.cc,
0,11,10,TRISC_2,60173,194901735360,0,0,,,TRISC-KERNEL,ZONE_START,86,/home/nx09/nx09/nebriscv/tt-metal-0.74/tt-metal/tt_metal/hw/firmware/src/tt-1xx/trisck.cc,
0,11,10,TRISC_2,60173,194901779603,0,0,,,TRISC-KERNEL,ZONE_END,86,/home/nx09/nx09/nebriscv/tt-metal-0.74/tt-metal/tt_metal/hw/firmware/src/tt-1xx/trisck.cc,
0,11,10,TRISC_2,30839,194901801602,0,0,,,TRISC-FW,ZONE_END,150,/home/nx09/nx09/nebriscv/tt-metal-0.74/tt-metal/tt_metal/hw/firmware/src/tt-1xx/trisc.cc,
0,11,11,BRISC,51381,194901763045,0,0,,,BRISC-FW,ZONE_START,433,/home/nx09/nx09/nebriscv/tt-metal-0.74/tt-metal/tt_metal/hw/firmware/src/tt-1xx/brisc.cc,
0,11,11,BRISC,31418,194901763828,0,0,,,BRISC-KERNEL,ZONE_START,77,/home/nx09/nx09/nebriscv/tt-metal-0.74/tt-metal/tt_metal/hw/firmware/src/tt-1xx/brisck.cc,
0,11,11,BRISC,31418,194901832561,0,0,,,BRISC-KERNEL,ZONE_END,77,/home/nx09/nx09/nebriscv/tt-metal-0.74/tt-metal/tt_metal/hw/firmware/src/tt-1xx/brisck.cc,
0,11,11,BRISC,51381,194901832660,0,0,,,BRISC-FW,ZONE_END,433,/home/nx09/nx09/nebriscv/tt-metal-0.74/tt-metal/tt_metal/hw/firmware/src/tt-1xx/brisc.cc,
0,11,11,NCRISC,49034,194901763200,0,0,,,NCRISC-FW,ZONE_START,129,/home/nx09/nx09/nebriscv/tt-metal-0.74/tt-metal/tt_metal/hw/firmware/src/tt-1xx/ncrisc.cc,
0,11,11,NCRISC,13096,194901763698,0,0,,,NCRISC-KERNEL,ZONE_START,69,/home/nx09/nx09/nebriscv/tt-metal-0.74/tt-metal/tt_metal/hw/firmware/src/tt-1xx/ncrisck.cc,
0,11,11,NCRISC,13096,194901832068,0,0,,,NCRISC-KERNEL,ZONE_END,69,/home/nx09/nx09/nebriscv/tt-metal-0.74/tt-metal/tt_metal/hw/firmware/src/tt-1xx/ncrisck.cc,
0,11,11,NCRISC,49034,194901832096,0,0,,,NCRISC-FW,ZONE_END,129,/home/nx09/nx09/nebriscv/tt-metal-0.74/tt-metal/tt_metal/hw/firmware/src/tt-1xx/ncrisc.cc,
0,11,11,TRISC_0,30839,194901763291,0,0,,,TRISC-FW,ZONE_START,150,/home/nx09/nx09/nebriscv/tt-metal-0.74/tt-metal/tt_metal/hw/firmware/src/tt-1xx/trisc.cc,
0,11,11,TRISC_0,60173,194901763712,0,0,,,TRISC-KERNEL,ZONE_START,86,/home/nx09/nx09/nebriscv/tt-metal-0.74/tt-metal/tt_metal/hw/firmware/src/tt-1xx/trisck.cc,
0,11,11,TRISC_0,60173,194901832135,0,0,,,TRISC-KERNEL,ZONE_END,86,/home/nx09/nx09/nebriscv/tt-metal-0.74/tt-metal/tt_metal/hw/firmware/src/tt-1xx/trisck.cc,
0,11,11,TRISC_0,30839,194901832171,0,0,,,TRISC-FW,ZONE_END,150,/home/nx09/nx09/nebriscv/tt-metal-0.74/tt-metal/tt_metal/hw/firmware/src/tt-1xx/trisc.cc,
0,11,11,TRISC_1,30839,194901763305,0,0,,,TRISC-FW,ZONE_START,150,/home/nx09/nx09/nebriscv/tt-metal-0.74/tt-metal/tt_metal/hw/firmware/src/tt-1xx/trisc.cc,
0,11,11,TRISC_1,60173,194901763493,0,0,,,TRISC-KERNEL,ZONE_START,86,/home/nx09/nx09/nebriscv/tt-metal-0.74/tt-metal/tt_metal/hw/firmware/src/tt-1xx/trisck.cc,
0,11,11,TRISC_1,60173,194901823209,0,0,,,TRISC-KERNEL,ZONE_END,86,/home/nx09/nx09/nebriscv/tt-metal-0.74/tt-metal/tt_metal/hw/firmware/src/tt-1xx/trisck.cc,
0,11,11,TRISC_1,30839,194901832180,0,0,,,TRISC-FW,ZONE_END,150,/home/nx09/nx09/nebriscv/tt-metal-0.74/tt-metal/tt_metal/hw/firmware/src/tt-1xx/trisc.cc,
0,11,11,TRISC_2,30839,194901763314,0,0,,,TRISC-FW,ZONE_START,150,/home/nx09/nx09/nebriscv/tt-metal-0.74/tt-metal/tt_metal/hw/firmware/src/tt-1xx/trisc.cc,
0,11,11,TRISC_2,60173,194901763743,0,0,,,TRISC-KERNEL,ZONE_START,86,/home/nx09/nx09/nebriscv/tt-metal-0.74/tt-metal/tt_metal/hw/firmware/src/tt-1xx/trisck.cc,
0,11,11,TRISC_2,60173,194901809695,0,0,,,TRISC-KERNEL,ZONE_END,86,/home/nx09/nx09/nebriscv/tt-metal-0.74/tt-metal/tt_metal/hw/firmware/src/tt-1xx/trisck.cc,
0,11,11,TRISC_2,30839,194901832233,0,0,,,TRISC-FW,ZONE_END,150,/home/nx09/nx09/nebriscv/tt-metal-0.74/tt-metal/tt_metal/hw/firmware/src/tt-1xx/trisc.cc,
0,12,2,BRISC,51381,15504820839622,0,0,,,BRISC-FW,ZONE_START,433,/home/nx09/nx09/nebriscv/tt-metal-0.74/tt-metal/tt_metal/hw/firmware/src/tt-1xx/brisc.cc,
0,12,2,BRISC,31418,15504820840392,0,0,,,BRISC-KERNEL,ZONE_START,77,/home/nx09/nx09/nebriscv/tt-metal-0.74/tt-metal/tt_metal/hw/firmware/src/tt-1xx/brisck.cc,
0,12,2,BRISC,31418,15504820908642,0,0,,,BRISC-KERNEL,ZONE_END,77,/home/nx09/nx09/nebriscv/tt-metal-0.74/tt-metal/tt_metal/hw/firmware/src/tt-1xx/brisck.cc,
0,12,2,BRISC,51381,15504820908735,0,0,,,BRISC-FW,ZONE_END,433,/home/nx09/nx09/nebriscv/tt-metal-0.74/tt-metal/tt_metal/hw/firmware/src/tt-1xx/brisc.cc,
0,12,2,NCRISC,49034,15504820839774,0,0,,,NCRISC-FW,ZONE_START,129,/home/nx09/nx09/nebriscv/tt-metal-0.74/tt-metal/tt_metal/hw/firmware/src/tt-1xx/ncrisc.cc,
0,12,2,NCRISC,13096,15504820840262,0,0,,,NCRISC-KERNEL,ZONE_START,69,/home/nx09/nx09/nebriscv/tt-metal-0.74/tt-metal/tt_metal/hw/firmware/src/tt-1xx/ncrisck.cc,
0,12,2,NCRISC,13096,15504820908046,0,0,,,NCRISC-KERNEL,ZONE_END,69,/home/nx09/nx09/nebriscv/tt-metal-0.74/tt-metal/tt_metal/hw/firmware/src/tt-1xx/ncrisck.cc,
0,12,2,NCRISC,49034,15504820908074,0,0,,,NCRISC-FW,ZONE_END,129,/home/nx09/nx09/nebriscv/tt-metal-0.74/tt-metal/tt_metal/hw/firmware/src/tt-1xx/ncrisc.cc,
0,12,2,TRISC_0,30839,15504820839870,0,0,,,TRISC-FW,ZONE_START,150,/home/nx09/nx09/nebriscv/tt-metal-0.74/tt-metal/tt_metal/hw/firmware/src/tt-1xx/trisc.cc,
0,12,2,TRISC_0,60173,15504820840285,0,0,,,TRISC-KERNEL,ZONE_START,86,/home/nx09/nx09/nebriscv/tt-metal-0.74/tt-metal/tt_metal/hw/firmware/src/tt-1xx/trisck.cc,
0,12,2,TRISC_0,60173,15504820908113,0,0,,,TRISC-KERNEL,ZONE_END,86,/home/nx09/nx09/nebriscv/tt-metal-0.74/tt-metal/tt_metal/hw/firmware/src/tt-1xx/trisck.cc,
0,12,2,TRISC_0,30839,15504820908149,0,0,,,TRISC-FW,ZONE_END,150,/home/nx09/nx09/nebriscv/tt-metal-0.74/tt-metal/tt_metal/hw/firmware/src/tt-1xx/trisc.cc,
0,12,2,TRISC_1,30839,15504820839889,0,0,,,TRISC-FW,ZONE_START,150,/home/nx09/nx09/nebriscv/tt-metal-0.74/tt-metal/tt_metal/hw/firmware/src/tt-1xx/trisc.cc,
0,12,2,TRISC_1,60173,15504820840075,0,0,,,TRISC-KERNEL,ZONE_START,86,/home/nx09/nx09/nebriscv/tt-metal-0.74/tt-metal/tt_metal/hw/firmware/src/tt-1xx/trisck.cc,
0,12,2,TRISC_1,60173,15504820899205,0,0,,,TRISC-KERNEL,ZONE_END,86,/home/nx09/nx09/nebriscv/tt-metal-0.74/tt-metal/tt_metal/hw/firmware/src/tt-1xx/trisck.cc,
0,12,2,TRISC_1,30839,15504820908158,0,0,,,TRISC-FW,ZONE_END,150,/home/nx09/nx09/nebriscv/tt-metal-0.74/tt-metal/tt_metal/hw/firmware/src/tt-1xx/trisc.cc,
0,12,2,TRISC_2,30839,15504820839882,0,0,,,TRISC-FW,ZONE_START,150,/home/nx09/nx09/nebriscv/tt-metal-0.74/tt-metal/tt_metal/hw/firmware/src/tt-1xx/trisc.cc,
0,12,2,TRISC_2,60173,15504820840308,0,0,,,TRISC-KERNEL,ZONE_START,86,/home/nx09/nx09/nebriscv/tt-metal-0.74/tt-metal/tt_metal/hw/firmware/src/tt-1xx/trisck.cc,
0,12,2,TRISC_2,60173,15504820885799,0,0,,,TRISC-KERNEL,ZONE_END,86,/home/nx09/nx09/nebriscv/tt-metal-0.74/tt-metal/tt_metal/hw/firmware/src/tt-1xx/trisck.cc,
0,12,2,TRISC_2,30839,15504820908211,0,0,,,TRISC-FW,ZONE_END,150,/home/nx09/nx09/nebriscv/tt-metal-0.74/tt-metal/tt_metal/hw/firmware/src/tt-1xx/trisc.cc,
0,12,3,BRISC,51381,15504820868156,0,0,,,BRISC-FW,ZONE_START,433,/home/nx09/nx09/nebriscv/tt-metal-0.74/tt-metal/tt_metal/hw/firmware/src/tt-1xx/brisc.cc,
0,12,3,BRISC,31418,15504820868948,0,0,,,BRISC-KERNEL,ZONE_START,77,/home/nx09/nx09/nebriscv/tt-metal-0.74/tt-metal/tt_metal/hw/firmware/src/tt-1xx/brisck.cc,
0,12,3,BRISC,31418,15504820937206,0,0,,,BRISC-KERNEL,ZONE_END,77,/home/nx09/nx09/nebriscv/tt-metal-0.74/tt-metal/tt_metal/hw/firmware/src/tt-1xx/brisck.cc,
0,12,3,BRISC,51381,15504820937300,0,0,,,BRISC-FW,ZONE_END,433,/home/nx09/nx09/nebriscv/tt-metal-0.74/tt-metal/tt_metal/hw/firmware/src/tt-1xx/brisc.cc,
0,12,3,NCRISC,49034,15504820868317,0,0,,,NCRISC-FW,ZONE_START,129,/home/nx09/nx09/nebriscv/tt-metal-0.74/tt-metal/tt_metal/hw/firmware/src/tt-1xx/ncrisc.cc,
0,12,3,NCRISC,13096,15504820868802,0,0,,,NCRISC-KERNEL,ZONE_START,69,/home/nx09/nx09/nebriscv/tt-metal-0.74/tt-metal/tt_metal/hw/firmware/src/tt-1xx/ncrisck.cc,
0,12,3,NCRISC,13096,15504820936620,0,0,,,NCRISC-KERNEL,ZONE_END,69,/home/nx09/nx09/nebriscv/tt-metal-0.74/tt-metal/tt_metal/hw/firmware/src/tt-1xx/ncrisck.cc,
0,12,3,NCRISC,49034,15504820936649,0,0,,,NCRISC-FW,ZONE_END,129,/home/nx09/nx09/nebriscv/tt-metal-0.74/tt-metal/tt_metal/hw/firmware/src/tt-1xx/ncrisc.cc,
0,12,3,TRISC_0,30839,15504820868417,0,0,,,TRISC-FW,ZONE_START,150,/home/nx09/nx09/nebriscv/tt-metal-0.74/tt-metal/tt_metal/hw/firmware/src/tt-1xx/trisc.cc,
0,12,3,TRISC_0,60173,15504820868829,0,0,,,TRISC-KERNEL,ZONE_START,86,/home/nx09/nx09/nebriscv/tt-metal-0.74/tt-metal/tt_metal/hw/firmware/src/tt-1xx/trisck.cc,
0,12,3,TRISC_0,60173,15504820936682,0,0,,,TRISC-KERNEL,ZONE_END,86,/home/nx09/nx09/nebriscv/tt-metal-0.74/tt-metal/tt_metal/hw/firmware/src/tt-1xx/trisck.cc,
0,12,3,TRISC_0,30839,15504820936721,0,0,,,TRISC-FW,ZONE_END,150,/home/nx09/nx09/nebriscv/tt-metal-0.74/tt-metal/tt_metal/hw/firmware/src/tt-1xx/trisc.cc,
0,12,3,TRISC_1,30839,15504820868427,0,0,,,TRISC-FW,ZONE_START,150,/home/nx09/nx09/nebriscv/tt-metal-0.74/tt-metal/tt_metal/hw/firmware/src/tt-1xx/trisc.cc,
0,12,3,TRISC_1,60173,15504820868616,0,0,,,TRISC-KERNEL,ZONE_START,86,/home/nx09/nx09/nebriscv/tt-metal-0.74/tt-metal/tt_metal/hw/firmware/src/tt-1xx/trisck.cc,
0,12,3,TRISC_1,60173,15504820927468,0,0,,,TRISC-KERNEL,ZONE_END,86,/home/nx09/nx09/nebriscv/tt-metal-0.74/tt-metal/tt_metal/hw/firmware/src/tt-1xx/trisck.cc,
0,12,3,TRISC_1,30839,15504820936723,0,0,,,TRISC-FW,ZONE_END,150,/home/nx09/nx09/nebriscv/tt-metal-0.74/tt-metal/tt_metal/hw/firmware/src/tt-1xx/trisc.cc,
0,12,3,TRISC_2,30839,15504820868428,0,0,,,TRISC-FW,ZONE_START,150,/home/nx09/nx09/nebriscv/tt-metal-0.74/tt-metal/tt_metal/hw/firmware/src/tt-1xx/trisc.cc,
0,12,3,TRISC_2,60173,15504820868865,0,0,,,TRISC-KERNEL,ZONE_START,86,/home/nx09/nx09/nebriscv/tt-metal-0.74/tt-metal/tt_metal/hw/firmware/src/tt-1xx/trisck.cc,
0,12,3,TRISC_2,60173,15504820913981,0,0,,,TRISC-KERNEL,ZONE_END,86,/home/nx09/nx09/nebriscv/tt-metal-0.74/tt-metal/tt_metal/hw/firmware/src/tt-1xx/trisck.cc,
0,12,3,TRISC_2,30839,15504820936774,0,0,,,TRISC-FW,ZONE_END,150,/home/nx09/nx09/nebriscv/tt-metal-0.74/tt-metal/tt_metal/hw/firmware/src/tt-1xx/trisc.cc,
0,12,4,BRISC,51381,15504820896732,0,0,,,BRISC-FW,ZONE_START,433,/home/nx09/nx09/nebriscv/tt-metal-0.74/tt-metal/tt_metal/hw/firmware/src/tt-1xx/brisc.cc,
0,12,4,BRISC,31418,15504820897492,0,0,,,BRISC-KERNEL,ZONE_START,77,/home/nx09/nx09/nebriscv/tt-metal-0.74/tt-metal/tt_metal/hw/firmware/src/tt-1xx/brisck.cc,
0,12,4,BRISC,31418,15504820962293,0,0,,,BRISC-KERNEL,ZONE_END,77,/home/nx09/nx09/nebriscv/tt-metal-0.74/tt-metal/tt_metal/hw/firmware/src/tt-1xx/brisck.cc,
0,12,4,BRISC,51381,15504820962386,0,0,,,BRISC-FW,ZONE_END,433,/home/nx09/nx09/nebriscv/tt-metal-0.74/tt-metal/tt_metal/hw/firmware/src/tt-1xx/brisc.cc,
0,12,4,NCRISC,49034,15504820896884,0,0,,,NCRISC-FW,ZONE_START,129,/home/nx09/nx09/nebriscv/tt-metal-0.74/tt-metal/tt_metal/hw/firmware/src/tt-1xx/ncrisc.cc,
0,12,4,NCRISC,13096,15504820897374,0,0,,,NCRISC-KERNEL,ZONE_START,69,/home/nx09/nx09/nebriscv/tt-metal-0.74/tt-metal/tt_metal/hw/firmware/src/tt-1xx/ncrisck.cc,
0,12,4,NCRISC,13096,15504820961697,0,0,,,NCRISC-KERNEL,ZONE_END,69,/home/nx09/nx09/nebriscv/tt-metal-0.74/tt-metal/tt_metal/hw/firmware/src/tt-1xx/ncrisck.cc,
0,12,4,NCRISC,49034,15504820961725,0,0,,,NCRISC-FW,ZONE_END,129,/home/nx09/nx09/nebriscv/tt-metal-0.74/tt-metal/tt_metal/hw/firmware/src/tt-1xx/ncrisc.cc,
0,12,4,TRISC_0,30839,15504820896980,0,0,,,TRISC-FW,ZONE_START,150,/home/nx09/nx09/nebriscv/tt-metal-0.74/tt-metal/tt_metal/hw/firmware/src/tt-1xx/trisc.cc,
0,12,4,TRISC_0,60173,15504820897389,0,0,,,TRISC-KERNEL,ZONE_START,86,/home/nx09/nx09/nebriscv/tt-metal-0.74/tt-metal/tt_metal/hw/firmware/src/tt-1xx/trisck.cc,
0,12,4,TRISC_0,60173,15504820961764,0,0,,,TRISC-KERNEL,ZONE_END,86,/home/nx09/nx09/nebriscv/tt-metal-0.74/tt-metal/tt_metal/hw/firmware/src/tt-1xx/trisck.cc,
0,12,4,TRISC_0,30839,15504820961800,0,0,,,TRISC-FW,ZONE_END,150,/home/nx09/nx09/nebriscv/tt-metal-0.74/tt-metal/tt_metal/hw/firmware/src/tt-1xx/trisc.cc,
0,12,4,TRISC_1,30839,15504820896992,0,0,,,TRISC-FW,ZONE_START,150,/home/nx09/nx09/nebriscv/tt-metal-0.74/tt-metal/tt_metal/hw/firmware/src/tt-1xx/trisc.cc,
0,12,4,TRISC_1,60173,15504820897188,0,0,,,TRISC-KERNEL,ZONE_START,86,/home/nx09/nx09/nebriscv/tt-metal-0.74/tt-metal/tt_metal/hw/firmware/src/tt-1xx/trisck.cc,
0,12,4,TRISC_1,60173,15504820953018,0,0,,,TRISC-KERNEL,ZONE_END,86,/home/nx09/nx09/nebriscv/tt-metal-0.74/tt-metal/tt_metal/hw/firmware/src/tt-1xx/trisck.cc,
0,12,4,TRISC_1,30839,15504820961809,0,0,,,TRISC-FW,ZONE_END,150,/home/nx09/nx09/nebriscv/tt-metal-0.74/tt-metal/tt_metal/hw/firmware/src/tt-1xx/trisc.cc,
0,12,4,TRISC_2,30839,15504820897000,0,0,,,TRISC-FW,ZONE_START,150,/home/nx09/nx09/nebriscv/tt-metal-0.74/tt-metal/tt_metal/hw/firmware/src/tt-1xx/trisc.cc,
0,12,4,TRISC_2,60173,15504820897437,0,0,,,TRISC-KERNEL,ZONE_START,86,/home/nx09/nx09/nebriscv/tt-metal-0.74/tt-metal/tt_metal/hw/firmware/src/tt-1xx/trisck.cc,
0,12,4,TRISC_2,60173,15504820939648,0,0,,,TRISC-KERNEL,ZONE_END,86,/home/nx09/nx09/nebriscv/tt-metal-0.74/tt-metal/tt_metal/hw/firmware/src/tt-1xx/trisck.cc,
0,12,4,TRISC_2,30839,15504820961862,0,0,,,TRISC-FW,ZONE_END,150,/home/nx09/nx09/nebriscv/tt-metal-0.74/tt-metal/tt_metal/hw/firmware/src/tt-1xx/trisc.cc,
0,12,5,BRISC,51381,15504820925232,0,0,,,BRISC-FW,ZONE_START,433,/home/nx09/nx09/nebriscv/tt-metal-0.74/tt-metal/tt_metal/hw/firmware/src/tt-1xx/brisc.cc,
0,12,5,BRISC,31418,15504820926002,0,0,,,BRISC-KERNEL,ZONE_START,77,/home/nx09/nx09/nebriscv/tt-metal-0.74/tt-metal/tt_metal/hw/firmware/src/tt-1xx/brisck.cc,
0,12,5,BRISC,31418,15504820994738,0,0,,,BRISC-KERNEL,ZONE_END,77,/home/nx09/nx09/nebriscv/tt-metal-0.74/tt-metal/tt_metal/hw/firmware/src/tt-1xx/brisck.cc,
0,12,5,BRISC,51381,15504820994837,0,0,,,BRISC-FW,ZONE_END,433,/home/nx09/nx09/nebriscv/tt-metal-0.74/tt-metal/tt_metal/hw/firmware/src/tt-1xx/brisc.cc,
0,12,5,NCRISC,49034,15504820925384,0,0,,,NCRISC-FW,ZONE_START,129,/home/nx09/nx09/nebriscv/tt-metal-0.74/tt-metal/tt_metal/hw/firmware/src/tt-1xx/ncrisc.cc,
0,12,5,NCRISC,13096,15504820925872,0,0,,,NCRISC-KERNEL,ZONE_START,69,/home/nx09/nx09/nebriscv/tt-metal-0.74/tt-metal/tt_metal/hw/firmware/src/tt-1xx/ncrisck.cc,
0,12,5,NCRISC,13096,15504820994245,0,0,,,NCRISC-KERNEL,ZONE_END,69,/home/nx09/nx09/nebriscv/tt-metal-0.74/tt-metal/tt_metal/hw/firmware/src/tt-1xx/ncrisck.cc,
0,12,5,NCRISC,49034,15504820994273,0,0,,,NCRISC-FW,ZONE_END,129,/home/nx09/nx09/nebriscv/tt-metal-0.74/tt-metal/tt_metal/hw/firmware/src/tt-1xx/ncrisc.cc,
0,12,5,TRISC_0,30839,15504820925480,0,0,,,TRISC-FW,ZONE_START,150,/home/nx09/nx09/nebriscv/tt-metal-0.74/tt-metal/tt_metal/hw/firmware/src/tt-1xx/trisc.cc,
0,12,5,TRISC_0,60173,15504820925895,0,0,,,TRISC-KERNEL,ZONE_START,86,/home/nx09/nx09/nebriscv/tt-metal-0.74/tt-metal/tt_metal/hw/firmware/src/tt-1xx/trisck.cc,
0,12,5,TRISC_0,60173,15504820994312,0,0,,,TRISC-KERNEL,ZONE_END,86,/home/nx09/nx09/nebriscv/tt-metal-0.74/tt-metal/tt_metal/hw/firmware/src/tt-1xx/trisck.cc,
0,12,5,TRISC_0,30839,15504820994348,0,0,,,TRISC-FW,ZONE_END,150,/home/nx09/nx09/nebriscv/tt-metal-0.74/tt-metal/tt_metal/hw/firmware/src/tt-1xx/trisc.cc,
0,12,5,TRISC_1,30839,15504820925499,0,0,,,TRISC-FW,ZONE_START,150,/home/nx09/nx09/nebriscv/tt-metal-0.74/tt-metal/tt_metal/hw/firmware/src/tt-1xx/trisc.cc,
0,12,5,TRISC_1,60173,15504820925685,0,0,,,TRISC-KERNEL,ZONE_START,86,/home/nx09/nx09/nebriscv/tt-metal-0.74/tt-metal/tt_metal/hw/firmware/src/tt-1xx/trisck.cc,
0,12,5,TRISC_1,60173,15504820985233,0,0,,,TRISC-KERNEL,ZONE_END,86,/home/nx09/nx09/nebriscv/tt-metal-0.74/tt-metal/tt_metal/hw/firmware/src/tt-1xx/trisck.cc,
0,12,5,TRISC_1,30839,15504820994357,0,0,,,TRISC-FW,ZONE_END,150,/home/nx09/nx09/nebriscv/tt-metal-0.74/tt-metal/tt_metal/hw/firmware/src/tt-1xx/trisc.cc,
0,12,5,TRISC_2,30839,15504820925492,0,0,,,TRISC-FW,ZONE_START,150,/home/nx09/nx09/nebriscv/tt-metal-0.74/tt-metal/tt_metal/hw/firmware/src/tt-1xx/trisc.cc,
0,12,5,TRISC_2,60173,15504820925918,0,0,,,TRISC-KERNEL,ZONE_START,86,/home/nx09/nx09/nebriscv/tt-metal-0.74/tt-metal/tt_metal/hw/firmware/src/tt-1xx/trisck.cc,
0,12,5,TRISC_2,60173,15504820971872,0,0,,,TRISC-KERNEL,ZONE_END,86,/home/nx09/nx09/nebriscv/tt-metal-0.74/tt-metal/tt_metal/hw/firmware/src/tt-1xx/trisck.cc,
0,12,5,TRISC_2,30839,15504820994410,0,0,,,TRISC-FW,ZONE_END,150,/home/nx09/nx09/nebriscv/tt-metal-0.74/tt-metal/tt_metal/hw/firmware/src/tt-1xx/trisc.cc,
0,12,6,BRISC,51381,15504820954853,0,0,,,BRISC-FW,ZONE_START,433,/home/nx09/nx09/nebriscv/tt-metal-0.74/tt-metal/tt_metal/hw/firmware/src/tt-1xx/brisc.cc,
0,12,6,BRISC,31418,15504820955641,0,0,,,BRISC-KERNEL,ZONE_START,77,/home/nx09/nx09/nebriscv/tt-metal-0.74/tt-metal/tt_metal/hw/firmware/src/tt-1xx/brisck.cc,
0,12,6,BRISC,31418,15504821023784,0,0,,,BRISC-KERNEL,ZONE_END,77,/home/nx09/nx09/nebriscv/tt-metal-0.74/tt-metal/tt_metal/hw/firmware/src/tt-1xx/brisck.cc,
0,12,6,BRISC,51381,15504821023877,0,0,,,BRISC-FW,ZONE_END,433,/home/nx09/nx09/nebriscv/tt-metal-0.74/tt-metal/tt_metal/hw/firmware/src/tt-1xx/brisc.cc,
0,12,6,NCRISC,49034,15504820955005,0,0,,,NCRISC-FW,ZONE_START,129,/home/nx09/nx09/nebriscv/tt-metal-0.74/tt-metal/tt_metal/hw/firmware/src/tt-1xx/ncrisc.cc,
0,12,6,NCRISC,13096,15504820955487,0,0,,,NCRISC-KERNEL,ZONE_START,69,/home/nx09/nx09/nebriscv/tt-metal-0.74/tt-metal/tt_metal/hw/firmware/src/tt-1xx/ncrisck.cc,
0,12,6,NCRISC,13096,15504821023188,0,0,,,NCRISC-KERNEL,ZONE_END,69,/home/nx09/nx09/nebriscv/tt-metal-0.74/tt-metal/tt_metal/hw/firmware/src/tt-1xx/ncrisck.cc,
0,12,6,NCRISC,49034,15504821023216,0,0,,,NCRISC-FW,ZONE_END,129,/home/nx09/nx09/nebriscv/tt-metal-0.74/tt-metal/tt_metal/hw/firmware/src/tt-1xx/ncrisc.cc,
0,12,6,TRISC_0,30839,15504820955124,0,0,,,TRISC-FW,ZONE_START,150,/home/nx09/nx09/nebriscv/tt-metal-0.74/tt-metal/tt_metal/hw/firmware/src/tt-1xx/trisc.cc,
0,12,6,TRISC_0,60173,15504820955548,0,0,,,TRISC-KERNEL,ZONE_START,86,/home/nx09/nx09/nebriscv/tt-metal-0.74/tt-metal/tt_metal/hw/firmware/src/tt-1xx/trisck.cc,
0,12,6,TRISC_0,60173,15504821023255,0,0,,,TRISC-KERNEL,ZONE_END,86,/home/nx09/nx09/nebriscv/tt-metal-0.74/tt-metal/tt_metal/hw/firmware/src/tt-1xx/trisck.cc,
0,12,6,TRISC_0,30839,15504821023291,0,0,,,TRISC-FW,ZONE_END,150,/home/nx09/nx09/nebriscv/tt-metal-0.74/tt-metal/tt_metal/hw/firmware/src/tt-1xx/trisc.cc,
0,12,6,TRISC_1,30839,15504820955125,0,0,,,TRISC-FW,ZONE_START,150,/home/nx09/nx09/nebriscv/tt-metal-0.74/tt-metal/tt_metal/hw/firmware/src/tt-1xx/trisc.cc,
0,12,6,TRISC_1,60173,15504820955311,0,0,,,TRISC-KERNEL,ZONE_START,86,/home/nx09/nx09/nebriscv/tt-metal-0.74/tt-metal/tt_metal/hw/firmware/src/tt-1xx/trisck.cc,
0,12,6,TRISC_1,60173,15504821014365,0,0,,,TRISC-KERNEL,ZONE_END,86,/home/nx09/nx09/nebriscv/tt-metal-0.74/tt-metal/tt_metal/hw/firmware/src/tt-1xx/trisck.cc,
0,12,6,TRISC_1,30839,15504821023300,0,0,,,TRISC-FW,ZONE_END,150,/home/nx09/nx09/nebriscv/tt-metal-0.74/tt-metal/tt_metal/hw/firmware/src/tt-1xx/trisc.cc,
0,12,6,TRISC_2,30839,15504820955118,0,0,,,TRISC-FW,ZONE_START,150,/home/nx09/nx09/nebriscv/tt-metal-0.74/tt-metal/tt_metal/hw/firmware/src/tt-1xx/trisc.cc,
0,12,6,TRISC_2,60173,15504820955546,0,0,,,TRISC-KERNEL,ZONE_START,86,/home/nx09/nx09/nebriscv/tt-metal-0.74/tt-metal/tt_metal/hw/firmware/src/tt-1xx/trisck.cc,
0,12,6,TRISC_2,60173,15504821000914,0,0,,,TRISC-KERNEL,ZONE_END,86,/home/nx09/nx09/nebriscv/tt-metal-0.74/tt-metal/tt_metal/hw/firmware/src/tt-1xx/trisck.cc,
0,12,6,TRISC_2,30839,15504821023353,0,0,,,TRISC-FW,ZONE_END,150,/home/nx09/nx09/nebriscv/tt-metal-0.74/tt-metal/tt_metal/hw/firmware/src/tt-1xx/trisc.cc,
0,12,7,BRISC,51381,15504820983886,0,0,,,BRISC-FW,ZONE_START,433,/home/nx09/nx09/nebriscv/tt-metal-0.74/tt-metal/tt_metal/hw/firmware/src/tt-1xx/brisc.cc,
0,12,7,BRISC,31418,15504820984664,0,0,,,BRISC-KERNEL,ZONE_START,77,/home/nx09/nx09/nebriscv/tt-metal-0.74/tt-metal/tt_metal/hw/firmware/src/tt-1xx/brisck.cc,
0,12,7,BRISC,31418,15504821049290,0,0,,,BRISC-KERNEL,ZONE_END,77,/home/nx09/nx09/nebriscv/tt-metal-0.74/tt-metal/tt_metal/hw/firmware/src/tt-1xx/brisck.cc,
0,12,7,BRISC,51381,15504821049383,0,0,,,BRISC-FW,ZONE_END,433,/home/nx09/nx09/nebriscv/tt-metal-0.74/tt-metal/tt_metal/hw/firmware/src/tt-1xx/brisc.cc,
0,12,7,NCRISC,49034,15504820984039,0,0,,,NCRISC-FW,ZONE_START,129,/home/nx09/nx09/nebriscv/tt-metal-0.74/tt-metal/tt_metal/hw/firmware/src/tt-1xx/ncrisc.cc,
0,12,7,NCRISC,13096,15504820984524,0,0,,,NCRISC-KERNEL,ZONE_START,69,/home/nx09/nx09/nebriscv/tt-metal-0.74/tt-metal/tt_metal/hw/firmware/src/tt-1xx/ncrisck.cc,
0,12,7,NCRISC,13096,15504821048694,0,0,,,NCRISC-KERNEL,ZONE_END,69,/home/nx09/nx09/nebriscv/tt-metal-0.74/tt-metal/tt_metal/hw/firmware/src/tt-1xx/ncrisck.cc,
0,12,7,NCRISC,49034,15504821048722,0,0,,,NCRISC-FW,ZONE_END,129,/home/nx09/nx09/nebriscv/tt-metal-0.74/tt-metal/tt_metal/hw/firmware/src/tt-1xx/ncrisc.cc,
0,12,7,TRISC_0,30839,15504820984147,0,0,,,TRISC-FW,ZONE_START,150,/home/nx09/nx09/nebriscv/tt-metal-0.74/tt-metal/tt_metal/hw/firmware/src/tt-1xx/trisc.cc,
0,12,7,TRISC_0,60173,15504820984558,0,0,,,TRISC-KERNEL,ZONE_START,86,/home/nx09/nx09/nebriscv/tt-metal-0.74/tt-metal/tt_metal/hw/firmware/src/tt-1xx/trisck.cc,
0,12,7,TRISC_0,60173,15504821048761,0,0,,,TRISC-KERNEL,ZONE_END,86,/home/nx09/nx09/nebriscv/tt-metal-0.74/tt-metal/tt_metal/hw/firmware/src/tt-1xx/trisck.cc,
0,12,7,TRISC_0,30839,15504821048797,0,0,,,TRISC-FW,ZONE_END,150,/home/nx09/nx09/nebriscv/tt-metal-0.74/tt-metal/tt_metal/hw/firmware/src/tt-1xx/trisc.cc,
0,12,7,TRISC_1,30839,15504820984160,0,0,,,TRISC-FW,ZONE_START,150,/home/nx09/nx09/nebriscv/tt-metal-0.74/tt-metal/tt_metal/hw/firmware/src/tt-1xx/trisc.cc,
0,12,7,TRISC_1,60173,15504820984345,0,0,,,TRISC-KERNEL,ZONE_START,86,/home/nx09/nx09/nebriscv/tt-metal-0.74/tt-metal/tt_metal/hw/firmware/src/tt-1xx/trisck.cc,
0,12,7,TRISC_1,60173,15504821040780,0,0,,,TRISC-KERNEL,ZONE_END,86,/home/nx09/nx09/nebriscv/tt-metal-0.74/tt-metal/tt_metal/hw/firmware/src/tt-1xx/trisck.cc,
0,12,7,TRISC_1,30839,15504821048806,0,0,,,TRISC-FW,ZONE_END,150,/home/nx09/nx09/nebriscv/tt-metal-0.74/tt-metal/tt_metal/hw/firmware/src/tt-1xx/trisc.cc,
0,12,7,TRISC_2,30839,15504820984153,0,0,,,TRISC-FW,ZONE_START,150,/home/nx09/nx09/nebriscv/tt-metal-0.74/tt-metal/tt_metal/hw/firmware/src/tt-1xx/trisc.cc,
0,12,7,TRISC_2,60173,15504820984578,0,0,,,TRISC-KERNEL,ZONE_START,86,/home/nx09/nx09/nebriscv/tt-metal-0.74/tt-metal/tt_metal/hw/firmware/src/tt-1xx/trisck.cc,
0,12,7,TRISC_2,60173,15504821028922,0,0,,,TRISC-KERNEL,ZONE_END,86,/home/nx09/nx09/nebriscv/tt-metal-0.74/tt-metal/tt_metal/hw/firmware/src/tt-1xx/trisck.cc,
0,12,7,TRISC_2,30839,15504821048859,0,0,,,TRISC-FW,ZONE_END,150,/home/nx09/nx09/nebriscv/tt-metal-0.74/tt-metal/tt_metal/hw/firmware/src/tt-1xx/trisc.cc,
0,12,8,BRISC,51381,15504821015490,0,0,,,BRISC-FW,ZONE_START,433,/home/nx09/nx09/nebriscv/tt-metal-0.74/tt-metal/tt_metal/hw/firmware/src/tt-1xx/brisc.cc,
0,12,8,BRISC,31418,15504821016288,0,0,,,BRISC-KERNEL,ZONE_START,77,/home/nx09/nx09/nebriscv/tt-metal-0.74/tt-metal/tt_metal/hw/firmware/src/tt-1xx/brisck.cc,
0,12,8,BRISC,31418,15504821085162,0,0,,,BRISC-KERNEL,ZONE_END,77,/home/nx09/nx09/nebriscv/tt-metal-0.74/tt-metal/tt_metal/hw/firmware/src/tt-1xx/brisck.cc,
0,12,8,BRISC,51381,15504821085256,0,0,,,BRISC-FW,ZONE_END,433,/home/nx09/nx09/nebriscv/tt-metal-0.74/tt-metal/tt_metal/hw/firmware/src/tt-1xx/brisc.cc,
0,12,8,NCRISC,49034,15504821015657,0,0,,,NCRISC-FW,ZONE_START,129,/home/nx09/nx09/nebriscv/tt-metal-0.74/tt-metal/tt_metal/hw/firmware/src/tt-1xx/ncrisc.cc,
0,12,8,NCRISC,13096,15504821016144,0,0,,,NCRISC-KERNEL,ZONE_START,69,/home/nx09/nx09/nebriscv/tt-metal-0.74/tt-metal/tt_metal/hw/firmware/src/tt-1xx/ncrisck.cc,
0,12,8,NCRISC,13096,15504821084571,0,0,,,NCRISC-KERNEL,ZONE_END,69,/home/nx09/nx09/nebriscv/tt-metal-0.74/tt-metal/tt_metal/hw/firmware/src/tt-1xx/ncrisck.cc,
0,12,8,NCRISC,49034,15504821084599,0,0,,,NCRISC-FW,ZONE_END,129,/home/nx09/nx09/nebriscv/tt-metal-0.74/tt-metal/tt_metal/hw/firmware/src/tt-1xx/ncrisc.cc,
0,12,8,TRISC_0,30839,15504821015765,0,0,,,TRISC-FW,ZONE_START,150,/home/nx09/nx09/nebriscv/tt-metal-0.74/tt-metal/tt_metal/hw/firmware/src/tt-1xx/trisc.cc,
0,12,8,TRISC_0,60173,15504821016186,0,0,,,TRISC-KERNEL,ZONE_START,86,/home/nx09/nx09/nebriscv/tt-metal-0.74/tt-metal/tt_metal/hw/firmware/src/tt-1xx/trisck.cc,
0,12,8,TRISC_0,60173,15504821084638,0,0,,,TRISC-KERNEL,ZONE_END,86,/home/nx09/nx09/nebriscv/tt-metal-0.74/tt-metal/tt_metal/hw/firmware/src/tt-1xx/trisck.cc,
0,12,8,TRISC_0,30839,15504821084677,0,0,,,TRISC-FW,ZONE_END,150,/home/nx09/nx09/nebriscv/tt-metal-0.74/tt-metal/tt_metal/hw/firmware/src/tt-1xx/trisc.cc,
0,12,8,TRISC_1,30839,15504821015766,0,0,,,TRISC-FW,ZONE_START,150,/home/nx09/nx09/nebriscv/tt-metal-0.74/tt-metal/tt_metal/hw/firmware/src/tt-1xx/trisc.cc,
0,12,8,TRISC_1,60173,15504821015958,0,0,,,TRISC-KERNEL,ZONE_START,86,/home/nx09/nx09/nebriscv/tt-metal-0.74/tt-metal/tt_metal/hw/firmware/src/tt-1xx/trisck.cc,
0,12,8,TRISC_1,60173,15504821075532,0,0,,,TRISC-KERNEL,ZONE_END,86,/home/nx09/nx09/nebriscv/tt-metal-0.74/tt-metal/tt_metal/hw/firmware/src/tt-1xx/trisck.cc,
0,12,8,TRISC_1,30839,15504821084679,0,0,,,TRISC-FW,ZONE_END,150,/home/nx09/nx09/nebriscv/tt-metal-0.74/tt-metal/tt_metal/hw/firmware/src/tt-1xx/trisc.cc,
0,12,8,TRISC_2,30839,15504821015767,0,0,,,TRISC-FW,ZONE_START,150,/home/nx09/nx09/nebriscv/tt-metal-0.74/tt-metal/tt_metal/hw/firmware/src/tt-1xx/trisc.cc,
0,12,8,TRISC_2,60173,15504821016203,0,0,,,TRISC-KERNEL,ZONE_START,86,/home/nx09/nx09/nebriscv/tt-metal-0.74/tt-metal/tt_metal/hw/firmware/src/tt-1xx/trisck.cc,
0,12,8,TRISC_2,60173,15504821062072,0,0,,,TRISC-KERNEL,ZONE_END,86,/home/nx09/nx09/nebriscv/tt-metal-0.74/tt-metal/tt_metal/hw/firmware/src/tt-1xx/trisck.cc,
0,12,8,TRISC_2,30839,15504821084730,0,0,,,TRISC-FW,ZONE_END,150,/home/nx09/nx09/nebriscv/tt-metal-0.74/tt-metal/tt_metal/hw/firmware/src/tt-1xx/trisc.cc,
0,12,9,BRISC,51381,15504821045805,0,0,,,BRISC-FW,ZONE_START,433,/home/nx09/nx09/nebriscv/tt-metal-0.74/tt-metal/tt_metal/hw/firmware/src/tt-1xx/brisc.cc,
0,12,9,BRISC,31418,15504821046581,0,0,,,BRISC-KERNEL,ZONE_START,77,/home/nx09/nx09/nebriscv/tt-metal-0.74/tt-metal/tt_metal/hw/firmware/src/tt-1xx/brisck.cc,
0,12,9,BRISC,31418,15504821114709,0,0,,,BRISC-KERNEL,ZONE_END,77,/home/nx09/nx09/nebriscv/tt-metal-0.74/tt-metal/tt_metal/hw/firmware/src/tt-1xx/brisck.cc,
0,12,9,BRISC,51381,15504821114806,0,0,,,BRISC-FW,ZONE_END,433,/home/nx09/nx09/nebriscv/tt-metal-0.74/tt-metal/tt_metal/hw/firmware/src/tt-1xx/brisc.cc,
0,12,9,NCRISC,49034,15504821045960,0,0,,,NCRISC-FW,ZONE_START,129,/home/nx09/nx09/nebriscv/tt-metal-0.74/tt-metal/tt_metal/hw/firmware/src/tt-1xx/ncrisc.cc,
0,12,9,NCRISC,13096,15504821046446,0,0,,,NCRISC-KERNEL,ZONE_START,69,/home/nx09/nx09/nebriscv/tt-metal-0.74/tt-metal/tt_metal/hw/firmware/src/tt-1xx/ncrisck.cc,
0,12,9,NCRISC,13096,15504821114116,0,0,,,NCRISC-KERNEL,ZONE_END,69,/home/nx09/nx09/nebriscv/tt-metal-0.74/tt-metal/tt_metal/hw/firmware/src/tt-1xx/ncrisck.cc,
0,12,9,NCRISC,49034,15504821114145,0,0,,,NCRISC-FW,ZONE_END,129,/home/nx09/nx09/nebriscv/tt-metal-0.74/tt-metal/tt_metal/hw/firmware/src/tt-1xx/ncrisc.cc,
0,12,9,TRISC_0,30839,15504821046051,0,0,,,TRISC-FW,ZONE_START,150,/home/nx09/nx09/nebriscv/tt-metal-0.74/tt-metal/tt_metal/hw/firmware/src/tt-1xx/trisc.cc,
0,12,9,TRISC_0,60173,15504821046473,0,0,,,TRISC-KERNEL,ZONE_START,86,/home/nx09/nx09/nebriscv/tt-metal-0.74/tt-metal/tt_metal/hw/firmware/src/tt-1xx/trisck.cc,
0,12,9,TRISC_0,60173,15504821114178,0,0,,,TRISC-KERNEL,ZONE_END,86,/home/nx09/nx09/nebriscv/tt-metal-0.74/tt-metal/tt_metal/hw/firmware/src/tt-1xx/trisck.cc,
0,12,9,TRISC_0,30839,15504821114215,0,0,,,TRISC-FW,ZONE_END,150,/home/nx09/nx09/nebriscv/tt-metal-0.74/tt-metal/tt_metal/hw/firmware/src/tt-1xx/trisc.cc,
0,12,9,TRISC_1,30839,15504821046073,0,0,,,TRISC-FW,ZONE_START,150,/home/nx09/nx09/nebriscv/tt-metal-0.74/tt-metal/tt_metal/hw/firmware/src/tt-1xx/trisc.cc,
0,12,9,TRISC_1,60173,15504821046258,0,0,,,TRISC-KERNEL,ZONE_START,86,/home/nx09/nx09/nebriscv/tt-metal-0.74/tt-metal/tt_metal/hw/firmware/src/tt-1xx/trisck.cc,
0,12,9,TRISC_1,60173,15504821105180,0,0,,,TRISC-KERNEL,ZONE_END,86,/home/nx09/nx09/nebriscv/tt-metal-0.74/tt-metal/tt_metal/hw/firmware/src/tt-1xx/trisck.cc,
0,12,9,TRISC_1,30839,15504821114223,0,0,,,TRISC-FW,ZONE_END,150,/home/nx09/nx09/nebriscv/tt-metal-0.74/tt-metal/tt_metal/hw/firmware/src/tt-1xx/trisc.cc,
0,12,9,TRISC_2,30839,15504821046065,0,0,,,TRISC-FW,ZONE_START,150,/home/nx09/nx09/nebriscv/tt-metal-0.74/tt-metal/tt_metal/hw/firmware/src/tt-1xx/trisc.cc,
0,12,9,TRISC_2,60173,15504821046491,0,0,,,TRISC-KERNEL,ZONE_START,86,/home/nx09/nx09/nebriscv/tt-metal-0.74/tt-metal/tt_metal/hw/firmware/src/tt-1xx/trisck.cc,
0,12,9,TRISC_2,60173,15504821091757,0,0,,,TRISC-KERNEL,ZONE_END,86,/home/nx09/nx09/nebriscv/tt-metal-0.74/tt-metal/tt_metal/hw/firmware/src/tt-1xx/trisck.cc,
0,12,9,TRISC_2,30839,15504821114271,0,0,,,TRISC-FW,ZONE_END,150,/home/nx09/nx09/nebriscv/tt-metal-0.74/tt-metal/tt_metal/hw/firmware/src/tt-1xx/trisc.cc,
0,12,10,BRISC,51381,15504821075243,0,0,,,BRISC-FW,ZONE_START,433,/home/nx09/nx09/nebriscv/tt-metal-0.74/tt-metal/tt_metal/hw/firmware/src/tt-1xx/brisc.cc,
0,12,10,BRISC,31418,15504821076026,0,0,,,BRISC-KERNEL,ZONE_START,77,/home/nx09/nx09/nebriscv/tt-metal-0.74/tt-metal/tt_metal/hw/firmware/src/tt-1xx/brisck.cc,
0,12,10,BRISC,31418,15504821140832,0,0,,,BRISC-KERNEL,ZONE_END,77,/home/nx09/nx09/nebriscv/tt-metal-0.74/tt-metal/tt_metal/hw/firmware/src/tt-1xx/brisck.cc,
0,12,10,BRISC,51381,15504821140925,0,0,,,BRISC-FW,ZONE_END,433,/home/nx09/nx09/nebriscv/tt-metal-0.74/tt-metal/tt_metal/hw/firmware/src/tt-1xx/brisc.cc,
0,12,10,NCRISC,49034,15504821075398,0,0,,,NCRISC-FW,ZONE_START,129,/home/nx09/nx09/nebriscv/tt-metal-0.74/tt-metal/tt_metal/hw/firmware/src/tt-1xx/ncrisc.cc,
0,12,10,NCRISC,13096,15504821075896,0,0,,,NCRISC-KERNEL,ZONE_START,69,/home/nx09/nx09/nebriscv/tt-metal-0.74/tt-metal/tt_metal/hw/firmware/src/tt-1xx/ncrisck.cc,
0,12,10,NCRISC,13096,15504821140236,0,0,,,NCRISC-KERNEL,ZONE_END,69,/home/nx09/nx09/nebriscv/tt-metal-0.74/tt-metal/tt_metal/hw/firmware/src/tt-1xx/ncrisck.cc,
0,12,10,NCRISC,49034,15504821140264,0,0,,,NCRISC-FW,ZONE_END,129,/home/nx09/nx09/nebriscv/tt-metal-0.74/tt-metal/tt_metal/hw/firmware/src/tt-1xx/ncrisc.cc,
0,12,10,TRISC_0,30839,15504821075489,0,0,,,TRISC-FW,ZONE_START,150,/home/nx09/nx09/nebriscv/tt-metal-0.74/tt-metal/tt_metal/hw/firmware/src/tt-1xx/trisc.cc,
0,12,10,TRISC_0,60173,15504821075910,0,0,,,TRISC-KERNEL,ZONE_START,86,/home/nx09/nx09/nebriscv/tt-metal-0.74/tt-metal/tt_metal/hw/firmware/src/tt-1xx/trisck.cc,
0,12,10,TRISC_0,60173,15504821140303,0,0,,,TRISC-KERNEL,ZONE_END,86,/home/nx09/nx09/nebriscv/tt-metal-0.74/tt-metal/tt_metal/hw/firmware/src/tt-1xx/trisck.cc,
0,12,10,TRISC_0,30839,15504821140339,0,0,,,TRISC-FW,ZONE_END,150,/home/nx09/nx09/nebriscv/tt-metal-0.74/tt-metal/tt_metal/hw/firmware/src/tt-1xx/trisc.cc,
0,12,10,TRISC_1,30839,15504821075503,0,0,,,TRISC-FW,ZONE_START,150,/home/nx09/nx09/nebriscv/tt-metal-0.74/tt-metal/tt_metal/hw/firmware/src/tt-1xx/trisc.cc,
0,12,10,TRISC_1,60173,15504821075691,0,0,,,TRISC-KERNEL,ZONE_START,86,/home/nx09/nx09/nebriscv/tt-metal-0.74/tt-metal/tt_metal/hw/firmware/src/tt-1xx/trisck.cc,
0,12,10,TRISC_1,60173,15504821131440,0,0,,,TRISC-KERNEL,ZONE_END,86,/home/nx09/nx09/nebriscv/tt-metal-0.74/tt-metal/tt_metal/hw/firmware/src/tt-1xx/trisck.cc,
0,12,10,TRISC_1,30839,15504821140348,0,0,,,TRISC-FW,ZONE_END,150,/home/nx09/nx09/nebriscv/tt-metal-0.74/tt-metal/tt_metal/hw/firmware/src/tt-1xx/trisc.cc,
0,12,10,TRISC_2,30839,15504821075512,0,0,,,TRISC-FW,ZONE_START,150,/home/nx09/nx09/nebriscv/tt-metal-0.74/tt-metal/tt_metal/hw/firmware/src/tt-1xx/trisc.cc,
0,12,10,TRISC_2,60173,15504821075941,0,0,,,TRISC-KERNEL,ZONE_START,86,/home/nx09/nx09/nebriscv/tt-metal-0.74/tt-metal/tt_metal/hw/firmware/src/tt-1xx/trisck.cc,
0,12,10,TRISC_2,60173,15504821118223,0,0,,,TRISC-KERNEL,ZONE_END,86,/home/nx09/nx09/nebriscv/tt-metal-0.74/tt-metal/tt_metal/hw/firmware/src/tt-1xx/trisck.cc,
0,12,10,TRISC_2,30839,15504821140401,0,0,,,TRISC-FW,ZONE_END,150,/home/nx09/nx09/nebriscv/tt-metal-0.74/tt-metal/tt_metal/hw/firmware/src/tt-1xx/trisc.cc,
0,12,11,BRISC,51381,15504821105017,0,0,,,BRISC-FW,ZONE_START,433,/home/nx09/nx09/nebriscv/tt-metal-0.74/tt-metal/tt_metal/hw/firmware/src/tt-1xx/brisc.cc,
0,12,11,BRISC,31418,15504821105788,0,0,,,BRISC-KERNEL,ZONE_START,77,/home/nx09/nx09/nebriscv/tt-metal-0.74/tt-metal/tt_metal/hw/firmware/src/tt-1xx/brisck.cc,
0,12,11,BRISC,31418,15504821173736,0,0,,,BRISC-KERNEL,ZONE_END,77,/home/nx09/nx09/nebriscv/tt-metal-0.74/tt-metal/tt_metal/hw/firmware/src/tt-1xx/brisck.cc,
0,12,11,BRISC,51381,15504821173829,0,0,,,BRISC-FW,ZONE_END,433,/home/nx09/nx09/nebriscv/tt-metal-0.74/tt-metal/tt_metal/hw/firmware/src/tt-1xx/brisc.cc,
0,12,11,NCRISC,49034,15504821105169,0,0,,,NCRISC-FW,ZONE_START,129,/home/nx09/nx09/nebriscv/tt-metal-0.74/tt-metal/tt_metal/hw/firmware/src/tt-1xx/ncrisc.cc,
0,12,11,NCRISC,13096,15504821105657,0,0,,,NCRISC-KERNEL,ZONE_START,69,/home/nx09/nx09/nebriscv/tt-metal-0.74/tt-metal/tt_metal/hw/firmware/src/tt-1xx/ncrisck.cc,
0,12,11,NCRISC,13096,15504821173140,0,0,,,NCRISC-KERNEL,ZONE_END,69,/home/nx09/nx09/nebriscv/tt-metal-0.74/tt-metal/tt_metal/hw/firmware/src/tt-1xx/ncrisck.cc,
0,12,11,NCRISC,49034,15504821173168,0,0,,,NCRISC-FW,ZONE_END,129,/home/nx09/nx09/nebriscv/tt-metal-0.74/tt-metal/tt_metal/hw/firmware/src/tt-1xx/ncrisc.cc,
0,12,11,TRISC_0,30839,15504821105265,0,0,,,TRISC-FW,ZONE_START,150,/home/nx09/nx09/nebriscv/tt-metal-0.74/tt-metal/tt_metal/hw/firmware/src/tt-1xx/trisc.cc,
0,12,11,TRISC_0,60173,15504821105680,0,0,,,TRISC-KERNEL,ZONE_START,86,/home/nx09/nx09/nebriscv/tt-metal-0.74/tt-metal/tt_metal/hw/firmware/src/tt-1xx/trisck.cc,
0,12,11,TRISC_0,60173,15504821173207,0,0,,,TRISC-KERNEL,ZONE_END,86,/home/nx09/nx09/nebriscv/tt-metal-0.74/tt-metal/tt_metal/hw/firmware/src/tt-1xx/trisck.cc,
0,12,11,TRISC_0,30839,15504821173243,0,0,,,TRISC-FW,ZONE_END,150,/home/nx09/nx09/nebriscv/tt-metal-0.74/tt-metal/tt_metal/hw/firmware/src/tt-1xx/trisc.cc,
0,12,11,TRISC_1,30839,15504821105284,0,0,,,TRISC-FW,ZONE_START,150,/home/nx09/nx09/nebriscv/tt-metal-0.74/tt-metal/tt_metal/hw/firmware/src/tt-1xx/trisc.cc,
0,12,11,TRISC_1,60173,15504821105470,0,0,,,TRISC-KERNEL,ZONE_START,86,/home/nx09/nx09/nebriscv/tt-metal-0.74/tt-metal/tt_metal/hw/firmware/src/tt-1xx/trisck.cc,
0,12,11,TRISC_1,60173,15504821164281,0,0,,,TRISC-KERNEL,ZONE_END,86,/home/nx09/nx09/nebriscv/tt-metal-0.74/tt-metal/tt_metal/hw/firmware/src/tt-1xx/trisck.cc,
0,12,11,TRISC_1,30839,15504821173252,0,0,,,TRISC-FW,ZONE_END,150,/home/nx09/nx09/nebriscv/tt-metal-0.74/tt-metal/tt_metal/hw/firmware/src/tt-1xx/trisc.cc,
0,12,11,TRISC_2,30839,15504821105277,0,0,,,TRISC-FW,ZONE_START,150,/home/nx09/nx09/nebriscv/tt-metal-0.74/tt-metal/tt_metal/hw/firmware/src/tt-1xx/trisc.cc,
0,12,11,TRISC_2,60173,15504821105703,0,0,,,TRISC-KERNEL,ZONE_START,86,/home/nx09/nx09/nebriscv/tt-metal-0.74/tt-metal/tt_metal/hw/firmware/src/tt-1xx/trisck.cc,
0,12,11,TRISC_2,60173,15504821150722,0,0,,,TRISC-KERNEL,ZONE_END,86,/home/nx09/nx09/nebriscv/tt-metal-0.74/tt-metal/tt_metal/hw/firmware/src/tt-1xx/trisck.cc,
0,12,11,TRISC_2,30839,15504821173305,0,0,,,TRISC-FW,ZONE_END,150,/home/nx09/nx09/nebriscv/tt-metal-0.74/tt-metal/tt_metal/hw/firmware/src/tt-1xx/trisc.cc,
0,13,2,BRISC,51381,15504821134916,0,0,,,BRISC-FW,ZONE_START,433,/home/nx09/nx09/nebriscv/tt-metal-0.74/tt-metal/tt_metal/hw/firmware/src/tt-1xx/brisc.cc,
0,13,2,BRISC,31418,15504821135686,0,0,,,BRISC-KERNEL,ZONE_START,77,/home/nx09/nx09/nebriscv/tt-metal-0.74/tt-metal/tt_metal/hw/firmware/src/tt-1xx/brisck.cc,
0,13,2,BRISC,31418,15504821204057,0,0,,,BRISC-KERNEL,ZONE_END,77,/home/nx09/nx09/nebriscv/tt-metal-0.74/tt-metal/tt_metal/hw/firmware/src/tt-1xx/brisck.cc,
0,13,2,BRISC,51381,15504821204150,0,0,,,BRISC-FW,ZONE_END,433,/home/nx09/nx09/nebriscv/tt-metal-0.74/tt-metal/tt_metal/hw/firmware/src/tt-1xx/brisc.cc,
0,13,2,NCRISC,49034,15504821135068,0,0,,,NCRISC-FW,ZONE_START,129,/home/nx09/nx09/nebriscv/tt-metal-0.74/tt-metal/tt_metal/hw/firmware/src/tt-1xx/ncrisc.cc,
0,13,2,NCRISC,13096,15504821135556,0,0,,,NCRISC-KERNEL,ZONE_START,69,/home/nx09/nx09/nebriscv/tt-metal-0.74/tt-metal/tt_metal/hw/firmware/src/tt-1xx/ncrisck.cc,
0,13,2,NCRISC,13096,15504821203461,0,0,,,NCRISC-KERNEL,ZONE_END,69,/home/nx09/nx09/nebriscv/tt-metal-0.74/tt-metal/tt_metal/hw/firmware/src/tt-1xx/ncrisck.cc,
0,13,2,NCRISC,49034,15504821203489,0,0,,,NCRISC-FW,ZONE_END,129,/home/nx09/nx09/nebriscv/tt-metal-0.74/tt-metal/tt_metal/hw/firmware/src/tt-1xx/ncrisc.cc,
0,13,2,TRISC_0,30839,15504821135164,0,0,,,TRISC-FW,ZONE_START,150,/home/nx09/nx09/nebriscv/tt-metal-0.74/tt-metal/tt_metal/hw/firmware/src/tt-1xx/trisc.cc,
0,13,2,TRISC_0,60173,15504821135579,0,0,,,TRISC-KERNEL,ZONE_START,86,/home/nx09/nx09/nebriscv/tt-metal-0.74/tt-metal/tt_metal/hw/firmware/src/tt-1xx/trisck.cc,
0,13,2,TRISC_0,60173,15504821203528,0,0,,,TRISC-KERNEL,ZONE_END,86,/home/nx09/nx09/nebriscv/tt-metal-0.74/tt-metal/tt_metal/hw/firmware/src/tt-1xx/trisck.cc,
0,13,2,TRISC_0,30839,15504821203564,0,0,,,TRISC-FW,ZONE_END,150,/home/nx09/nx09/nebriscv/tt-metal-0.74/tt-metal/tt_metal/hw/firmware/src/tt-1xx/trisc.cc,
0,13,2,TRISC_1,30839,15504821135183,0,0,,,TRISC-FW,ZONE_START,150,/home/nx09/nx09/nebriscv/tt-metal-0.74/tt-metal/tt_metal/hw/firmware/src/tt-1xx/trisc.cc,
0,13,2,TRISC_1,60173,15504821135369,0,0,,,TRISC-KERNEL,ZONE_START,86,/home/nx09/nx09/nebriscv/tt-metal-0.74/tt-metal/tt_metal/hw/firmware/src/tt-1xx/trisck.cc,
0,13,2,TRISC_1,60173,15504821194305,0,0,,,TRISC-KERNEL,ZONE_END,86,/home/nx09/nx09/nebriscv/tt-metal-0.74/tt-metal/tt_metal/hw/firmware/src/tt-1xx/trisck.cc,
0,13,2,TRISC_1,30839,15504821203573,0,0,,,TRISC-FW,ZONE_END,150,/home/nx09/nx09/nebriscv/tt-metal-0.74/tt-metal/tt_metal/hw/firmware/src/tt-1xx/trisc.cc,
0,13,2,TRISC_2,30839,15504821135176,0,0,,,TRISC-FW,ZONE_START,150,/home/nx09/nx09/nebriscv/tt-metal-0.74/tt-metal/tt_metal/hw/firmware/src/tt-1xx/trisc.cc,
0,13,2,TRISC_2,60173,15504821135602,0,0,,,TRISC-KERNEL,ZONE_START,86,/home/nx09/nx09/nebriscv/tt-metal-0.74/tt-metal/tt_metal/hw/firmware/src/tt-1xx/trisck.cc,
0,13,2,TRISC_2,60173,15504821180863,0,0,,,TRISC-KERNEL,ZONE_END,86,/home/nx09/nx09/nebriscv/tt-metal-0.74/tt-metal/tt_metal/hw/firmware/src/tt-1xx/trisck.cc,
0,13,2,TRISC_2,30839,15504821203626,0,0,,,TRISC-FW,ZONE_END,150,/home/nx09/nx09/nebriscv/tt-metal-0.74/tt-metal/tt_metal/hw/firmware/src/tt-1xx/trisc.cc,
0,13,3,BRISC,51381,15504821164394,0,0,,,BRISC-FW,ZONE_START,433,/home/nx09/nx09/nebriscv/tt-metal-0.74/tt-metal/tt_metal/hw/firmware/src/tt-1xx/brisc.cc,
0,13,3,BRISC,31418,15504821165154,0,0,,,BRISC-KERNEL,ZONE_START,77,/home/nx09/nx09/nebriscv/tt-metal-0.74/tt-metal/tt_metal/hw/firmware/src/tt-1xx/brisck.cc,
0,13,3,BRISC,31418,15504821233663,0,0,,,BRISC-KERNEL,ZONE_END,77,/home/nx09/nx09/nebriscv/tt-metal-0.74/tt-metal/tt_metal/hw/firmware/src/tt-1xx/brisck.cc,
0,13,3,BRISC,51381,15504821233756,0,0,,,BRISC-FW,ZONE_END,433,/home/nx09/nx09/nebriscv/tt-metal-0.74/tt-metal/tt_metal/hw/firmware/src/tt-1xx/brisc.cc,
0,13,3,NCRISC,49034,15504821164546,0,0,,,NCRISC-FW,ZONE_START,129,/home/nx09/nx09/nebriscv/tt-metal-0.74/tt-metal/tt_metal/hw/firmware/src/tt-1xx/ncrisc.cc,
0,13,3,NCRISC,13096,15504821165036,0,0,,,NCRISC-KERNEL,ZONE_START,69,/home/nx09/nx09/nebriscv/tt-metal-0.74/tt-metal/tt_metal/hw/firmware/src/tt-1xx/ncrisck.cc,
0,13,3,NCRISC,13096,15504821233067,0,0,,,NCRISC-KERNEL,ZONE_END,69,/home/nx09/nx09/nebriscv/tt-metal-0.74/tt-metal/tt_metal/hw/firmware/src/tt-1xx/ncrisck.cc,
0,13,3,NCRISC,49034,15504821233095,0,0,,,NCRISC-FW,ZONE_END,129,/home/nx09/nx09/nebriscv/tt-metal-0.74/tt-metal/tt_metal/hw/firmware/src/tt-1xx/ncrisc.cc,
0,13,3,TRISC_0,30839,15504821164642,0,0,,,TRISC-FW,ZONE_START,150,/home/nx09/nx09/nebriscv/tt-metal-0.74/tt-metal/tt_metal/hw/firmware/src/tt-1xx/trisc.cc,
0,13,3,TRISC_0,60173,15504821165051,0,0,,,TRISC-KERNEL,ZONE_START,86,/home/nx09/nx09/nebriscv/tt-metal-0.74/tt-metal/tt_metal/hw/firmware/src/tt-1xx/trisck.cc,
0,13,3,TRISC_0,60173,15504821233134,0,0,,,TRISC-KERNEL,ZONE_END,86,/home/nx09/nx09/nebriscv/tt-metal-0.74/tt-metal/tt_metal/hw/firmware/src/tt-1xx/trisck.cc,
0,13,3,TRISC_0,30839,15504821233170,0,0,,,TRISC-FW,ZONE_END,150,/home/nx09/nx09/nebriscv/tt-metal-0.74/tt-metal/tt_metal/hw/firmware/src/tt-1xx/trisc.cc,
0,13,3,TRISC_1,30839,15504821164654,0,0,,,TRISC-FW,ZONE_START,150,/home/nx09/nx09/nebriscv/tt-metal-0.74/tt-metal/tt_metal/hw/firmware/src/tt-1xx/trisc.cc,
0,13,3,TRISC_1,60173,15504821164850,0,0,,,TRISC-KERNEL,ZONE_START,86,/home/nx09/nx09/nebriscv/tt-metal-0.74/tt-metal/tt_metal/hw/firmware/src/tt-1xx/trisck.cc,
0,13,3,TRISC_1,60173,15504821224109,0,0,,,TRISC-KERNEL,ZONE_END,86,/home/nx09/nx09/nebriscv/tt-metal-0.74/tt-metal/tt_metal/hw/firmware/src/tt-1xx/trisck.cc,
0,13,3,TRISC_1,30839,15504821233179,0,0,,,TRISC-FW,ZONE_END,150,/home/nx09/nx09/nebriscv/tt-metal-0.74/tt-metal/tt_metal/hw/firmware/src/tt-1xx/trisc.cc,
0,13,3,TRISC_2,30839,15504821164662,0,0,,,TRISC-FW,ZONE_START,150,/home/nx09/nx09/nebriscv/tt-metal-0.74/tt-metal/tt_metal/hw/firmware/src/tt-1xx/trisc.cc,
0,13,3,TRISC_2,60173,15504821165099,0,0,,,TRISC-KERNEL,ZONE_START,86,/home/nx09/nx09/nebriscv/tt-metal-0.74/tt-metal/tt_metal/hw/firmware/src/tt-1xx/trisck.cc,
0,13,3,TRISC_2,60173,15504821210569,0,0,,,TRISC-KERNEL,ZONE_END,86,/home/nx09/nx09/nebriscv/tt-metal-0.74/tt-metal/tt_metal/hw/firmware/src/tt-1xx/trisck.cc,
0,13,3,TRISC_2,30839,15504821233232,0,0,,,TRISC-FW,ZONE_END,150,/home/nx09/nx09/nebriscv/tt-metal-0.74/tt-metal/tt_metal/hw/firmware/src/tt-1xx/trisc.cc,
0,13,4,BRISC,51381,15504821194424,0,0,,,BRISC-FW,ZONE_START,433,/home/nx09/nx09/nebriscv/tt-metal-0.74/tt-metal/tt_metal/hw/firmware/src/tt-1xx/brisc.cc,
0,13,4,BRISC,31418,15504821195212,0,0,,,BRISC-KERNEL,ZONE_START,77,/home/nx09/nx09/nebriscv/tt-metal-0.74/tt-metal/tt_metal/hw/firmware/src/tt-1xx/brisck.cc,
0,13,4,BRISC,31418,15504821259775,0,0,,,BRISC-KERNEL,ZONE_END,77,/home/nx09/nx09/nebriscv/tt-metal-0.74/tt-metal/tt_metal/hw/firmware/src/tt-1xx/brisck.cc,
0,13,4,BRISC,51381,15504821259868,0,0,,,BRISC-FW,ZONE_END,433,/home/nx09/nx09/nebriscv/tt-metal-0.74/tt-metal/tt_metal/hw/firmware/src/tt-1xx/brisc.cc,
0,13,4,NCRISC,49034,15504821194576,0,0,,,NCRISC-FW,ZONE_START,129,/home/nx09/nx09/nebriscv/tt-metal-0.74/tt-metal/tt_metal/hw/firmware/src/tt-1xx/ncrisc.cc,
0,13,4,NCRISC,13096,15504821195058,0,0,,,NCRISC-KERNEL,ZONE_START,69,/home/nx09/nx09/nebriscv/tt-metal-0.74/tt-metal/tt_metal/hw/firmware/src/tt-1xx/ncrisck.cc,
0,13,4,NCRISC,13096,15504821259179,0,0,,,NCRISC-KERNEL,ZONE_END,69,/home/nx09/nx09/nebriscv/tt-metal-0.74/tt-metal/tt_metal/hw/firmware/src/tt-1xx/ncrisck.cc,
0,13,4,NCRISC,49034,15504821259207,0,0,,,NCRISC-FW,ZONE_END,129,/home/nx09/nx09/nebriscv/tt-metal-0.74/tt-metal/tt_metal/hw/firmware/src/tt-1xx/ncrisc.cc,
0,13,4,TRISC_0,30839,15504821194695,0,0,,,TRISC-FW,ZONE_START,150,/home/nx09/nx09/nebriscv/tt-metal-0.74/tt-metal/tt_metal/hw/firmware/src/tt-1xx/trisc.cc,
0,13,4,TRISC_0,60173,15504821195119,0,0,,,TRISC-KERNEL,ZONE_START,86,/home/nx09/nx09/nebriscv/tt-metal-0.74/tt-metal/tt_metal/hw/firmware/src/tt-1xx/trisck.cc,
0,13,4,TRISC_0,60173,15504821259246,0,0,,,TRISC-KERNEL,ZONE_END,86,/home/nx09/nx09/nebriscv/tt-metal-0.74/tt-metal/tt_metal/hw/firmware/src/tt-1xx/trisck.cc,
0,13,4,TRISC_0,30839,15504821259282,0,0,,,TRISC-FW,ZONE_END,150,/home/nx09/nx09/nebriscv/tt-metal-0.74/tt-metal/tt_metal/hw/firmware/src/tt-1xx/trisc.cc,
0,13,4,TRISC_1,30839,15504821194696,0,0,,,TRISC-FW,ZONE_START,150,/home/nx09/nx09/nebriscv/tt-metal-0.74/tt-metal/tt_metal/hw/firmware/src/tt-1xx/trisc.cc,
0,13,4,TRISC_1,60173,15504821194882,0,0,,,TRISC-KERNEL,ZONE_START,86,/home/nx09/nx09/nebriscv/tt-metal-0.74/tt-metal/tt_metal/hw/firmware/src/tt-1xx/trisck.cc,
0,13,4,TRISC_1,60173,15504821251409,0,0,,,TRISC-KERNEL,ZONE_END,86,/home/nx09/nx09/nebriscv/tt-metal-0.74/tt-metal/tt_metal/hw/firmware/src/tt-1xx/trisck.cc,
0,13,4,TRISC_1,30839,15504821259291,0,0,,,TRISC-FW,ZONE_END,150,/home/nx09/nx09/nebriscv/tt-metal-0.74/tt-metal/tt_metal/hw/firmware/src/tt-1xx/trisc.cc,
0,13,4,TRISC_2,30839,15504821194689,0,0,,,TRISC-FW,ZONE_START,150,/home/nx09/nx09/nebriscv/tt-metal-0.74/tt-metal/tt_metal/hw/firmware/src/tt-1xx/trisc.cc,
0,13,4,TRISC_2,60173,15504821195117,0,0,,,TRISC-KERNEL,ZONE_START,86,/home/nx09/nx09/nebriscv/tt-metal-0.74/tt-metal/tt_metal/hw/firmware/src/tt-1xx/trisck.cc,
0,13,4,TRISC_2,60173,15504821239316,0,0,,,TRISC-KERNEL,ZONE_END,86,/home/nx09/nx09/nebriscv/tt-metal-0.74/tt-metal/tt_metal/hw/firmware/src/tt-1xx/trisck.cc,
0,13,4,TRISC_2,30839,15504821259344,0,0,,,TRISC-FW,ZONE_END,150,/home/nx09/nx09/nebriscv/tt-metal-0.74/tt-metal/tt_metal/hw/firmware/src/tt-1xx/trisc.cc,
0,13,5,BRISC,51381,15504821224880,0,0,,,BRISC-FW,ZONE_START,433,/home/nx09/nx09/nebriscv/tt-metal-0.74/tt-metal/tt_metal/hw/firmware/src/tt-1xx/brisc.cc,
0,13,5,BRISC,31418,15504821225650,0,0,,,BRISC-KERNEL,ZONE_START,77,/home/nx09/nx09/nebriscv/tt-metal-0.74/tt-metal/tt_metal/hw/firmware/src/tt-1xx/brisck.cc,
0,13,5,BRISC,31418,15504821294237,0,0,,,BRISC-KERNEL,ZONE_END,77,/home/nx09/nx09/nebriscv/tt-metal-0.74/tt-metal/tt_metal/hw/firmware/src/tt-1xx/brisck.cc,
0,13,5,BRISC,51381,15504821294330,0,0,,,BRISC-FW,ZONE_END,433,/home/nx09/nx09/nebriscv/tt-metal-0.74/tt-metal/tt_metal/hw/firmware/src/tt-1xx/brisc.cc,
0,13,5,NCRISC,49034,15504821225032,0,0,,,NCRISC-FW,ZONE_START,129,/home/nx09/nx09/nebriscv/tt-metal-0.74/tt-metal/tt_metal/hw/firmware/src/tt-1xx/ncrisc.cc,
0,13,5,NCRISC,13096,15504821225520,0,0,,,NCRISC-KERNEL,ZONE_START,69,/home/nx09/nx09/nebriscv/tt-metal-0.74/tt-metal/tt_metal/hw/firmware/src/tt-1xx/ncrisck.cc,
0,13,5,NCRISC,13096,15504821293641,0,0,,,NCRISC-KERNEL,ZONE_END,69,/home/nx09/nx09/nebriscv/tt-metal-0.74/tt-metal/tt_metal/hw/firmware/src/tt-1xx/ncrisck.cc,
0,13,5,NCRISC,49034,15504821293669,0,0,,,NCRISC-FW,ZONE_END,129,/home/nx09/nx09/nebriscv/tt-metal-0.74/tt-metal/tt_metal/hw/firmware/src/tt-1xx/ncrisc.cc,
0,13,5,TRISC_0,30839,15504821225128,0,0,,,TRISC-FW,ZONE_START,150,/home/nx09/nx09/nebriscv/tt-metal-0.74/tt-metal/tt_metal/hw/firmware/src/tt-1xx/trisc.cc,
0,13,5,TRISC_0,60173,15504821225543,0,0,,,TRISC-KERNEL,ZONE_START,86,/home/nx09/nx09/nebriscv/tt-metal-0.74/tt-metal/tt_metal/hw/firmware/src/tt-1xx/trisck.cc,
0,13,5,TRISC_0,60173,15504821293708,0,0,,,TRISC-KERNEL,ZONE_END,86,/home/nx09/nx09/nebriscv/tt-metal-0.74/tt-metal/tt_metal/hw/firmware/src/tt-1xx/trisck.cc,
0,13,5,TRISC_0,30839,15504821293744,0,0,,,TRISC-FW,ZONE_END,150,/home/nx09/nx09/nebriscv/tt-metal-0.74/tt-metal/tt_metal/hw/firmware/src/tt-1xx/trisc.cc,
0,13,5,TRISC_1,30839,15504821225147,0,0,,,TRISC-FW,ZONE_START,150,/home/nx09/nx09/nebriscv/tt-metal-0.74/tt-metal/tt_metal/hw/firmware/src/tt-1xx/trisc.cc,
0,13,5,TRISC_1,60173,15504821225333,0,0,,,TRISC-KERNEL,ZONE_START,86,/home/nx09/nx09/nebriscv/tt-metal-0.74/tt-metal/tt_metal/hw/firmware/src/tt-1xx/trisck.cc,
0,13,5,TRISC_1,60173,15504821284593,0,0,,,TRISC-KERNEL,ZONE_END,86,/home/nx09/nx09/nebriscv/tt-metal-0.74/tt-metal/tt_metal/hw/firmware/src/tt-1xx/trisck.cc,
0,13,5,TRISC_1,30839,15504821293753,0,0,,,TRISC-FW,ZONE_END,150,/home/nx09/nx09/nebriscv/tt-metal-0.74/tt-metal/tt_metal/hw/firmware/src/tt-1xx/trisc.cc,
0,13,5,TRISC_2,30839,15504821225140,0,0,,,TRISC-FW,ZONE_START,150,/home/nx09/nx09/nebriscv/tt-metal-0.74/tt-metal/tt_metal/hw/firmware/src/tt-1xx/trisc.cc,
0,13,5,TRISC_2,60173,15504821225566,0,0,,,TRISC-KERNEL,ZONE_START,86,/home/nx09/nx09/nebriscv/tt-metal-0.74/tt-metal/tt_metal/hw/firmware/src/tt-1xx/trisck.cc,
0,13,5,TRISC_2,60173,15504821271133,0,0,,,TRISC-KERNEL,ZONE_END,86,/home/nx09/nx09/nebriscv/tt-metal-0.74/tt-metal/tt_metal/hw/firmware/src/tt-1xx/trisck.cc,
0,13,5,TRISC_2,30839,15504821293806,0,0,,,TRISC-FW,ZONE_END,150,/home/nx09/nx09/nebriscv/tt-metal-0.74/tt-metal/tt_metal/hw/firmware/src/tt-1xx/trisc.cc,
0,13,6,BRISC,51381,15504821255152,0,0,,,BRISC-FW,ZONE_START,433,/home/nx09/nx09/nebriscv/tt-metal-0.74/tt-metal/tt_metal/hw/firmware/src/tt-1xx/brisc.cc,
0,13,6,BRISC,31418,15504821255935,0,0,,,BRISC-KERNEL,ZONE_START,77,/home/nx09/nx09/nebriscv/tt-metal-0.74/tt-metal/tt_metal/hw/firmware/src/tt-1xx/brisck.cc,
0,13,6,BRISC,31418,15504821324842,0,0,,,BRISC-KERNEL,ZONE_END,77,/home/nx09/nx09/nebriscv/tt-metal-0.74/tt-metal/tt_metal/hw/firmware/src/tt-1xx/brisck.cc,
0,13,6,BRISC,51381,15504821324935,0,0,,,BRISC-FW,ZONE_END,433,/home/nx09/nx09/nebriscv/tt-metal-0.74/tt-metal/tt_metal/hw/firmware/src/tt-1xx/brisc.cc,
0,13,6,NCRISC,49034,15504821255307,0,0,,,NCRISC-FW,ZONE_START,129,/home/nx09/nx09/nebriscv/tt-metal-0.74/tt-metal/tt_metal/hw/firmware/src/tt-1xx/ncrisc.cc,
0,13,6,NCRISC,13096,15504821255805,0,0,,,NCRISC-KERNEL,ZONE_START,69,/home/nx09/nx09/nebriscv/tt-metal-0.74/tt-metal/tt_metal/hw/firmware/src/tt-1xx/ncrisck.cc,
0,13,6,NCRISC,13096,15504821324246,0,0,,,NCRISC-KERNEL,ZONE_END,69,/home/nx09/nx09/nebriscv/tt-metal-0.74/tt-metal/tt_metal/hw/firmware/src/tt-1xx/ncrisck.cc,
0,13,6,NCRISC,49034,15504821324274,0,0,,,NCRISC-FW,ZONE_END,129,/home/nx09/nx09/nebriscv/tt-metal-0.74/tt-metal/tt_metal/hw/firmware/src/tt-1xx/ncrisc.cc,
0,13,6,TRISC_0,30839,15504821255398,0,0,,,TRISC-FW,ZONE_START,150,/home/nx09/nx09/nebriscv/tt-metal-0.74/tt-metal/tt_metal/hw/firmware/src/tt-1xx/trisc.cc,
0,13,6,TRISC_0,60173,15504821255819,0,0,,,TRISC-KERNEL,ZONE_START,86,/home/nx09/nx09/nebriscv/tt-metal-0.74/tt-metal/tt_metal/hw/firmware/src/tt-1xx/trisck.cc,
0,13,6,TRISC_0,60173,15504821324313,0,0,,,TRISC-KERNEL,ZONE_END,86,/home/nx09/nx09/nebriscv/tt-metal-0.74/tt-metal/tt_metal/hw/firmware/src/tt-1xx/trisck.cc,
0,13,6,TRISC_0,30839,15504821324349,0,0,,,TRISC-FW,ZONE_END,150,/home/nx09/nx09/nebriscv/tt-metal-0.74/tt-metal/tt_metal/hw/firmware/src/tt-1xx/trisc.cc,
0,13,6,TRISC_1,30839,15504821255412,0,0,,,TRISC-FW,ZONE_START,150,/home/nx09/nx09/nebriscv/tt-metal-0.74/tt-metal/tt_metal/hw/firmware/src/tt-1xx/trisc.cc,
0,13,6,TRISC_1,60173,15504821255600,0,0,,,TRISC-KERNEL,ZONE_START,86,/home/nx09/nx09/nebriscv/tt-metal-0.74/tt-metal/tt_metal/hw/firmware/src/tt-1xx/trisck.cc,
0,13,6,TRISC_1,60173,15504821315189,0,0,,,TRISC-KERNEL,ZONE_END,86,/home/nx09/nx09/nebriscv/tt-metal-0.74/tt-metal/tt_metal/hw/firmware/src/tt-1xx/trisck.cc,
0,13,6,TRISC_1,30839,15504821324358,0,0,,,TRISC-FW,ZONE_END,150,/home/nx09/nx09/nebriscv/tt-metal-0.74/tt-metal/tt_metal/hw/firmware/src/tt-1xx/trisc.cc,
0,13,6,TRISC_2,30839,15504821255421,0,0,,,TRISC-FW,ZONE_START,150,/home/nx09/nx09/nebriscv/tt-metal-0.74/tt-metal/tt_metal/hw/firmware/src/tt-1xx/trisc.cc,
0,13,6,TRISC_2,60173,15504821255850,0,0,,,TRISC-KERNEL,ZONE_START,86,/home/nx09/nx09/nebriscv/tt-metal-0.74/tt-metal/tt_metal/hw/firmware/src/tt-1xx/trisck.cc,
0,13,6,TRISC_2,60173,15504821301604,0,0,,,TRISC-KERNEL,ZONE_END,86,/home/nx09/nx09/nebriscv/tt-metal-0.74/tt-metal/tt_metal/hw/firmware/src/tt-1xx/trisck.cc,
0,13,6,TRISC_2,30839,15504821324411,0,0,,,TRISC-FW,ZONE_END,150,/home/nx09/nx09/nebriscv/tt-metal-0.74/tt-metal/tt_metal/hw/firmware/src/tt-1xx/trisc.cc,
0,13,7,BRISC,51381,15504821285103,0,0,,,BRISC-FW,ZONE_START,433,/home/nx09/nx09/nebriscv/tt-metal-0.74/tt-metal/tt_metal/hw/firmware/src/tt-1xx/brisc.cc,
0,13,7,BRISC,31418,15504821285881,0,0,,,BRISC-KERNEL,ZONE_START,77,/home/nx09/nx09/nebriscv/tt-metal-0.74/tt-metal/tt_metal/hw/firmware/src/tt-1xx/brisck.cc,
0,13,7,BRISC,31418,15504821353306,0,0,,,BRISC-KERNEL,ZONE_END,77,/home/nx09/nx09/nebriscv/tt-metal-0.74/tt-metal/tt_metal/hw/firmware/src/tt-1xx/brisck.cc,
0,13,7,BRISC,51381,15504821353399,0,0,,,BRISC-FW,ZONE_END,433,/home/nx09/nx09/nebriscv/tt-metal-0.74/tt-metal/tt_metal/hw/firmware/src/tt-1xx/brisc.cc,
0,13,7,NCRISC,49034,15504821285256,0,0,,,NCRISC-FW,ZONE_START,129,/home/nx09/nx09/nebriscv/tt-metal-0.74/tt-metal/tt_metal/hw/firmware/src/tt-1xx/ncrisc.cc,
0,13,7,NCRISC,13096,15504821285741,0,0,,,NCRISC-KERNEL,ZONE_START,69,/home/nx09/nx09/nebriscv/tt-metal-0.74/tt-metal/tt_metal/hw/firmware/src/tt-1xx/ncrisck.cc,
0,13,7,NCRISC,13096,15504821352710,0,0,,,NCRISC-KERNEL,ZONE_END,69,/home/nx09/nx09/nebriscv/tt-metal-0.74/tt-metal/tt_metal/hw/firmware/src/tt-1xx/ncrisck.cc,
0,13,7,NCRISC,49034,15504821352738,0,0,,,NCRISC-FW,ZONE_END,129,/home/nx09/nx09/nebriscv/tt-metal-0.74/tt-metal/tt_metal/hw/firmware/src/tt-1xx/ncrisc.cc,
0,13,7,TRISC_0,30839,15504821285364,0,0,,,TRISC-FW,ZONE_START,150,/home/nx09/nx09/nebriscv/tt-metal-0.74/tt-metal/tt_metal/hw/firmware/src/tt-1xx/trisc.cc,
0,13,7,TRISC_0,60173,15504821285775,0,0,,,TRISC-KERNEL,ZONE_START,86,/home/nx09/nx09/nebriscv/tt-metal-0.74/tt-metal/tt_metal/hw/firmware/src/tt-1xx/trisck.cc,
0,13,7,TRISC_0,60173,15504821352777,0,0,,,TRISC-KERNEL,ZONE_END,86,/home/nx09/nx09/nebriscv/tt-metal-0.74/tt-metal/tt_metal/hw/firmware/src/tt-1xx/trisck.cc,
0,13,7,TRISC_0,30839,15504821352813,0,0,,,TRISC-FW,ZONE_END,150,/home/nx09/nx09/nebriscv/tt-metal-0.74/tt-metal/tt_metal/hw/firmware/src/tt-1xx/trisc.cc,
0,13,7,TRISC_1,30839,15504821285377,0,0,,,TRISC-FW,ZONE_START,150,/home/nx09/nx09/nebriscv/tt-metal-0.74/tt-metal/tt_metal/hw/firmware/src/tt-1xx/trisc.cc,
0,13,7,TRISC_1,60173,15504821285562,0,0,,,TRISC-KERNEL,ZONE_START,86,/home/nx09/nx09/nebriscv/tt-metal-0.74/tt-metal/tt_metal/hw/firmware/src/tt-1xx/trisck.cc,
0,13,7,TRISC_1,60173,15504821343842,0,0,,,TRISC-KERNEL,ZONE_END,86,/home/nx09/nx09/nebriscv/tt-metal-0.74/tt-metal/tt_metal/hw/firmware/src/tt-1xx/trisck.cc,
0,13,7,TRISC_1,30839,15504821352822,0,0,,,TRISC-FW,ZONE_END,150,/home/nx09/nx09/nebriscv/tt-metal-0.74/tt-metal/tt_metal/hw/firmware/src/tt-1xx/trisc.cc,
0,13,7,TRISC_2,30839,15504821285370,0,0,,,TRISC-FW,ZONE_START,150,/home/nx09/nx09/nebriscv/tt-metal-0.74/tt-metal/tt_metal/hw/firmware/src/tt-1xx/trisc.cc,
0,13,7,TRISC_2,60173,15504821285795,0,0,,,TRISC-KERNEL,ZONE_START,86,/home/nx09/nx09/nebriscv/tt-metal-0.74/tt-metal/tt_metal/hw/firmware/src/tt-1xx/trisck.cc,
0,13,7,TRISC_2,60173,15504821330445,0,0,,,TRISC-KERNEL,ZONE_END,86,/home/nx09/nx09/nebriscv/tt-metal-0.74/tt-metal/tt_metal/hw/firmware/src/tt-1xx/trisck.cc,
0,13,7,TRISC_2,30839,15504821352875,0,0,,,TRISC-FW,ZONE_END,150,/home/nx09/nx09/nebriscv/tt-metal-0.74/tt-metal/tt_metal/hw/firmware/src/tt-1xx/trisc.cc,
0,13,8,BRISC,51381,15504821315375,0,0,,,BRISC-FW,ZONE_START,433,/home/nx09/nx09/nebriscv/tt-metal-0.74/tt-metal/tt_metal/hw/firmware/src/tt-1xx/brisc.cc,
0,13,8,BRISC,31418,15504821316156,0,0,,,BRISC-KERNEL,ZONE_START,77,/home/nx09/nx09/nebriscv/tt-metal-0.74/tt-metal/tt_metal/hw/firmware/src/tt-1xx/brisck.cc,
0,13,8,BRISC,31418,15504821384663,0,0,,,BRISC-KERNEL,ZONE_END,77,/home/nx09/nx09/nebriscv/tt-metal-0.74/tt-metal/tt_metal/hw/firmware/src/tt-1xx/brisck.cc,
0,13,8,BRISC,51381,15504821384761,0,0,,,BRISC-FW,ZONE_END,433,/home/nx09/nx09/nebriscv/tt-metal-0.74/tt-metal/tt_metal/hw/firmware/src/tt-1xx/brisc.cc,
0,13,8,NCRISC,49034,15504821315528,0,0,,,NCRISC-FW,ZONE_START,129,/home/nx09/nx09/nebriscv/tt-metal-0.74/tt-metal/tt_metal/hw/firmware/src/tt-1xx/ncrisc.cc,
0,13,8,NCRISC,13096,15504821316007,0,0,,,NCRISC-KERNEL,ZONE_START,69,/home/nx09/nx09/nebriscv/tt-metal-0.74/tt-metal/tt_metal/hw/firmware/src/tt-1xx/ncrisck.cc,
0,13,8,NCRISC,13096,15504821384176,0,0,,,NCRISC-KERNEL,ZONE_END,69,/home/nx09/nx09/nebriscv/tt-metal-0.74/tt-metal/tt_metal/hw/firmware/src/tt-1xx/ncrisck.cc,
0,13,8,NCRISC,49034,15504821384205,0,0,,,NCRISC-FW,ZONE_END,129,/home/nx09/nx09/nebriscv/tt-metal-0.74/tt-metal/tt_metal/hw/firmware/src/tt-1xx/ncrisc.cc,
0,13,8,TRISC_0,30839,15504821315635,0,0,,,TRISC-FW,ZONE_START,150,/home/nx09/nx09/nebriscv/tt-metal-0.74/tt-metal/tt_metal/hw/firmware/src/tt-1xx/trisc.cc,
0,13,8,TRISC_0,60173,15504821316052,0,0,,,TRISC-KERNEL,ZONE_START,86,/home/nx09/nx09/nebriscv/tt-metal-0.74/tt-metal/tt_metal/hw/firmware/src/tt-1xx/trisck.cc,
0,13,8,TRISC_0,60173,15504821384238,0,0,,,TRISC-KERNEL,ZONE_END,86,/home/nx09/nx09/nebriscv/tt-metal-0.74/tt-metal/tt_metal/hw/firmware/src/tt-1xx/trisck.cc,
0,13,8,TRISC_0,30839,15504821384275,0,0,,,TRISC-FW,ZONE_END,150,/home/nx09/nx09/nebriscv/tt-metal-0.74/tt-metal/tt_metal/hw/firmware/src/tt-1xx/trisc.cc,
0,13,8,TRISC_1,30839,15504821315643,0,0,,,TRISC-FW,ZONE_START,150,/home/nx09/nx09/nebriscv/tt-metal-0.74/tt-metal/tt_metal/hw/firmware/src/tt-1xx/trisc.cc,
0,13,8,TRISC_1,60173,15504821315824,0,0,,,TRISC-KERNEL,ZONE_START,86,/home/nx09/nx09/nebriscv/tt-metal-0.74/tt-metal/tt_metal/hw/firmware/src/tt-1xx/trisck.cc,
0,13,8,TRISC_1,60173,15504821375276,0,0,,,TRISC-KERNEL,ZONE_END,86,/home/nx09/nx09/nebriscv/tt-metal-0.74/tt-metal/tt_metal/hw/firmware/src/tt-1xx/trisck.cc,
0,13,8,TRISC_1,30839,15504821384283,0,0,,,TRISC-FW,ZONE_END,150,/home/nx09/nx09/nebriscv/tt-metal-0.74/tt-metal/tt_metal/hw/firmware/src/tt-1xx/trisc.cc,
0,13,8,TRISC_2,30839,15504821315648,0,0,,,TRISC-FW,ZONE_START,150,/home/nx09/nx09/nebriscv/tt-metal-0.74/tt-metal/tt_metal/hw/firmware/src/tt-1xx/trisc.cc,
0,13,8,TRISC_2,60173,15504821316078,0,0,,,TRISC-KERNEL,ZONE_START,86,/home/nx09/nx09/nebriscv/tt-metal-0.74/tt-metal/tt_metal/hw/firmware/src/tt-1xx/trisck.cc,
0,13,8,TRISC_2,60173,15504821361825,0,0,,,TRISC-KERNEL,ZONE_END,86,/home/nx09/nx09/nebriscv/tt-metal-0.74/tt-metal/tt_metal/hw/firmware/src/tt-1xx/trisck.cc,
0,13,8,TRISC_2,30839,15504821384331,0,0,,,TRISC-FW,ZONE_END,150,/home/nx09/nx09/nebriscv/tt-metal-0.74/tt-metal/tt_metal/hw/firmware/src/tt-1xx/trisc.cc,
0,13,9,BRISC,51381,15504821344793,0,0,,,BRISC-FW,ZONE_START,433,/home/nx09/nx09/nebriscv/tt-metal-0.74/tt-metal/tt_metal/hw/firmware/src/tt-1xx/brisc.cc,
0,13,9,BRISC,31418,15504821345591,0,0,,,BRISC-KERNEL,ZONE_START,77,/home/nx09/nx09/nebriscv/tt-metal-0.74/tt-metal/tt_metal/hw/firmware/src/tt-1xx/brisck.cc,
0,13,9,BRISC,31418,15504821413644,0,0,,,BRISC-KERNEL,ZONE_END,77,/home/nx09/nx09/nebriscv/tt-metal-0.74/tt-metal/tt_metal/hw/firmware/src/tt-1xx/brisck.cc,
0,13,9,BRISC,51381,15504821413738,0,0,,,BRISC-FW,ZONE_END,433,/home/nx09/nx09/nebriscv/tt-metal-0.74/tt-metal/tt_metal/hw/firmware/src/tt-1xx/brisc.cc,
0,13,9,NCRISC,49034,15504821344960,0,0,,,NCRISC-FW,ZONE_START,129,/home/nx09/nx09/nebriscv/tt-metal-0.74/tt-metal/tt_metal/hw/firmware/src/tt-1xx/ncrisc.cc,
0,13,9,NCRISC,13096,15504821345447,0,0,,,NCRISC-KERNEL,ZONE_START,69,/home/nx09/nx09/nebriscv/tt-metal-0.74/tt-metal/tt_metal/hw/firmware/src/tt-1xx/ncrisck.cc,
0,13,9,NCRISC,13096,15504821413053,0,0,,,NCRISC-KERNEL,ZONE_END,69,/home/nx09/nx09/nebriscv/tt-metal-0.74/tt-metal/tt_metal/hw/firmware/src/tt-1xx/ncrisck.cc,
0,13,9,NCRISC,49034,15504821413081,0,0,,,NCRISC-FW,ZONE_END,129,/home/nx09/nx09/nebriscv/tt-metal-0.74/tt-metal/tt_metal/hw/firmware/src/tt-1xx/ncrisc.cc,
0,13,9,TRISC_0,30839,15504821345068,0,0,,,TRISC-FW,ZONE_START,150,/home/nx09/nx09/nebriscv/tt-metal-0.74/tt-metal/tt_metal/hw/firmware/src/tt-1xx/trisc.cc,
0,13,9,TRISC_0,60173,15504821345489,0,0,,,TRISC-KERNEL,ZONE_START,86,/home/nx09/nx09/nebriscv/tt-metal-0.74/tt-metal/tt_metal/hw/firmware/src/tt-1xx/trisck.cc,
0,13,9,TRISC_0,60173,15504821413120,0,0,,,TRISC-KERNEL,ZONE_END,86,/home/nx09/nx09/nebriscv/tt-metal-0.74/tt-metal/tt_metal/hw/firmware/src/tt-1xx/trisck.cc,
0,13,9,TRISC_0,30839,15504821413159,0,0,,,TRISC-FW,ZONE_END,150,/home/nx09/nx09/nebriscv/tt-metal-0.74/tt-metal/tt_metal/hw/firmware/src/tt-1xx/trisc.cc,
0,13,9,TRISC_1,30839,15504821345069,0,0,,,TRISC-FW,ZONE_START,150,/home/nx09/nx09/nebriscv/tt-metal-0.74/tt-metal/tt_metal/hw/firmware/src/tt-1xx/trisc.cc,
0,13,9,TRISC_1,60173,15504821345261,0,0,,,TRISC-KERNEL,ZONE_START,86,/home/nx09/nx09/nebriscv/tt-metal-0.74/tt-metal/tt_metal/hw/firmware/src/tt-1xx/trisck.cc,
0,13,9,TRISC_1,60173,15504821404212,0,0,,,TRISC-KERNEL,ZONE_END,86,/home/nx09/nx09/nebriscv/tt-metal-0.74/tt-metal/tt_metal/hw/firmware/src/tt-1xx/trisck.cc,
0,13,9,TRISC_1,30839,15504821413161,0,0,,,TRISC-FW,ZONE_END,150,/home/nx09/nx09/nebriscv/tt-metal-0.74/tt-metal/tt_metal/hw/firmware/src/tt-1xx/trisc.cc,
0,13,9,TRISC_2,30839,15504821345070,0,0,,,TRISC-FW,ZONE_START,150,/home/nx09/nx09/nebriscv/tt-metal-0.74/tt-metal/tt_metal/hw/firmware/src/tt-1xx/trisc.cc,
0,13,9,TRISC_2,60173,15504821345506,0,0,,,TRISC-KERNEL,ZONE_START,86,/home/nx09/nx09/nebriscv/tt-metal-0.74/tt-metal/tt_metal/hw/firmware/src/tt-1xx/trisck.cc,
0,13,9,TRISC_2,60173,15504821390698,0,0,,,TRISC-KERNEL,ZONE_END,86,/home/nx09/nx09/nebriscv/tt-metal-0.74/tt-metal/tt_metal/hw/firmware/src/tt-1xx/trisck.cc,
0,13,9,TRISC_2,30839,15504821413212,0,0,,,TRISC-FW,ZONE_END,150,/home/nx09/nx09/nebriscv/tt-metal-0.74/tt-metal/tt_metal/hw/firmware/src/tt-1xx/trisc.cc,
0,13,10,BRISC,51381,15504821373954,0,0,,,BRISC-FW,ZONE_START,433,/home/nx09/nx09/nebriscv/tt-metal-0.74/tt-metal/tt_metal/hw/firmware/src/tt-1xx/brisc.cc,
0,13,10,BRISC,31418,15504821374735,0,0,,,BRISC-KERNEL,ZONE_START,77,/home/nx09/nx09/nebriscv/tt-metal-0.74/tt-metal/tt_metal/hw/firmware/src/tt-1xx/brisck.cc,
0,13,10,BRISC,31418,15504821439255,0,0,,,BRISC-KERNEL,ZONE_END,77,/home/nx09/nx09/nebriscv/tt-metal-0.74/tt-metal/tt_metal/hw/firmware/src/tt-1xx/brisck.cc,
0,13,10,BRISC,51381,15504821439352,0,0,,,BRISC-FW,ZONE_END,433,/home/nx09/nx09/nebriscv/tt-metal-0.74/tt-metal/tt_metal/hw/firmware/src/tt-1xx/brisc.cc,
0,13,10,NCRISC,49034,15504821374107,0,0,,,NCRISC-FW,ZONE_START,129,/home/nx09/nx09/nebriscv/tt-metal-0.74/tt-metal/tt_metal/hw/firmware/src/tt-1xx/ncrisc.cc,
0,13,10,NCRISC,13096,15504821374586,0,0,,,NCRISC-KERNEL,ZONE_START,69,/home/nx09/nx09/nebriscv/tt-metal-0.74/tt-metal/tt_metal/hw/firmware/src/tt-1xx/ncrisck.cc,
0,13,10,NCRISC,13096,15504821438662,0,0,,,NCRISC-KERNEL,ZONE_END,69,/home/nx09/nx09/nebriscv/tt-metal-0.74/tt-metal/tt_metal/hw/firmware/src/tt-1xx/ncrisck.cc,
0,13,10,NCRISC,49034,15504821438691,0,0,,,NCRISC-FW,ZONE_END,129,/home/nx09/nx09/nebriscv/tt-metal-0.74/tt-metal/tt_metal/hw/firmware/src/tt-1xx/ncrisc.cc,
0,13,10,TRISC_0,30839,15504821374214,0,0,,,TRISC-FW,ZONE_START,150,/home/nx09/nx09/nebriscv/tt-metal-0.74/tt-metal/tt_metal/hw/firmware/src/tt-1xx/trisc.cc,
0,13,10,TRISC_0,60173,15504821374631,0,0,,,TRISC-KERNEL,ZONE_START,86,/home/nx09/nx09/nebriscv/tt-metal-0.74/tt-metal/tt_metal/hw/firmware/src/tt-1xx/trisck.cc,
0,13,10,TRISC_0,60173,15504821438724,0,0,,,TRISC-KERNEL,ZONE_END,86,/home/nx09/nx09/nebriscv/tt-metal-0.74/tt-metal/tt_metal/hw/firmware/src/tt-1xx/trisck.cc,
0,13,10,TRISC_0,30839,15504821438761,0,0,,,TRISC-FW,ZONE_END,150,/home/nx09/nx09/nebriscv/tt-metal-0.74/tt-metal/tt_metal/hw/firmware/src/tt-1xx/trisc.cc,
0,13,10,TRISC_1,30839,15504821374222,0,0,,,TRISC-FW,ZONE_START,150,/home/nx09/nx09/nebriscv/tt-metal-0.74/tt-metal/tt_metal/hw/firmware/src/tt-1xx/trisc.cc,
0,13,10,TRISC_1,60173,15504821374403,0,0,,,TRISC-KERNEL,ZONE_START,86,/home/nx09/nx09/nebriscv/tt-metal-0.74/tt-metal/tt_metal/hw/firmware/src/tt-1xx/trisck.cc,
0,13,10,TRISC_1,60173,15504821429996,0,0,,,TRISC-KERNEL,ZONE_END,86,/home/nx09/nx09/nebriscv/tt-metal-0.74/tt-metal/tt_metal/hw/firmware/src/tt-1xx/trisck.cc,
0,13,10,TRISC_1,30839,15504821438769,0,0,,,TRISC-FW,ZONE_END,150,/home/nx09/nx09/nebriscv/tt-metal-0.74/tt-metal/tt_metal/hw/firmware/src/tt-1xx/trisc.cc,
0,13,10,TRISC_2,30839,15504821374227,0,0,,,TRISC-FW,ZONE_START,150,/home/nx09/nx09/nebriscv/tt-metal-0.74/tt-metal/tt_metal/hw/firmware/src/tt-1xx/trisc.cc,
0,13,10,TRISC_2,60173,15504821374657,0,0,,,TRISC-KERNEL,ZONE_START,86,/home/nx09/nx09/nebriscv/tt-metal-0.74/tt-metal/tt_metal/hw/firmware/src/tt-1xx/trisck.cc,
0,13,10,TRISC_2,60173,15504821416941,0,0,,,TRISC-KERNEL,ZONE_END,86,/home/nx09/nx09/nebriscv/tt-metal-0.74/tt-metal/tt_metal/hw/firmware/src/tt-1xx/trisck.cc,
0,13,10,TRISC_2,30839,15504821438817,0,0,,,TRISC-FW,ZONE_END,150,/home/nx09/nx09/nebriscv/tt-metal-0.74/tt-metal/tt_metal/hw/firmware/src/tt-1xx/trisc.cc,
0,13,11,BRISC,51381,15504821403740,0,0,,,BRISC-FW,ZONE_START,433,/home/nx09/nx09/nebriscv/tt-metal-0.74/tt-metal/tt_metal/hw/firmware/src/tt-1xx/brisc.cc,
0,13,11,BRISC,31418,15504821404516,0,0,,,BRISC-KERNEL,ZONE_START,77,/home/nx09/nx09/nebriscv/tt-metal-0.74/tt-metal/tt_metal/hw/firmware/src/tt-1xx/brisck.cc,
0,13,11,BRISC,31418,15504821473470,0,0,,,BRISC-KERNEL,ZONE_END,77,/home/nx09/nx09/nebriscv/tt-metal-0.74/tt-metal/tt_metal/hw/firmware/src/tt-1xx/brisck.cc,
0,13,11,BRISC,51381,15504821473567,0,0,,,BRISC-FW,ZONE_END,433,/home/nx09/nx09/nebriscv/tt-metal-0.74/tt-metal/tt_metal/hw/firmware/src/tt-1xx/brisc.cc,
0,13,11,NCRISC,49034,15504821403895,0,0,,,NCRISC-FW,ZONE_START,129,/home/nx09/nx09/nebriscv/tt-metal-0.74/tt-metal/tt_metal/hw/firmware/src/tt-1xx/ncrisc.cc,
0,13,11,NCRISC,13096,15504821404381,0,0,,,NCRISC-KERNEL,ZONE_START,69,/home/nx09/nx09/nebriscv/tt-metal-0.74/tt-metal/tt_metal/hw/firmware/src/tt-1xx/ncrisck.cc,
0,13,11,NCRISC,13096,15504821472877,0,0,,,NCRISC-KERNEL,ZONE_END,69,/home/nx09/nx09/nebriscv/tt-metal-0.74/tt-metal/tt_metal/hw/firmware/src/tt-1xx/ncrisck.cc,
0,13,11,NCRISC,49034,15504821472906,0,0,,,NCRISC-FW,ZONE_END,129,/home/nx09/nx09/nebriscv/tt-metal-0.74/tt-metal/tt_metal/hw/firmware/src/tt-1xx/ncrisc.cc,
0,13,11,TRISC_0,30839,15504821403986,0,0,,,TRISC-FW,ZONE_START,150,/home/nx09/nx09/nebriscv/tt-metal-0.74/tt-metal/tt_metal/hw/firmware/src/tt-1xx/trisc.cc,
0,13,11,TRISC_0,60173,15504821404408,0,0,,,TRISC-KERNEL,ZONE_START,86,/home/nx09/nx09/nebriscv/tt-metal-0.74/tt-metal/tt_metal/hw/firmware/src/tt-1xx/trisck.cc,
0,13,11,TRISC_0,60173,15504821472939,0,0,,,TRISC-KERNEL,ZONE_END,86,/home/nx09/nx09/nebriscv/tt-metal-0.74/tt-metal/tt_metal/hw/firmware/src/tt-1xx/trisck.cc,
0,13,11,TRISC_0,30839,15504821472976,0,0,,,TRISC-FW,ZONE_END,150,/home/nx09/nx09/nebriscv/tt-metal-0.74/tt-metal/tt_metal/hw/firmware/src/tt-1xx/trisc.cc,
0,13,11,TRISC_1,30839,15504821404008,0,0,,,TRISC-FW,ZONE_START,150,/home/nx09/nx09/nebriscv/tt-metal-0.74/tt-metal/tt_metal/hw/firmware/src/tt-1xx/trisc.cc,
0,13,11,TRISC_1,60173,15504821404193,0,0,,,TRISC-KERNEL,ZONE_START,86,/home/nx09/nx09/nebriscv/tt-metal-0.74/tt-metal/tt_metal/hw/firmware/src/tt-1xx/trisck.cc,
0,13,11,TRISC_1,60173,15504821463878,0,0,,,TRISC-KERNEL,ZONE_END,86,/home/nx09/nx09/nebriscv/tt-metal-0.74/tt-metal/tt_metal/hw/firmware/src/tt-1xx/trisck.cc,
0,13,11,TRISC_1,30839,15504821472984,0,0,,,TRISC-FW,ZONE_END,150,/home/nx09/nx09/nebriscv/tt-metal-0.74/tt-metal/tt_metal/hw/firmware/src/tt-1xx/trisc.cc,
0,13,11,TRISC_2,30839,15504821404000,0,0,,,TRISC-FW,ZONE_START,150,/home/nx09/nx09/nebriscv/tt-metal-0.74/tt-metal/tt_metal/hw/firmware/src/tt-1xx/trisc.cc,
0,13,11,TRISC_2,60173,15504821404426,0,0,,,TRISC-KERNEL,ZONE_START,86,/home/nx09/nx09/nebriscv/tt-metal-0.74/tt-metal/tt_metal/hw/firmware/src/tt-1xx/trisck.cc,
0,13,11,TRISC_2,60173,15504821450337,0,0,,,TRISC-KERNEL,ZONE_END,86,/home/nx09/nx09/nebriscv/tt-metal-0.74/tt-metal/tt_metal/hw/firmware/src/tt-1xx/trisck.cc,
0,13,11,TRISC_2,30839,15504821473032,0,0,,,TRISC-FW,ZONE_END,150,/home/nx09/nx09/nebriscv/tt-metal-0.74/tt-metal/tt_metal/hw/firmware/src/tt-1xx/trisc.cc,
0,14,2,BRISC,51381,15504821433813,0,0,,,BRISC-FW,ZONE_START,433,/home/nx09/nx09/nebriscv/tt-metal-0.74/tt-metal/tt_metal/hw/firmware/src/tt-1xx/brisc.cc,
0,14,2,BRISC,31418,15504821434611,0,0,,,BRISC-KERNEL,ZONE_START,77,/home/nx09/nx09/nebriscv/tt-metal-0.74/tt-metal/tt_metal/hw/firmware/src/tt-1xx/brisck.cc,
0,14,2,BRISC,31418,15504821503147,0,0,,,BRISC-KERNEL,ZONE_END,77,/home/nx09/nx09/nebriscv/tt-metal-0.74/tt-metal/tt_metal/hw/firmware/src/tt-1xx/brisck.cc,
0,14,2,BRISC,51381,15504821503245,0,0,,,BRISC-FW,ZONE_END,433,/home/nx09/nx09/nebriscv/tt-metal-0.74/tt-metal/tt_metal/hw/firmware/src/tt-1xx/brisc.cc,
0,14,2,NCRISC,49034,15504821433980,0,0,,,NCRISC-FW,ZONE_START,129,/home/nx09/nx09/nebriscv/tt-metal-0.74/tt-metal/tt_metal/hw/firmware/src/tt-1xx/ncrisc.cc,
0,14,2,NCRISC,13096,15504821434467,0,0,,,NCRISC-KERNEL,ZONE_START,69,/home/nx09/nx09/nebriscv/tt-metal-0.74/tt-metal/tt_metal/hw/firmware/src/tt-1xx/ncrisck.cc,
0,14,2,NCRISC,13096,15504821502658,0,0,,,NCRISC-KERNEL,ZONE_END,69,/home/nx09/nx09/nebriscv/tt-metal-0.74/tt-metal/tt_metal/hw/firmware/src/tt-1xx/ncrisck.cc,
0,14,2,NCRISC,49034,15504821502686,0,0,,,NCRISC-FW,ZONE_END,129,/home/nx09/nx09/nebriscv/tt-metal-0.74/tt-metal/tt_metal/hw/firmware/src/tt-1xx/ncrisc.cc,
0,14,2,TRISC_0,30839,15504821434088,0,0,,,TRISC-FW,ZONE_START,150,/home/nx09/nx09/nebriscv/tt-metal-0.74/tt-metal/tt_metal/hw/firmware/src/tt-1xx/trisc.cc,
0,14,2,TRISC_0,60173,15504821434509,0,0,,,TRISC-KERNEL,ZONE_START,86,/home/nx09/nx09/nebriscv/tt-metal-0.74/tt-metal/tt_metal/hw/firmware/src/tt-1xx/trisck.cc,
0,14,2,TRISC_0,60173,15504821502725,0,0,,,TRISC-KERNEL,ZONE_END,86,/home/nx09/nx09/nebriscv/tt-metal-0.74/tt-metal/tt_metal/hw/firmware/src/tt-1xx/trisck.cc,
0,14,2,TRISC_0,30839,15504821502764,0,0,,,TRISC-FW,ZONE_END,150,/home/nx09/nx09/nebriscv/tt-metal-0.74/tt-metal/tt_metal/hw/firmware/src/tt-1xx/trisc.cc,
0,14,2,TRISC_1,30839,15504821434089,0,0,,,TRISC-FW,ZONE_START,150,/home/nx09/nx09/nebriscv/tt-metal-0.74/tt-metal/tt_metal/hw/firmware/src/tt-1xx/trisc.cc,
0,14,2,TRISC_1,60173,15504821434281,0,0,,,TRISC-KERNEL,ZONE_START,86,/home/nx09/nx09/nebriscv/tt-metal-0.74/tt-metal/tt_metal/hw/firmware/src/tt-1xx/trisck.cc,
0,14,2,TRISC_1,60173,15504821493844,0,0,,,TRISC-KERNEL,ZONE_END,86,/home/nx09/nx09/nebriscv/tt-metal-0.74/tt-metal/tt_metal/hw/firmware/src/tt-1xx/trisck.cc,
0,14,2,TRISC_1,30839,15504821502766,0,0,,,TRISC-FW,ZONE_END,150,/home/nx09/nx09/nebriscv/tt-metal-0.74/tt-metal/tt_metal/hw/firmware/src/tt-1xx/trisc.cc,
0,14,2,TRISC_2,30839,15504821434090,0,0,,,TRISC-FW,ZONE_START,150,/home/nx09/nx09/nebriscv/tt-metal-0.74/tt-metal/tt_metal/hw/firmware/src/tt-1xx/trisc.cc,
0,14,2,TRISC_2,60173,15504821434526,0,0,,,TRISC-KERNEL,ZONE_START,86,/home/nx09/nx09/nebriscv/tt-metal-0.74/tt-metal/tt_metal/hw/firmware/src/tt-1xx/trisck.cc,
0,14,2,TRISC_2,60173,15504821480330,0,0,,,TRISC-KERNEL,ZONE_END,86,/home/nx09/nx09/nebriscv/tt-metal-0.74/tt-metal/tt_metal/hw/firmware/src/tt-1xx/trisck.cc,
0,14,2,TRISC_2,30839,15504821502817,0,0,,,TRISC-FW,ZONE_END,150,/home/nx09/nx09/nebriscv/tt-metal-0.74/tt-metal/tt_metal/hw/firmware/src/tt-1xx/trisc.cc,
0,14,3,BRISC,51381,15504821463145,0,0,,,BRISC-FW,ZONE_START,433,/home/nx09/nx09/nebriscv/tt-metal-0.74/tt-metal/tt_metal/hw/firmware/src/tt-1xx/brisc.cc,
0,14,3,BRISC,31418,15504821463928,0,0,,,BRISC-KERNEL,ZONE_START,77,/home/nx09/nx09/nebriscv/tt-metal-0.74/tt-metal/tt_metal/hw/firmware/src/tt-1xx/brisck.cc,
0,14,3,BRISC,31418,15504821532366,0,0,,,BRISC-KERNEL,ZONE_END,77,/home/nx09/nx09/nebriscv/tt-metal-0.74/tt-metal/tt_metal/hw/firmware/src/tt-1xx/brisck.cc,
0,14,3,BRISC,51381,15504821532460,0,0,,,BRISC-FW,ZONE_END,433,/home/nx09/nx09/nebriscv/tt-metal-0.74/tt-metal/tt_metal/hw/firmware/src/tt-1xx/brisc.cc,
0,14,3,NCRISC,49034,15504821463312,0,0,,,NCRISC-FW,ZONE_START,129,/home/nx09/nx09/nebriscv/tt-metal-0.74/tt-metal/tt_metal/hw/firmware/src/tt-1xx/ncrisc.cc,
0,14,3,NCRISC,13096,15504821463814,0,0,,,NCRISC-KERNEL,ZONE_START,69,/home/nx09/nx09/nebriscv/tt-metal-0.74/tt-metal/tt_metal/hw/firmware/src/tt-1xx/ncrisck.cc,
0,14,3,NCRISC,13096,15504821531775,0,0,,,NCRISC-KERNEL,ZONE_END,69,/home/nx09/nx09/nebriscv/tt-metal-0.74/tt-metal/tt_metal/hw/firmware/src/tt-1xx/ncrisck.cc,
0,14,3,NCRISC,49034,15504821531803,0,0,,,NCRISC-FW,ZONE_END,129,/home/nx09/nx09/nebriscv/tt-metal-0.74/tt-metal/tt_metal/hw/firmware/src/tt-1xx/ncrisc.cc,
0,14,3,TRISC_0,30839,15504821463421,0,0,,,TRISC-FW,ZONE_START,150,/home/nx09/nx09/nebriscv/tt-metal-0.74/tt-metal/tt_metal/hw/firmware/src/tt-1xx/trisc.cc,
0,14,3,TRISC_0,60173,15504821463835,0,0,,,TRISC-KERNEL,ZONE_START,86,/home/nx09/nx09/nebriscv/tt-metal-0.74/tt-metal/tt_metal/hw/firmware/src/tt-1xx/trisck.cc,
0,14,3,TRISC_0,60173,15504821531842,0,0,,,TRISC-KERNEL,ZONE_END,86,/home/nx09/nx09/nebriscv/tt-metal-0.74/tt-metal/tt_metal/hw/firmware/src/tt-1xx/trisck.cc,
0,14,3,TRISC_0,30839,15504821531881,0,0,,,TRISC-FW,ZONE_END,150,/home/nx09/nx09/nebriscv/tt-metal-0.74/tt-metal/tt_metal/hw/firmware/src/tt-1xx/trisc.cc,
0,14,3,TRISC_1,30839,15504821463422,0,0,,,TRISC-FW,ZONE_START,150,/home/nx09/nx09/nebriscv/tt-metal-0.74/tt-metal/tt_metal/hw/firmware/src/tt-1xx/trisc.cc,
0,14,3,TRISC_1,60173,15504821463611,0,0,,,TRISC-KERNEL,ZONE_START,86,/home/nx09/nx09/nebriscv/tt-metal-0.74/tt-metal/tt_metal/hw/firmware/src/tt-1xx/trisck.cc,
0,14,3,TRISC_1,60173,15504821522952,0,0,,,TRISC-KERNEL,ZONE_END,86,/home/nx09/nx09/nebriscv/tt-metal-0.74/tt-metal/tt_metal/hw/firmware/src/tt-1xx/trisck.cc,
0,14,3,TRISC_1,30839,15504821531883,0,0,,,TRISC-FW,ZONE_END,150,/home/nx09/nx09/nebriscv/tt-metal-0.74/tt-metal/tt_metal/hw/firmware/src/tt-1xx/trisc.cc,
0,14,3,TRISC_2,30839,15504821463419,0,0,,,TRISC-FW,ZONE_START,150,/home/nx09/nx09/nebriscv/tt-metal-0.74/tt-metal/tt_metal/hw/firmware/src/tt-1xx/trisc.cc,
0,14,3,TRISC_2,60173,15504821463852,0,0,,,TRISC-KERNEL,ZONE_START,86,/home/nx09/nx09/nebriscv/tt-metal-0.74/tt-metal/tt_metal/hw/firmware/src/tt-1xx/trisck.cc,
0,14,3,TRISC_2,60173,15504821509366,0,0,,,TRISC-KERNEL,ZONE_END,86,/home/nx09/nx09/nebriscv/tt-metal-0.74/tt-metal/tt_metal/hw/firmware/src/tt-1xx/trisck.cc,
0,14,3,TRISC_2,30839,15504821531934,0,0,,,TRISC-FW,ZONE_END,150,/home/nx09/nx09/nebriscv/tt-metal-0.74/tt-metal/tt_metal/hw/firmware/src/tt-1xx/trisc.cc,
0,14,4,BRISC,51381,15504821492728,0,0,,,BRISC-FW,ZONE_START,433,/home/nx09/nx09/nebriscv/tt-metal-0.74/tt-metal/tt_metal/hw/firmware/src/tt-1xx/brisc.cc,
0,14,4,BRISC,31418,15504821493508,0,0,,,BRISC-KERNEL,ZONE_START,77,/home/nx09/nx09/nebriscv/tt-metal-0.74/tt-metal/tt_metal/hw/firmware/src/tt-1xx/brisck.cc,
0,14,4,BRISC,31418,15504821561026,0,0,,,BRISC-KERNEL,ZONE_END,77,/home/nx09/nx09/nebriscv/tt-metal-0.74/tt-metal/tt_metal/hw/firmware/src/tt-1xx/brisck.cc,
0,14,4,BRISC,51381,15504821561119,0,0,,,BRISC-FW,ZONE_END,433,/home/nx09/nx09/nebriscv/tt-metal-0.74/tt-metal/tt_metal/hw/firmware/src/tt-1xx/brisc.cc,
0,14,4,NCRISC,49034,15504821492883,0,0,,,NCRISC-FW,ZONE_START,129,/home/nx09/nx09/nebriscv/tt-metal-0.74/tt-metal/tt_metal/hw/firmware/src/tt-1xx/ncrisc.cc,
0,14,4,NCRISC,13096,15504821493381,0,0,,,NCRISC-KERNEL,ZONE_START,69,/home/nx09/nx09/nebriscv/tt-metal-0.74/tt-metal/tt_metal/hw/firmware/src/tt-1xx/ncrisck.cc,
0,14,4,NCRISC,13096,15504821560430,0,0,,,NCRISC-KERNEL,ZONE_END,69,/home/nx09/nx09/nebriscv/tt-metal-0.74/tt-metal/tt_metal/hw/firmware/src/tt-1xx/ncrisck.cc,
0,14,4,NCRISC,49034,15504821560458,0,0,,,NCRISC-FW,ZONE_END,129,/home/nx09/nx09/nebriscv/tt-metal-0.74/tt-metal/tt_metal/hw/firmware/src/tt-1xx/ncrisc.cc,
0,14,4,TRISC_0,30839,15504821492974,0,0,,,TRISC-FW,ZONE_START,150,/home/nx09/nx09/nebriscv/tt-metal-0.74/tt-metal/tt_metal/hw/firmware/src/tt-1xx/trisc.cc,
0,14,4,TRISC_0,60173,15504821493395,0,0,,,TRISC-KERNEL,ZONE_START,86,/home/nx09/nx09/nebriscv/tt-metal-0.74/tt-metal/tt_metal/hw/firmware/src/tt-1xx/trisck.cc,
0,14,4,TRISC_0,60173,15504821560497,0,0,,,TRISC-KERNEL,ZONE_END,86,/home/nx09/nx09/nebriscv/tt-metal-0.74/tt-metal/tt_metal/hw/firmware/src/tt-1xx/trisck.cc,
0,14,4,TRISC_0,30839,15504821560533,0,0,,,TRISC-FW,ZONE_END,150,/home/nx09/nx09/nebriscv/tt-metal-0.74/tt-metal/tt_metal/hw/firmware/src/tt-1xx/trisc.cc,
0,14,4,TRISC_1,30839,15504821492988,0,0,,,TRISC-FW,ZONE_START,150,/home/nx09/nx09/nebriscv/tt-metal-0.74/tt-metal/tt_metal/hw/firmware/src/tt-1xx/trisc.cc,
0,14,4,TRISC_1,60173,15504821493176,0,0,,,TRISC-KERNEL,ZONE_START,86,/home/nx09/nx09/nebriscv/tt-metal-0.74/tt-metal/tt_metal/hw/firmware/src/tt-1xx/trisck.cc,
0,14,4,TRISC_1,60173,15504821551796,0,0,,,TRISC-KERNEL,ZONE_END,86,/home/nx09/nx09/nebriscv/tt-metal-0.74/tt-metal/tt_metal/hw/firmware/src/tt-1xx/trisck.cc,
0,14,4,TRISC_1,30839,15504821560542,0,0,,,TRISC-FW,ZONE_END,150,/home/nx09/nx09/nebriscv/tt-metal-0.74/tt-metal/tt_metal/hw/firmware/src/tt-1xx/trisc.cc,
0,14,4,TRISC_2,30839,15504821492997,0,0,,,TRISC-FW,ZONE_START,150,/home/nx09/nx09/nebriscv/tt-metal-0.74/tt-metal/tt_metal/hw/firmware/src/tt-1xx/trisc.cc,
0,14,4,TRISC_2,60173,15504821493426,0,0,,,TRISC-KERNEL,ZONE_START,86,/home/nx09/nx09/nebriscv/tt-metal-0.74/tt-metal/tt_metal/hw/firmware/src/tt-1xx/trisck.cc,
0,14,4,TRISC_2,60173,15504821538444,0,0,,,TRISC-KERNEL,ZONE_END,86,/home/nx09/nx09/nebriscv/tt-metal-0.74/tt-metal/tt_metal/hw/firmware/src/tt-1xx/trisck.cc,
0,14,4,TRISC_2,30839,15504821560595,0,0,,,TRISC-FW,ZONE_END,150,/home/nx09/nx09/nebriscv/tt-metal-0.74/tt-metal/tt_metal/hw/firmware/src/tt-1xx/trisc.cc,
0,14,5,BRISC,51381,15504821522334,0,0,,,BRISC-FW,ZONE_START,433,/home/nx09/nx09/nebriscv/tt-metal-0.74/tt-metal/tt_metal/hw/firmware/src/tt-1xx/brisc.cc,
0,14,5,BRISC,31418,15504821523122,0,0,,,BRISC-KERNEL,ZONE_START,77,/home/nx09/nx09/nebriscv/tt-metal-0.74/tt-metal/tt_metal/hw/firmware/src/tt-1xx/brisck.cc,
0,14,5,BRISC,31418,15504821590969,0,0,,,BRISC-KERNEL,ZONE_END,77,/home/nx09/nx09/nebriscv/tt-metal-0.74/tt-metal/tt_metal/hw/firmware/src/tt-1xx/brisck.cc,
0,14,5,BRISC,51381,15504821591062,0,0,,,BRISC-FW,ZONE_END,433,/home/nx09/nx09/nebriscv/tt-metal-0.74/tt-metal/tt_metal/hw/firmware/src/tt-1xx/brisc.cc,
0,14,5,NCRISC,49034,15504821522486,0,0,,,NCRISC-FW,ZONE_START,129,/home/nx09/nx09/nebriscv/tt-metal-0.74/tt-metal/tt_metal/hw/firmware/src/tt-1xx/ncrisc.cc,
0,14,5,NCRISC,13096,15504821522968,0,0,,,NCRISC-KERNEL,ZONE_START,69,/home/nx09/nx09/nebriscv/tt-metal-0.74/tt-metal/tt_metal/hw/firmware/src/tt-1xx/ncrisck.cc,
0,14,5,NCRISC,13096,15504821590373,0,0,,,NCRISC-KERNEL,ZONE_END,69,/home/nx09/nx09/nebriscv/tt-metal-0.74/tt-metal/tt_metal/hw/firmware/src/tt-1xx/ncrisck.cc,
0,14,5,NCRISC,49034,15504821590401,0,0,,,NCRISC-FW,ZONE_END,129,/home/nx09/nx09/nebriscv/tt-metal-0.74/tt-metal/tt_metal/hw/firmware/src/tt-1xx/ncrisc.cc,
0,14,5,TRISC_0,30839,15504821522605,0,0,,,TRISC-FW,ZONE_START,150,/home/nx09/nx09/nebriscv/tt-metal-0.74/tt-metal/tt_metal/hw/firmware/src/tt-1xx/trisc.cc,
0,14,5,TRISC_0,60173,15504821523029,0,0,,,TRISC-KERNEL,ZONE_START,86,/home/nx09/nx09/nebriscv/tt-metal-0.74/tt-metal/tt_metal/hw/firmware/src/tt-1xx/trisck.cc,
0,14,5,TRISC_0,60173,15504821590440,0,0,,,TRISC-KERNEL,ZONE_END,86,/home/nx09/nx09/nebriscv/tt-metal-0.74/tt-metal/tt_metal/hw/firmware/src/tt-1xx/trisck.cc,
0,14,5,TRISC_0,30839,15504821590476,0,0,,,TRISC-FW,ZONE_END,150,/home/nx09/nx09/nebriscv/tt-metal-0.74/tt-metal/tt_metal/hw/firmware/src/tt-1xx/trisc.cc,
0,14,5,TRISC_1,30839,15504821522606,0,0,,,TRISC-FW,ZONE_START,150,/home/nx09/nx09/nebriscv/tt-metal-0.74/tt-metal/tt_metal/hw/firmware/src/tt-1xx/trisc.cc,
0,14,5,TRISC_1,60173,15504821522792,0,0,,,TRISC-KERNEL,ZONE_START,86,/home/nx09/nx09/nebriscv/tt-metal-0.74/tt-metal/tt_metal/hw/firmware/src/tt-1xx/trisck.cc,
0,14,5,TRISC_1,60173,15504821581325,0,0,,,TRISC-KERNEL,ZONE_END,86,/home/nx09/nx09/nebriscv/tt-metal-0.74/tt-metal/tt_metal/hw/firmware/src/tt-1xx/trisck.cc,
0,14,5,TRISC_1,30839,15504821590485,0,0,,,TRISC-FW,ZONE_END,150,/home/nx09/nx09/nebriscv/tt-metal-0.74/tt-metal/tt_metal/hw/firmware/src/tt-1xx/trisc.cc,
0,14,5,TRISC_2,30839,15504821522599,0,0,,,TRISC-FW,ZONE_START,150,/home/nx09/nx09/nebriscv/tt-metal-0.74/tt-metal/tt_metal/hw/firmware/src/tt-1xx/trisc.cc,
0,14,5,TRISC_2,60173,15504821523027,0,0,,,TRISC-KERNEL,ZONE_START,86,/home/nx09/nx09/nebriscv/tt-metal-0.74/tt-metal/tt_metal/hw/firmware/src/tt-1xx/trisck.cc,
0,14,5,TRISC_2,60173,15504821567973,0,0,,,TRISC-KERNEL,ZONE_END,86,/home/nx09/nx09/nebriscv/tt-metal-0.74/tt-metal/tt_metal/hw/firmware/src/tt-1xx/trisck.cc,
0,14,5,TRISC_2,30839,15504821590538,0,0,,,TRISC-FW,ZONE_END,150,/home/nx09/nx09/nebriscv/tt-metal-0.74/tt-metal/tt_metal/hw/firmware/src/tt-1xx/trisc.cc,
0,14,6,BRISC,51381,15504821552730,0,0,,,BRISC-FW,ZONE_START,433,/home/nx09/nx09/nebriscv/tt-metal-0.74/tt-metal/tt_metal/hw/firmware/src/tt-1xx/brisc.cc,
0,14,6,BRISC,31418,15504821553490,0,0,,,BRISC-KERNEL,ZONE_START,77,/home/nx09/nx09/nebriscv/tt-metal-0.74/tt-metal/tt_metal/hw/firmware/src/tt-1xx/brisck.cc,
0,14,6,BRISC,31418,15504821622052,0,0,,,BRISC-KERNEL,ZONE_END,77,/home/nx09/nx09/nebriscv/tt-metal-0.74/tt-metal/tt_metal/hw/firmware/src/tt-1xx/brisck.cc,
0,14,6,BRISC,51381,15504821622145,0,0,,,BRISC-FW,ZONE_END,433,/home/nx09/nx09/nebriscv/tt-metal-0.74/tt-metal/tt_metal/hw/firmware/src/tt-1xx/brisc.cc,
0,14,6,NCRISC,49034,15504821552882,0,0,,,NCRISC-FW,ZONE_START,129,/home/nx09/nx09/nebriscv/tt-metal-0.74/tt-metal/tt_metal/hw/firmware/src/tt-1xx/ncrisc.cc,
0,14,6,NCRISC,13096,15504821553372,0,0,,,NCRISC-KERNEL,ZONE_START,69,/home/nx09/nx09/nebriscv/tt-metal-0.74/tt-metal/tt_metal/hw/firmware/src/tt-1xx/ncrisck.cc,
0,14,6,NCRISC,13096,15504821621456,0,0,,,NCRISC-KERNEL,ZONE_END,69,/home/nx09/nx09/nebriscv/tt-metal-0.74/tt-metal/tt_metal/hw/firmware/src/tt-1xx/ncrisck.cc,
0,14,6,NCRISC,49034,15504821621484,0,0,,,NCRISC-FW,ZONE_END,129,/home/nx09/nx09/nebriscv/tt-metal-0.74/tt-metal/tt_metal/hw/firmware/src/tt-1xx/ncrisc.cc,
0,14,6,TRISC_0,30839,15504821552978,0,0,,,TRISC-FW,ZONE_START,150,/home/nx09/nx09/nebriscv/tt-metal-0.74/tt-metal/tt_metal/hw/firmware/src/tt-1xx/trisc.cc,
0,14,6,TRISC_0,60173,15504821553387,0,0,,,TRISC-KERNEL,ZONE_START,86,/home/nx09/nx09/nebriscv/tt-metal-0.74/tt-metal/tt_metal/hw/firmware/src/tt-1xx/trisck.cc,
0,14,6,TRISC_0,60173,15504821621523,0,0,,,TRISC-KERNEL,ZONE_END,86,/home/nx09/nx09/nebriscv/tt-metal-0.74/tt-metal/tt_metal/hw/firmware/src/tt-1xx/trisck.cc,
0,14,6,TRISC_0,30839,15504821621559,0,0,,,TRISC-FW,ZONE_END,150,/home/nx09/nx09/nebriscv/tt-metal-0.74/tt-metal/tt_metal/hw/firmware/src/tt-1xx/trisc.cc,
0,14,6,TRISC_1,30839,15504821552990,0,0,,,TRISC-FW,ZONE_START,150,/home/nx09/nx09/nebriscv/tt-metal-0.74/tt-metal/tt_metal/hw/firmware/src/tt-1xx/trisc.cc,
0,14,6,TRISC_1,60173,15504821553186,0,0,,,TRISC-KERNEL,ZONE_START,86,/home/nx09/nx09/nebriscv/tt-metal-0.74/tt-metal/tt_metal/hw/firmware/src/tt-1xx/trisck.cc,
0,14,6,TRISC_1,60173,15504821612471,0,0,,,TRISC-KERNEL,ZONE_END,86,/home/nx09/nx09/nebriscv/tt-metal-0.74/tt-metal/tt_metal/hw/firmware/src/tt-1xx/trisck.cc,
0,14,6,TRISC_1,30839,15504821621568,0,0,,,TRISC-FW,ZONE_END,150,/home/nx09/nx09/nebriscv/tt-metal-0.74/tt-metal/tt_metal/hw/firmware/src/tt-1xx/trisc.cc,
0,14,6,TRISC_2,30839,15504821552998,0,0,,,TRISC-FW,ZONE_START,150,/home/nx09/nx09/nebriscv/tt-metal-0.74/tt-metal/tt_metal/hw/firmware/src/tt-1xx/trisc.cc,
0,14,6,TRISC_2,60173,15504821553435,0,0,,,TRISC-KERNEL,ZONE_START,86,/home/nx09/nx09/nebriscv/tt-metal-0.74/tt-metal/tt_metal/hw/firmware/src/tt-1xx/trisck.cc,
0,14,6,TRISC_2,60173,15504821599056,0,0,,,TRISC-KERNEL,ZONE_END,86,/home/nx09/nx09/nebriscv/tt-metal-0.74/tt-metal/tt_metal/hw/firmware/src/tt-1xx/trisck.cc,
0,14,6,TRISC_2,30839,15504821621621,0,0,,,TRISC-FW,ZONE_END,150,/home/nx09/nx09/nebriscv/tt-metal-0.74/tt-metal/tt_metal/hw/firmware/src/tt-1xx/trisc.cc,
0,14,7,BRISC,51381,15504821583061,0,0,,,BRISC-FW,ZONE_START,433,/home/nx09/nx09/nebriscv/tt-metal-0.74/tt-metal/tt_metal/hw/firmware/src/tt-1xx/brisc.cc,
0,14,7,BRISC,31418,15504821583845,0,0,,,BRISC-KERNEL,ZONE_START,77,/home/nx09/nx09/nebriscv/tt-metal-0.74/tt-metal/tt_metal/hw/firmware/src/tt-1xx/brisck.cc,
0,14,7,BRISC,31418,15504821648326,0,0,,,BRISC-KERNEL,ZONE_END,77,/home/nx09/nx09/nebriscv/tt-metal-0.74/tt-metal/tt_metal/hw/firmware/src/tt-1xx/brisck.cc,
0,14,7,BRISC,51381,15504821648419,0,0,,,BRISC-FW,ZONE_END,433,/home/nx09/nx09/nebriscv/tt-metal-0.74/tt-metal/tt_metal/hw/firmware/src/tt-1xx/brisc.cc,
0,14,7,NCRISC,49034,15504821583213,0,0,,,NCRISC-FW,ZONE_START,129,/home/nx09/nx09/nebriscv/tt-metal-0.74/tt-metal/tt_metal/hw/firmware/src/tt-1xx/ncrisc.cc,
0,14,7,NCRISC,13096,15504821583711,0,0,,,NCRISC-KERNEL,ZONE_START,69,/home/nx09/nx09/nebriscv/tt-metal-0.74/tt-metal/tt_metal/hw/firmware/src/tt-1xx/ncrisck.cc,
0,14,7,NCRISC,13096,15504821647730,0,0,,,NCRISC-KERNEL,ZONE_END,69,/home/nx09/nx09/nebriscv/tt-metal-0.74/tt-metal/tt_metal/hw/firmware/src/tt-1xx/ncrisck.cc,
0,14,7,NCRISC,49034,15504821647758,0,0,,,NCRISC-FW,ZONE_END,129,/home/nx09/nx09/nebriscv/tt-metal-0.74/tt-metal/tt_metal/hw/firmware/src/tt-1xx/ncrisc.cc,
0,14,7,TRISC_0,30839,15504821583334,0,0,,,TRISC-FW,ZONE_START,150,/home/nx09/nx09/nebriscv/tt-metal-0.74/tt-metal/tt_metal/hw/firmware/src/tt-1xx/trisc.cc,
0,14,7,TRISC_0,60173,15504821583747,0,0,,,TRISC-KERNEL,ZONE_START,86,/home/nx09/nx09/nebriscv/tt-metal-0.74/tt-metal/tt_metal/hw/firmware/src/tt-1xx/trisck.cc,
0,14,7,TRISC_0,60173,15504821647797,0,0,,,TRISC-KERNEL,ZONE_END,86,/home/nx09/nx09/nebriscv/tt-metal-0.74/tt-metal/tt_metal/hw/firmware/src/tt-1xx/trisck.cc,
0,14,7,TRISC_0,30839,15504821647833,0,0,,,TRISC-FW,ZONE_END,150,/home/nx09/nx09/nebriscv/tt-metal-0.74/tt-metal/tt_metal/hw/firmware/src/tt-1xx/trisc.cc,
0,14,7,TRISC_1,30839,15504821583326,0,0,,,TRISC-FW,ZONE_START,150,/home/nx09/nx09/nebriscv/tt-metal-0.74/tt-metal/tt_metal/hw/firmware/src/tt-1xx/trisc.cc,
0,14,7,TRISC_1,60173,15504821583503,0,0,,,TRISC-KERNEL,ZONE_START,86,/home/nx09/nx09/nebriscv/tt-metal-0.74/tt-metal/tt_metal/hw/firmware/src/tt-1xx/trisck.cc,
0,14,7,TRISC_1,60173,15504821639060,0,0,,,TRISC-KERNEL,ZONE_END,86,/home/nx09/nx09/nebriscv/tt-metal-0.74/tt-metal/tt_metal/hw/firmware/src/tt-1xx/trisck.cc,
0,14,7,TRISC_1,30839,15504821647842,0,0,,,TRISC-FW,ZONE_END,150,/home/nx09/nx09/nebriscv/tt-metal-0.74/tt-metal/tt_metal/hw/firmware/src/tt-1xx/trisc.cc,
0,14,7,TRISC_2,30839,15504821583335,0,0,,,TRISC-FW,ZONE_START,150,/home/nx09/nx09/nebriscv/tt-metal-0.74/tt-metal/tt_metal/hw/firmware/src/tt-1xx/trisc.cc,
0,14,7,TRISC_2,60173,15504821583763,0,0,,,TRISC-KERNEL,ZONE_START,86,/home/nx09/nx09/nebriscv/tt-metal-0.74/tt-metal/tt_metal/hw/firmware/src/tt-1xx/trisck.cc,
0,14,7,TRISC_2,60173,15504821625843,0,0,,,TRISC-KERNEL,ZONE_END,86,/home/nx09/nx09/nebriscv/tt-metal-0.74/tt-metal/tt_metal/hw/firmware/src/tt-1xx/trisck.cc,
0,14,7,TRISC_2,30839,15504821647895,0,0,,,TRISC-FW,ZONE_END,150,/home/nx09/nx09/nebriscv/tt-metal-0.74/tt-metal/tt_metal/hw/firmware/src/tt-1xx/trisc.cc,
0,14,8,BRISC,51381,15504821612583,0,0,,,BRISC-FW,ZONE_START,433,/home/nx09/nx09/nebriscv/tt-metal-0.74/tt-metal/tt_metal/hw/firmware/src/tt-1xx/brisc.cc,
0,14,8,BRISC,31418,15504821613379,0,0,,,BRISC-KERNEL,ZONE_START,77,/home/nx09/nx09/nebriscv/tt-metal-0.74/tt-metal/tt_metal/hw/firmware/src/tt-1xx/brisck.cc,
0,14,8,BRISC,31418,15504821681616,0,0,,,BRISC-KERNEL,ZONE_END,77,/home/nx09/nx09/nebriscv/tt-metal-0.74/tt-metal/tt_metal/hw/firmware/src/tt-1xx/brisck.cc,
0,14,8,BRISC,51381,15504821681710,0,0,,,BRISC-FW,ZONE_END,433,/home/nx09/nx09/nebriscv/tt-metal-0.74/tt-metal/tt_metal/hw/firmware/src/tt-1xx/brisc.cc,
0,14,8,NCRISC,49034,15504821612744,0,0,,,NCRISC-FW,ZONE_START,129,/home/nx09/nx09/nebriscv/tt-metal-0.74/tt-metal/tt_metal/hw/firmware/src/tt-1xx/ncrisc.cc,
0,14,8,NCRISC,13096,15504821613230,0,0,,,NCRISC-KERNEL,ZONE_START,69,/home/nx09/nx09/nebriscv/tt-metal-0.74/tt-metal/tt_metal/hw/firmware/src/tt-1xx/ncrisck.cc,
0,14,8,NCRISC,13096,15504821681025,0,0,,,NCRISC-KERNEL,ZONE_END,69,/home/nx09/nx09/nebriscv/tt-metal-0.74/tt-metal/tt_metal/hw/firmware/src/tt-1xx/ncrisck.cc,
0,14,8,NCRISC,49034,15504821681053,0,0,,,NCRISC-FW,ZONE_END,129,/home/nx09/nx09/nebriscv/tt-metal-0.74/tt-metal/tt_metal/hw/firmware/src/tt-1xx/ncrisc.cc,
0,14,8,TRISC_0,30839,15504821612844,0,0,,,TRISC-FW,ZONE_START,150,/home/nx09/nx09/nebriscv/tt-metal-0.74/tt-metal/tt_metal/hw/firmware/src/tt-1xx/trisc.cc,
0,14,8,TRISC_0,60173,15504821613251,0,0,,,TRISC-KERNEL,ZONE_START,86,/home/nx09/nx09/nebriscv/tt-metal-0.74/tt-metal/tt_metal/hw/firmware/src/tt-1xx/trisck.cc,
0,14,8,TRISC_0,60173,15504821681092,0,0,,,TRISC-KERNEL,ZONE_END,86,/home/nx09/nx09/nebriscv/tt-metal-0.74/tt-metal/tt_metal/hw/firmware/src/tt-1xx/trisck.cc,
0,14,8,TRISC_0,30839,15504821681131,0,0,,,TRISC-FW,ZONE_END,150,/home/nx09/nx09/nebriscv/tt-metal-0.74/tt-metal/tt_metal/hw/firmware/src/tt-1xx/trisc.cc,
0,14,8,TRISC_1,30839,15504821612854,0,0,,,TRISC-FW,ZONE_START,150,/home/nx09/nx09/nebriscv/tt-metal-0.74/tt-metal/tt_metal/hw/firmware/src/tt-1xx/trisc.cc,
0,14,8,TRISC_1,60173,15504821613044,0,0,,,TRISC-KERNEL,ZONE_START,86,/home/nx09/nx09/nebriscv/tt-metal-0.74/tt-metal/tt_metal/hw/firmware/src/tt-1xx/trisck.cc,
0,14,8,TRISC_1,60173,15504821672022,0,0,,,TRISC-KERNEL,ZONE_END,86,/home/nx09/nx09/nebriscv/tt-metal-0.74/tt-metal/tt_metal/hw/firmware/src/tt-1xx/trisck.cc,
0,14,8,TRISC_1,30839,15504821681133,0,0,,,TRISC-FW,ZONE_END,150,/home/nx09/nx09/nebriscv/tt-metal-0.74/tt-metal/tt_metal/hw/firmware/src/tt-1xx/trisc.cc,
0,14,8,TRISC_2,30839,15504821612853,0,0,,,TRISC-FW,ZONE_START,150,/home/nx09/nx09/nebriscv/tt-metal-0.74/tt-metal/tt_metal/hw/firmware/src/tt-1xx/trisc.cc,
0,14,8,TRISC_2,60173,15504821613289,0,0,,,TRISC-KERNEL,ZONE_START,86,/home/nx09/nx09/nebriscv/tt-metal-0.74/tt-metal/tt_metal/hw/firmware/src/tt-1xx/trisck.cc,
0,14,8,TRISC_2,60173,15504821658670,0,0,,,TRISC-KERNEL,ZONE_END,86,/home/nx09/nx09/nebriscv/tt-metal-0.74/tt-metal/tt_metal/hw/firmware/src/tt-1xx/trisck.cc,
0,14,8,TRISC_2,30839,15504821681184,0,0,,,TRISC-FW,ZONE_END,150,/home/nx09/nx09/nebriscv/tt-metal-0.74/tt-metal/tt_metal/hw/firmware/src/tt-1xx/trisc.cc,
0,14,9,BRISC,51381,15504821641543,0,0,,,BRISC-FW,ZONE_START,433,/home/nx09/nx09/nebriscv/tt-metal-0.74/tt-metal/tt_metal/hw/firmware/src/tt-1xx/brisc.cc,
0,14,9,BRISC,31418,15504821642326,0,0,,,BRISC-KERNEL,ZONE_START,77,/home/nx09/nx09/nebriscv/tt-metal-0.74/tt-metal/tt_metal/hw/firmware/src/tt-1xx/brisck.cc,
0,14,9,BRISC,31418,15504821710559,0,0,,,BRISC-KERNEL,ZONE_END,77,/home/nx09/nx09/nebriscv/tt-metal-0.74/tt-metal/tt_metal/hw/firmware/src/tt-1xx/brisck.cc,
0,14,9,BRISC,51381,15504821710652,0,0,,,BRISC-FW,ZONE_END,433,/home/nx09/nx09/nebriscv/tt-metal-0.74/tt-metal/tt_metal/hw/firmware/src/tt-1xx/brisc.cc,
0,14,9,NCRISC,49034,15504821641698,0,0,,,NCRISC-FW,ZONE_START,129,/home/nx09/nx09/nebriscv/tt-metal-0.74/tt-metal/tt_metal/hw/firmware/src/tt-1xx/ncrisc.cc,
0,14,9,NCRISC,13096,15504821642196,0,0,,,NCRISC-KERNEL,ZONE_START,69,/home/nx09/nx09/nebriscv/tt-metal-0.74/tt-metal/tt_metal/hw/firmware/src/tt-1xx/ncrisck.cc,
0,14,9,NCRISC,13096,15504821709963,0,0,,,NCRISC-KERNEL,ZONE_END,69,/home/nx09/nx09/nebriscv/tt-metal-0.74/tt-metal/tt_metal/hw/firmware/src/tt-1xx/ncrisck.cc,
0,14,9,NCRISC,49034,15504821709991,0,0,,,NCRISC-FW,ZONE_END,129,/home/nx09/nx09/nebriscv/tt-metal-0.74/tt-metal/tt_metal/hw/firmware/src/tt-1xx/ncrisc.cc,
0,14,9,TRISC_0,30839,15504821641789,0,0,,,TRISC-FW,ZONE_START,150,/home/nx09/nx09/nebriscv/tt-metal-0.74/tt-metal/tt_metal/hw/firmware/src/tt-1xx/trisc.cc,
0,14,9,TRISC_0,60173,15504821642210,0,0,,,TRISC-KERNEL,ZONE_START,86,/home/nx09/nx09/nebriscv/tt-metal-0.74/tt-metal/tt_metal/hw/firmware/src/tt-1xx/trisck.cc,
0,14,9,TRISC_0,60173,15504821710030,0,0,,,TRISC-KERNEL,ZONE_END,86,/home/nx09/nx09/nebriscv/tt-metal-0.74/tt-metal/tt_metal/hw/firmware/src/tt-1xx/trisck.cc,
0,14,9,TRISC_0,30839,15504821710066,0,0,,,TRISC-FW,ZONE_END,150,/home/nx09/nx09/nebriscv/tt-metal-0.74/tt-metal/tt_metal/hw/firmware/src/tt-1xx/trisc.cc,
0,14,9,TRISC_1,30839,15504821641803,0,0,,,TRISC-FW,ZONE_START,150,/home/nx09/nx09/nebriscv/tt-metal-0.74/tt-metal/tt_metal/hw/firmware/src/tt-1xx/trisc.cc,
0,14,9,TRISC_1,60173,15504821641991,0,0,,,TRISC-KERNEL,ZONE_START,86,/home/nx09/nx09/nebriscv/tt-metal-0.74/tt-metal/tt_metal/hw/firmware/src/tt-1xx/trisck.cc,
0,14,9,TRISC_1,60173,15504821701122,0,0,,,TRISC-KERNEL,ZONE_END,86,/home/nx09/nx09/nebriscv/tt-metal-0.74/tt-metal/tt_metal/hw/firmware/src/tt-1xx/trisck.cc,
0,14,9,TRISC_1,30839,15504821710075,0,0,,,TRISC-FW,ZONE_END,150,/home/nx09/nx09/nebriscv/tt-metal-0.74/tt-metal/tt_metal/hw/firmware/src/tt-1xx/trisc.cc,
0,14,9,TRISC_2,30839,15504821641812,0,0,,,TRISC-FW,ZONE_START,150,/home/nx09/nx09/nebriscv/tt-metal-0.74/tt-metal/tt_metal/hw/firmware/src/tt-1xx/trisc.cc,
0,14,9,TRISC_2,60173,15504821642241,0,0,,,TRISC-KERNEL,ZONE_START,86,/home/nx09/nx09/nebriscv/tt-metal-0.74/tt-metal/tt_metal/hw/firmware/src/tt-1xx/trisck.cc,
0,14,9,TRISC_2,60173,15504821687770,0,0,,,TRISC-KERNEL,ZONE_END,86,/home/nx09/nx09/nebriscv/tt-metal-0.74/tt-metal/tt_metal/hw/firmware/src/tt-1xx/trisck.cc,
0,14,9,TRISC_2,30839,15504821710128,0,0,,,TRISC-FW,ZONE_END,150,/home/nx09/nx09/nebriscv/tt-metal-0.74/tt-metal/tt_metal/hw/firmware/src/tt-1xx/trisc.cc,
0,14,10,BRISC,51381,15504821670639,0,0,,,BRISC-FW,ZONE_START,433,/home/nx09/nx09/nebriscv/tt-metal-0.74/tt-metal/tt_metal/hw/firmware/src/tt-1xx/brisc.cc,
0,14,10,BRISC,31418,15504821671430,0,0,,,BRISC-KERNEL,ZONE_START,77,/home/nx09/nx09/nebriscv/tt-metal-0.74/tt-metal/tt_metal/hw/firmware/src/tt-1xx/brisck.cc,
0,14,10,BRISC,31418,15504821736034,0,0,,,BRISC-KERNEL,ZONE_END,77,/home/nx09/nx09/nebriscv/tt-metal-0.74/tt-metal/tt_metal/hw/firmware/src/tt-1xx/brisck.cc,
0,14,10,BRISC,51381,15504821736128,0,0,,,BRISC-FW,ZONE_END,433,/home/nx09/nx09/nebriscv/tt-metal-0.74/tt-metal/tt_metal/hw/firmware/src/tt-1xx/brisc.cc,
0,14,10,NCRISC,49034,15504821670800,0,0,,,NCRISC-FW,ZONE_START,129,/home/nx09/nx09/nebriscv/tt-metal-0.74/tt-metal/tt_metal/hw/firmware/src/tt-1xx/ncrisc.cc,
0,14,10,NCRISC,13096,15504821671285,0,0,,,NCRISC-KERNEL,ZONE_START,69,/home/nx09/nx09/nebriscv/tt-metal-0.74/tt-metal/tt_metal/hw/firmware/src/tt-1xx/ncrisck.cc,
0,14,10,NCRISC,13096,15504821735448,0,0,,,NCRISC-KERNEL,ZONE_END,69,/home/nx09/nx09/nebriscv/tt-metal-0.74/tt-metal/tt_metal/hw/firmware/src/tt-1xx/ncrisck.cc,
0,14,10,NCRISC,49034,15504821735477,0,0,,,NCRISC-FW,ZONE_END,129,/home/nx09/nx09/nebriscv/tt-metal-0.74/tt-metal/tt_metal/hw/firmware/src/tt-1xx/ncrisc.cc,
0,14,10,TRISC_0,30839,15504821670900,0,0,,,TRISC-FW,ZONE_START,150,/home/nx09/nx09/nebriscv/tt-metal-0.74/tt-metal/tt_metal/hw/firmware/src/tt-1xx/trisc.cc,
0,14,10,TRISC_0,60173,15504821671312,0,0,,,TRISC-KERNEL,ZONE_START,86,/home/nx09/nx09/nebriscv/tt-metal-0.74/tt-metal/tt_metal/hw/firmware/src/tt-1xx/trisck.cc,
0,14,10,TRISC_0,60173,15504821735510,0,0,,,TRISC-KERNEL,ZONE_END,86,/home/nx09/nx09/nebriscv/tt-metal-0.74/tt-metal/tt_metal/hw/firmware/src/tt-1xx/trisck.cc,
0,14,10,TRISC_0,30839,15504821735549,0,0,,,TRISC-FW,ZONE_END,150,/home/nx09/nx09/nebriscv/tt-metal-0.74/tt-metal/tt_metal/hw/firmware/src/tt-1xx/trisc.cc,
0,14,10,TRISC_1,30839,15504821670910,0,0,,,TRISC-FW,ZONE_START,150,/home/nx09/nx09/nebriscv/tt-metal-0.74/tt-metal/tt_metal/hw/firmware/src/tt-1xx/trisc.cc,
0,14,10,TRISC_1,60173,15504821671099,0,0,,,TRISC-KERNEL,ZONE_START,86,/home/nx09/nx09/nebriscv/tt-metal-0.74/tt-metal/tt_metal/hw/firmware/src/tt-1xx/trisck.cc,
0,14,10,TRISC_1,60173,15504821727664,0,0,,,TRISC-KERNEL,ZONE_END,86,/home/nx09/nx09/nebriscv/tt-metal-0.74/tt-metal/tt_metal/hw/firmware/src/tt-1xx/trisck.cc,
0,14,10,TRISC_1,30839,15504821735551,0,0,,,TRISC-FW,ZONE_END,150,/home/nx09/nx09/nebriscv/tt-metal-0.74/tt-metal/tt_metal/hw/firmware/src/tt-1xx/trisc.cc,
0,14,10,TRISC_2,30839,15504821670911,0,0,,,TRISC-FW,ZONE_START,150,/home/nx09/nx09/nebriscv/tt-metal-0.74/tt-metal/tt_metal/hw/firmware/src/tt-1xx/trisc.cc,
0,14,10,TRISC_2,60173,15504821671348,0,0,,,TRISC-KERNEL,ZONE_START,86,/home/nx09/nx09/nebriscv/tt-metal-0.74/tt-metal/tt_metal/hw/firmware/src/tt-1xx/trisck.cc,
0,14,10,TRISC_2,60173,15504821715823,0,0,,,TRISC-KERNEL,ZONE_END,86,/home/nx09/nx09/nebriscv/tt-metal-0.74/tt-metal/tt_metal/hw/firmware/src/tt-1xx/trisck.cc,
0,14,10,TRISC_2,30839,15504821735602,0,0,,,TRISC-FW,ZONE_END,150,/home/nx09/nx09/nebriscv/tt-metal-0.74/tt-metal/tt_metal/hw/firmware/src/tt-1xx/trisc.cc,
0,14,11,BRISC,51381,15504821699826,0,0,,,BRISC-FW,ZONE_START,433,/home/nx09/nx09/nebriscv/tt-metal-0.74/tt-metal/tt_metal/hw/firmware/src/tt-1xx/brisc.cc,
0,14,11,BRISC,31418,15504821700609,0,0,,,BRISC-KERNEL,ZONE_START,77,/home/nx09/nx09/nebriscv/tt-metal-0.74/tt-metal/tt_metal/hw/firmware/src/tt-1xx/brisck.cc,
0,14,11,BRISC,31418,15504821769369,0,0,,,BRISC-KERNEL,ZONE_END,77,/home/nx09/nx09/nebriscv/tt-metal-0.74/tt-metal/tt_metal/hw/firmware/src/tt-1xx/brisck.cc,
0,14,11,BRISC,51381,15504821769463,0,0,,,BRISC-FW,ZONE_END,433,/home/nx09/nx09/nebriscv/tt-metal-0.74/tt-metal/tt_metal/hw/firmware/src/tt-1xx/brisc.cc,
0,14,11,NCRISC,49034,15504821699993,0,0,,,NCRISC-FW,ZONE_START,129,/home/nx09/nx09/nebriscv/tt-metal-0.74/tt-metal/tt_metal/hw/firmware/src/tt-1xx/ncrisc.cc,
0,14,11,NCRISC,13096,15504821700495,0,0,,,NCRISC-KERNEL,ZONE_START,69,/home/nx09/nx09/nebriscv/tt-metal-0.74/tt-metal/tt_metal/hw/firmware/src/tt-1xx/ncrisck.cc,
0,14,11,NCRISC,13096,15504821768778,0,0,,,NCRISC-KERNEL,ZONE_END,69,/home/nx09/nx09/nebriscv/tt-metal-0.74/tt-metal/tt_metal/hw/firmware/src/tt-1xx/ncrisck.cc,
0,14,11,NCRISC,49034,15504821768806,0,0,,,NCRISC-FW,ZONE_END,129,/home/nx09/nx09/nebriscv/tt-metal-0.74/tt-metal/tt_metal/hw/firmware/src/tt-1xx/ncrisc.cc,
0,14,11,TRISC_0,30839,15504821700102,0,0,,,TRISC-FW,ZONE_START,150,/home/nx09/nx09/nebriscv/tt-metal-0.74/tt-metal/tt_metal/hw/firmware/src/tt-1xx/trisc.cc,
0,14,11,TRISC_0,60173,15504821700516,0,0,,,TRISC-KERNEL,ZONE_START,86,/home/nx09/nx09/nebriscv/tt-metal-0.74/tt-metal/tt_metal/hw/firmware/src/tt-1xx/trisck.cc,
0,14,11,TRISC_0,60173,15504821768845,0,0,,,TRISC-KERNEL,ZONE_END,86,/home/nx09/nx09/nebriscv/tt-metal-0.74/tt-metal/tt_metal/hw/firmware/src/tt-1xx/trisck.cc,
0,14,11,TRISC_0,30839,15504821768884,0,0,,,TRISC-FW,ZONE_END,150,/home/nx09/nx09/nebriscv/tt-metal-0.74/tt-metal/tt_metal/hw/firmware/src/tt-1xx/trisc.cc,
0,14,11,TRISC_1,30839,15504821700103,0,0,,,TRISC-FW,ZONE_START,150,/home/nx09/nx09/nebriscv/tt-metal-0.74/tt-metal/tt_metal/hw/firmware/src/tt-1xx/trisc.cc,
0,14,11,TRISC_1,60173,15504821700292,0,0,,,TRISC-KERNEL,ZONE_START,86,/home/nx09/nx09/nebriscv/tt-metal-0.74/tt-metal/tt_metal/hw/firmware/src/tt-1xx/trisck.cc,
0,14,11,TRISC_1,60173,15504821759811,0,0,,,TRISC-KERNEL,ZONE_END,86,/home/nx09/nx09/nebriscv/tt-metal-0.74/tt-metal/tt_metal/hw/firmware/src/tt-1xx/trisck.cc,
0,14,11,TRISC_1,30839,15504821768886,0,0,,,TRISC-FW,ZONE_END,150,/home/nx09/nx09/nebriscv/tt-metal-0.74/tt-metal/tt_metal/hw/firmware/src/tt-1xx/trisc.cc,
0,14,11,TRISC_2,30839,15504821700100,0,0,,,TRISC-FW,ZONE_START,150,/home/nx09/nx09/nebriscv/tt-metal-0.74/tt-metal/tt_metal/hw/firmware/src/tt-1xx/trisc.cc,
0,14,11,TRISC_2,60173,15504821700533,0,0,,,TRISC-KERNEL,ZONE_START,86,/home/nx09/nx09/nebriscv/tt-metal-0.74/tt-metal/tt_metal/hw/firmware/src/tt-1xx/trisck.cc,
0,14,11,TRISC_2,60173,15504821746173,0,0,,,TRISC-KERNEL,ZONE_END,86,/home/nx09/nx09/nebriscv/tt-metal-0.74/tt-metal/tt_metal/hw/firmware/src/tt-1xx/trisck.cc,
0,14,11,TRISC_2,30839,15504821768937,0,0,,,TRISC-FW,ZONE_END,150,/home/nx09/nx09/nebriscv/tt-metal-0.74/tt-metal/tt_metal/hw/firmware/src/tt-1xx/trisc.cc,
0,15,2,BRISC,51381,15504821729330,0,0,,,BRISC-FW,ZONE_START,433,/home/nx09/nx09/nebriscv/tt-metal-0.74/tt-metal/tt_metal/hw/firmware/src/tt-1xx/brisc.cc,
0,15,2,BRISC,31418,15504821730100,0,0,,,BRISC-KERNEL,ZONE_START,77,/home/nx09/nx09/nebriscv/tt-metal-0.74/tt-metal/tt_metal/hw/firmware/src/tt-1xx/brisck.cc,
0,15,2,BRISC,31418,15504821798498,0,0,,,BRISC-KERNEL,ZONE_END,77,/home/nx09/nx09/nebriscv/tt-metal-0.74/tt-metal/tt_metal/hw/firmware/src/tt-1xx/brisck.cc,
0,15,2,BRISC,51381,15504821798591,0,0,,,BRISC-FW,ZONE_END,433,/home/nx09/nx09/nebriscv/tt-metal-0.74/tt-metal/tt_metal/hw/firmware/src/tt-1xx/brisc.cc,
0,15,2,NCRISC,49034,15504821729482,0,0,,,NCRISC-FW,ZONE_START,129,/home/nx09/nx09/nebriscv/tt-metal-0.74/tt-metal/tt_metal/hw/firmware/src/tt-1xx/ncrisc.cc,
0,15,2,NCRISC,13096,15504821729970,0,0,,,NCRISC-KERNEL,ZONE_START,69,/home/nx09/nx09/nebriscv/tt-metal-0.74/tt-metal/tt_metal/hw/firmware/src/tt-1xx/ncrisck.cc,
0,15,2,NCRISC,13096,15504821797902,0,0,,,NCRISC-KERNEL,ZONE_END,69,/home/nx09/nx09/nebriscv/tt-metal-0.74/tt-metal/tt_metal/hw/firmware/src/tt-1xx/ncrisck.cc,
0,15,2,NCRISC,49034,15504821797930,0,0,,,NCRISC-FW,ZONE_END,129,/home/nx09/nx09/nebriscv/tt-metal-0.74/tt-metal/tt_metal/hw/firmware/src/tt-1xx/ncrisc.cc,
0,15,2,TRISC_0,30839,15504821729578,0,0,,,TRISC-FW,ZONE_START,150,/home/nx09/nx09/nebriscv/tt-metal-0.74/tt-metal/tt_metal/hw/firmware/src/tt-1xx/trisc.cc,
0,15,2,TRISC_0,60173,15504821729993,0,0,,,TRISC-KERNEL,ZONE_START,86,/home/nx09/nx09/nebriscv/tt-metal-0.74/tt-metal/tt_metal/hw/firmware/src/tt-1xx/trisck.cc,
0,15,2,TRISC_0,60173,15504821797969,0,0,,,TRISC-KERNEL,ZONE_END,86,/home/nx09/nx09/nebriscv/tt-metal-0.74/tt-metal/tt_metal/hw/firmware/src/tt-1xx/trisck.cc,
0,15,2,TRISC_0,30839,15504821798005,0,0,,,TRISC-FW,ZONE_END,150,/home/nx09/nx09/nebriscv/tt-metal-0.74/tt-metal/tt_metal/hw/firmware/src/tt-1xx/trisc.cc,
0,15,2,TRISC_1,30839,15504821729597,0,0,,,TRISC-FW,ZONE_START,150,/home/nx09/nx09/nebriscv/tt-metal-0.74/tt-metal/tt_metal/hw/firmware/src/tt-1xx/trisc.cc,
0,15,2,TRISC_1,60173,15504821729783,0,0,,,TRISC-KERNEL,ZONE_START,86,/home/nx09/nx09/nebriscv/tt-metal-0.74/tt-metal/tt_metal/hw/firmware/src/tt-1xx/trisck.cc,
0,15,2,TRISC_1,60173,15504821789052,0,0,,,TRISC-KERNEL,ZONE_END,86,/home/nx09/nx09/nebriscv/tt-metal-0.74/tt-metal/tt_metal/hw/firmware/src/tt-1xx/trisck.cc,
0,15,2,TRISC_1,30839,15504821798014,0,0,,,TRISC-FW,ZONE_END,150,/home/nx09/nx09/nebriscv/tt-metal-0.74/tt-metal/tt_metal/hw/firmware/src/tt-1xx/trisc.cc,
0,15,2,TRISC_2,30839,15504821729590,0,0,,,TRISC-FW,ZONE_START,150,/home/nx09/nx09/nebriscv/tt-metal-0.74/tt-metal/tt_metal/hw/firmware/src/tt-1xx/trisc.cc,
0,15,2,TRISC_2,60173,15504821730016,0,0,,,TRISC-KERNEL,ZONE_START,86,/home/nx09/nx09/nebriscv/tt-metal-0.74/tt-metal/tt_metal/hw/firmware/src/tt-1xx/trisck.cc,
0,15,2,TRISC_2,60173,15504821775556,0,0,,,TRISC-KERNEL,ZONE_END,86,/home/nx09/nx09/nebriscv/tt-metal-0.74/tt-metal/tt_metal/hw/firmware/src/tt-1xx/trisck.cc,
0,15,2,TRISC_2,30839,15504821798067,0,0,,,TRISC-FW,ZONE_END,150,/home/nx09/nx09/nebriscv/tt-metal-0.74/tt-metal/tt_metal/hw/firmware/src/tt-1xx/trisc.cc,
0,15,3,BRISC,51381,15504821758715,0,0,,,BRISC-FW,ZONE_START,433,/home/nx09/nx09/nebriscv/tt-metal-0.74/tt-metal/tt_metal/hw/firmware/src/tt-1xx/brisc.cc,
0,15,3,BRISC,31418,15504821759513,0,0,,,BRISC-KERNEL,ZONE_START,77,/home/nx09/nx09/nebriscv/tt-metal-0.74/tt-metal/tt_metal/hw/firmware/src/tt-1xx/brisck.cc,
0,15,3,BRISC,31418,15504821827602,0,0,,,BRISC-KERNEL,ZONE_END,77,/home/nx09/nx09/nebriscv/tt-metal-0.74/tt-metal/tt_metal/hw/firmware/src/tt-1xx/brisck.cc,
0,15,3,BRISC,51381,15504821827696,0,0,,,BRISC-FW,ZONE_END,433,/home/nx09/nx09/nebriscv/tt-metal-0.74/tt-metal/tt_metal/hw/firmware/src/tt-1xx/brisc.cc,
0,15,3,NCRISC,49034,15504821758882,0,0,,,NCRISC-FW,ZONE_START,129,/home/nx09/nx09/nebriscv/tt-metal-0.74/tt-metal/tt_metal/hw/firmware/src/tt-1xx/ncrisc.cc,
0,15,3,NCRISC,13096,15504821759369,0,0,,,NCRISC-KERNEL,ZONE_START,69,/home/nx09/nx09/nebriscv/tt-metal-0.74/tt-metal/tt_metal/hw/firmware/src/tt-1xx/ncrisck.cc,
0,15,3,NCRISC,13096,15504821827011,0,0,,,NCRISC-KERNEL,ZONE_END,69,/home/nx09/nx09/nebriscv/tt-metal-0.74/tt-metal/tt_metal/hw/firmware/src/tt-1xx/ncrisck.cc,
0,15,3,NCRISC,49034,15504821827039,0,0,,,NCRISC-FW,ZONE_END,129,/home/nx09/nx09/nebriscv/tt-metal-0.74/tt-metal/tt_metal/hw/firmware/src/tt-1xx/ncrisc.cc,
0,15,3,TRISC_0,30839,15504821758990,0,0,,,TRISC-FW,ZONE_START,150,/home/nx09/nx09/nebriscv/tt-metal-0.74/tt-metal/tt_metal/hw/firmware/src/tt-1xx/trisc.cc,
0,15,3,TRISC_0,60173,15504821759411,0,0,,,TRISC-KERNEL,ZONE_START,86,/home/nx09/nx09/nebriscv/tt-metal-0.74/tt-metal/tt_metal/hw/firmware/src/tt-1xx/trisck.cc,
0,15,3,TRISC_0,60173,15504821827078,0,0,,,TRISC-KERNEL,ZONE_END,86,/home/nx09/nx09/nebriscv/tt-metal-0.74/tt-metal/tt_metal/hw/firmware/src/tt-1xx/trisck.cc,
0,15,3,TRISC_0,30839,15504821827117,0,0,,,TRISC-FW,ZONE_END,150,/home/nx09/nx09/nebriscv/tt-metal-0.74/tt-metal/tt_metal/hw/firmware/src/tt-1xx/trisc.cc,
0,15,3,TRISC_1,30839,15504821758991,0,0,,,TRISC-FW,ZONE_START,150,/home/nx09/nx09/nebriscv/tt-metal-0.74/tt-metal/tt_metal/hw/firmware/src/tt-1xx/trisc.cc,
0,15,3,TRISC_1,60173,15504821759183,0,0,,,TRISC-KERNEL,ZONE_START,86,/home/nx09/nx09/nebriscv/tt-metal-0.74/tt-metal/tt_metal/hw/firmware/src/tt-1xx/trisck.cc,
0,15,3,TRISC_1,60173,15504821817927,0,0,,,TRISC-KERNEL,ZONE_END,86,/home/nx09/nx09/nebriscv/tt-metal-0.74/tt-metal/tt_metal/hw/firmware/src/tt-1xx/trisck.cc,
0,15,3,TRISC_1,30839,15504821827119,0,0,,,TRISC-FW,ZONE_END,150,/home/nx09/nx09/nebriscv/tt-metal-0.74/tt-metal/tt_metal/hw/firmware/src/tt-1xx/trisc.cc,
0,15,3,TRISC_2,30839,15504821758992,0,0,,,TRISC-FW,ZONE_START,150,/home/nx09/nx09/nebriscv/tt-metal-0.74/tt-metal/tt_metal/hw/firmware/src/tt-1xx/trisc.cc,
0,15,3,TRISC_2,60173,15504821759428,0,0,,,TRISC-KERNEL,ZONE_START,86,/home/nx09/nx09/nebriscv/tt-metal-0.74/tt-metal/tt_metal/hw/firmware/src/tt-1xx/trisck.cc,
0,15,3,TRISC_2,60173,15504821804530,0,0,,,TRISC-KERNEL,ZONE_END,86,/home/nx09/nx09/nebriscv/tt-metal-0.74/tt-metal/tt_metal/hw/firmware/src/tt-1xx/trisck.cc,
0,15,3,TRISC_2,30839,15504821827170,0,0,,,TRISC-FW,ZONE_END,150,/home/nx09/nx09/nebriscv/tt-metal-0.74/tt-metal/tt_metal/hw/firmware/src/tt-1xx/trisc.cc,
0,15,4,BRISC,51381,15504821788195,0,0,,,BRISC-FW,ZONE_START,433,/home/nx09/nx09/nebriscv/tt-metal-0.74/tt-metal/tt_metal/hw/firmware/src/tt-1xx/brisc.cc,
0,15,4,BRISC,31418,15504821788977,0,0,,,BRISC-KERNEL,ZONE_START,77,/home/nx09/nx09/nebriscv/tt-metal-0.74/tt-metal/tt_metal/hw/firmware/src/tt-1xx/brisck.cc,
0,15,4,BRISC,31418,15504821853764,0,0,,,BRISC-KERNEL,ZONE_END,77,/home/nx09/nx09/nebriscv/tt-metal-0.74/tt-metal/tt_metal/hw/firmware/src/tt-1xx/brisck.cc,
0,15,4,BRISC,51381,15504821853861,0,0,,,BRISC-FW,ZONE_END,433,/home/nx09/nx09/nebriscv/tt-metal-0.74/tt-metal/tt_metal/hw/firmware/src/tt-1xx/brisc.cc,
0,15,4,NCRISC,49034,15504821788348,0,0,,,NCRISC-FW,ZONE_START,129,/home/nx09/nx09/nebriscv/tt-metal-0.74/tt-metal/tt_metal/hw/firmware/src/tt-1xx/ncrisc.cc,
0,15,4,NCRISC,13096,15504821788827,0,0,,,NCRISC-KERNEL,ZONE_START,69,/home/nx09/nx09/nebriscv/tt-metal-0.74/tt-metal/tt_metal/hw/firmware/src/tt-1xx/ncrisck.cc,
0,15,4,NCRISC,13096,15504821853171,0,0,,,NCRISC-KERNEL,ZONE_END,69,/home/nx09/nx09/nebriscv/tt-metal-0.74/tt-metal/tt_metal/hw/firmware/src/tt-1xx/ncrisck.cc,
0,15,4,NCRISC,49034,15504821853200,0,0,,,NCRISC-FW,ZONE_END,129,/home/nx09/nx09/nebriscv/tt-metal-0.74/tt-metal/tt_metal/hw/firmware/src/tt-1xx/ncrisc.cc,
0,15,4,TRISC_0,30839,15504821788455,0,0,,,TRISC-FW,ZONE_START,150,/home/nx09/nx09/nebriscv/tt-metal-0.74/tt-metal/tt_metal/hw/firmware/src/tt-1xx/trisc.cc,
0,15,4,TRISC_0,60173,15504821788872,0,0,,,TRISC-KERNEL,ZONE_START,86,/home/nx09/nx09/nebriscv/tt-metal-0.74/tt-metal/tt_metal/hw/firmware/src/tt-1xx/trisck.cc,
0,15,4,TRISC_0,60173,15504821853233,0,0,,,TRISC-KERNEL,ZONE_END,86,/home/nx09/nx09/nebriscv/tt-metal-0.74/tt-metal/tt_metal/hw/firmware/src/tt-1xx/trisck.cc,
0,15,4,TRISC_0,30839,15504821853270,0,0,,,TRISC-FW,ZONE_END,150,/home/nx09/nx09/nebriscv/tt-metal-0.74/tt-metal/tt_metal/hw/firmware/src/tt-1xx/trisc.cc,
0,15,4,TRISC_1,30839,15504821788463,0,0,,,TRISC-FW,ZONE_START,150,/home/nx09/nx09/nebriscv/tt-metal-0.74/tt-metal/tt_metal/hw/firmware/src/tt-1xx/trisc.cc,
0,15,4,TRISC_1,60173,15504821788644,0,0,,,TRISC-KERNEL,ZONE_START,86,/home/nx09/nx09/nebriscv/tt-metal-0.74/tt-metal/tt_metal/hw/firmware/src/tt-1xx/trisck.cc,
0,15,4,TRISC_1,60173,15504821844505,0,0,,,TRISC-KERNEL,ZONE_END,86,/home/nx09/nx09/nebriscv/tt-metal-0.74/tt-metal/tt_metal/hw/firmware/src/tt-1xx/trisck.cc,
0,15,4,TRISC_1,30839,15504821853278,0,0,,,TRISC-FW,ZONE_END,150,/home/nx09/nx09/nebriscv/tt-metal-0.74/tt-metal/tt_metal/hw/firmware/src/tt-1xx/trisc.cc,
0,15,4,TRISC_2,30839,15504821788468,0,0,,,TRISC-FW,ZONE_START,150,/home/nx09/nx09/nebriscv/tt-metal-0.74/tt-metal/tt_metal/hw/firmware/src/tt-1xx/trisc.cc,
0,15,4,TRISC_2,60173,15504821788898,0,0,,,TRISC-KERNEL,ZONE_START,86,/home/nx09/nx09/nebriscv/tt-metal-0.74/tt-metal/tt_metal/hw/firmware/src/tt-1xx/trisck.cc,
0,15,4,TRISC_2,60173,15504821831360,0,0,,,TRISC-KERNEL,ZONE_END,86,/home/nx09/nx09/nebriscv/tt-metal-0.74/tt-metal/tt_metal/hw/firmware/src/tt-1xx/trisck.cc,
0,15,4,TRISC_2,30839,15504821853326,0,0,,,TRISC-FW,ZONE_END,150,/home/nx09/nx09/nebriscv/tt-metal-0.74/tt-metal/tt_metal/hw/firmware/src/tt-1xx/trisc.cc,
0,15,5,BRISC,51381,15504821818211,0,0,,,BRISC-FW,ZONE_START,433,/home/nx09/nx09/nebriscv/tt-metal-0.74/tt-metal/tt_metal/hw/firmware/src/tt-1xx/brisc.cc,
0,15,5,BRISC,31418,15504821818993,0,0,,,BRISC-KERNEL,ZONE_START,77,/home/nx09/nx09/nebriscv/tt-metal-0.74/tt-metal/tt_metal/hw/firmware/src/tt-1xx/brisck.cc,
0,15,5,BRISC,31418,15504821887551,0,0,,,BRISC-KERNEL,ZONE_END,77,/home/nx09/nx09/nebriscv/tt-metal-0.74/tt-metal/tt_metal/hw/firmware/src/tt-1xx/brisck.cc,
0,15,5,BRISC,51381,15504821887644,0,0,,,BRISC-FW,ZONE_END,433,/home/nx09/nx09/nebriscv/tt-metal-0.74/tt-metal/tt_metal/hw/firmware/src/tt-1xx/brisc.cc,
0,15,5,NCRISC,49034,15504821818363,0,0,,,NCRISC-FW,ZONE_START,129,/home/nx09/nx09/nebriscv/tt-metal-0.74/tt-metal/tt_metal/hw/firmware/src/tt-1xx/ncrisc.cc,
0,15,5,NCRISC,13096,15504821818861,0,0,,,NCRISC-KERNEL,ZONE_START,69,/home/nx09/nx09/nebriscv/tt-metal-0.74/tt-metal/tt_metal/hw/firmware/src/tt-1xx/ncrisck.cc,
0,15,5,NCRISC,13096,15504821886955,0,0,,,NCRISC-KERNEL,ZONE_END,69,/home/nx09/nx09/nebriscv/tt-metal-0.74/tt-metal/tt_metal/hw/firmware/src/tt-1xx/ncrisck.cc,
0,15,5,NCRISC,49034,15504821886983,0,0,,,NCRISC-FW,ZONE_END,129,/home/nx09/nx09/nebriscv/tt-metal-0.74/tt-metal/tt_metal/hw/firmware/src/tt-1xx/ncrisc.cc,
0,15,5,TRISC_0,30839,15504821818484,0,0,,,TRISC-FW,ZONE_START,150,/home/nx09/nx09/nebriscv/tt-metal-0.74/tt-metal/tt_metal/hw/firmware/src/tt-1xx/trisc.cc,
0,15,5,TRISC_0,60173,15504821818897,0,0,,,TRISC-KERNEL,ZONE_START,86,/home/nx09/nx09/nebriscv/tt-metal-0.74/tt-metal/tt_metal/hw/firmware/src/tt-1xx/trisck.cc,
0,15,5,TRISC_0,60173,15504821887022,0,0,,,TRISC-KERNEL,ZONE_END,86,/home/nx09/nx09/nebriscv/tt-metal-0.74/tt-metal/tt_metal/hw/firmware/src/tt-1xx/trisck.cc,
0,15,5,TRISC_0,30839,15504821887058,0,0,,,TRISC-FW,ZONE_END,150,/home/nx09/nx09/nebriscv/tt-metal-0.74/tt-metal/tt_metal/hw/firmware/src/tt-1xx/trisc.cc,
0,15,5,TRISC_1,30839,15504821818476,0,0,,,TRISC-FW,ZONE_START,150,/home/nx09/nx09/nebriscv/tt-metal-0.74/tt-metal/tt_metal/hw/firmware/src/tt-1xx/trisc.cc,
0,15,5,TRISC_1,60173,15504821818653,0,0,,,TRISC-KERNEL,ZONE_START,86,/home/nx09/nx09/nebriscv/tt-metal-0.74/tt-metal/tt_metal/hw/firmware/src/tt-1xx/trisck.cc,
0,15,5,TRISC_1,60173,15504821877997,0,0,,,TRISC-KERNEL,ZONE_END,86,/home/nx09/nx09/nebriscv/tt-metal-0.74/tt-metal/tt_metal/hw/firmware/src/tt-1xx/trisck.cc,
0,15,5,TRISC_1,30839,15504821887067,0,0,,,TRISC-FW,ZONE_END,150,/home/nx09/nx09/nebriscv/tt-metal-0.74/tt-metal/tt_metal/hw/firmware/src/tt-1xx/trisc.cc,
0,15,5,TRISC_2,30839,15504821818485,0,0,,,TRISC-FW,ZONE_START,150,/home/nx09/nx09/nebriscv/tt-metal-0.74/tt-metal/tt_metal/hw/firmware/src/tt-1xx/trisc.cc,
0,15,5,TRISC_2,60173,15504821818913,0,0,,,TRISC-KERNEL,ZONE_START,86,/home/nx09/nx09/nebriscv/tt-metal-0.74/tt-metal/tt_metal/hw/firmware/src/tt-1xx/trisck.cc,
0,15,5,TRISC_2,60173,15504821864367,0,0,,,TRISC-KERNEL,ZONE_END,86,/home/nx09/nx09/nebriscv/tt-metal-0.74/tt-metal/tt_metal/hw/firmware/src/tt-1xx/trisck.cc,
0,15,5,TRISC_2,30839,15504821887120,0,0,,,TRISC-FW,ZONE_END,150,/home/nx09/nx09/nebriscv/tt-metal-0.74/tt-metal/tt_metal/hw/firmware/src/tt-1xx/trisc.cc,
0,15,6,BRISC,51381,15504821847110,0,0,,,BRISC-FW,ZONE_START,433,/home/nx09/nx09/nebriscv/tt-metal-0.74/tt-metal/tt_metal/hw/firmware/src/tt-1xx/brisc.cc,
0,15,6,BRISC,31418,15504821847881,0,0,,,BRISC-KERNEL,ZONE_START,77,/home/nx09/nx09/nebriscv/tt-metal-0.74/tt-metal/tt_metal/hw/firmware/src/tt-1xx/brisck.cc,
0,15,6,BRISC,31418,15504821916717,0,0,,,BRISC-KERNEL,ZONE_END,77,/home/nx09/nx09/nebriscv/tt-metal-0.74/tt-metal/tt_metal/hw/firmware/src/tt-1xx/brisck.cc,
0,15,6,BRISC,51381,15504821916810,0,0,,,BRISC-FW,ZONE_END,433,/home/nx09/nx09/nebriscv/tt-metal-0.74/tt-metal/tt_metal/hw/firmware/src/tt-1xx/brisc.cc,
0,15,6,NCRISC,49034,15504821847262,0,0,,,NCRISC-FW,ZONE_START,129,/home/nx09/nx09/nebriscv/tt-metal-0.74/tt-metal/tt_metal/hw/firmware/src/tt-1xx/ncrisc.cc,
0,15,6,NCRISC,13096,15504821847750,0,0,,,NCRISC-KERNEL,ZONE_START,69,/home/nx09/nx09/nebriscv/tt-metal-0.74/tt-metal/tt_metal/hw/firmware/src/tt-1xx/ncrisck.cc,
0,15,6,NCRISC,13096,15504821916121,0,0,,,NCRISC-KERNEL,ZONE_END,69,/home/nx09/nx09/nebriscv/tt-metal-0.74/tt-metal/tt_metal/hw/firmware/src/tt-1xx/ncrisck.cc,
0,15,6,NCRISC,49034,15504821916149,0,0,,,NCRISC-FW,ZONE_END,129,/home/nx09/nx09/nebriscv/tt-metal-0.74/tt-metal/tt_metal/hw/firmware/src/tt-1xx/ncrisc.cc,
0,15,6,TRISC_0,30839,15504821847358,0,0,,,TRISC-FW,ZONE_START,150,/home/nx09/nx09/nebriscv/tt-metal-0.74/tt-metal/tt_metal/hw/firmware/src/tt-1xx/trisc.cc,
0,15,6,TRISC_0,60173,15504821847773,0,0,,,TRISC-KERNEL,ZONE_START,86,/home/nx09/nx09/nebriscv/tt-metal-0.74/tt-metal/tt_metal/hw/firmware/src/tt-1xx/trisck.cc,
0,15,6,TRISC_0,60173,15504821916188,0,0,,,TRISC-KERNEL,ZONE_END,86,/home/nx09/nx09/nebriscv/tt-metal-0.74/tt-metal/tt_metal/hw/firmware/src/tt-1xx/trisck.cc,
0,15,6,TRISC_0,30839,15504821916224,0,0,,,TRISC-FW,ZONE_END,150,/home/nx09/nx09/nebriscv/tt-metal-0.74/tt-metal/tt_metal/hw/firmware/src/tt-1xx/trisc.cc,
0,15,6,TRISC_1,30839,15504821847377,0,0,,,TRISC-FW,ZONE_START,150,/home/nx09/nx09/nebriscv/tt-metal-0.74/tt-metal/tt_metal/hw/firmware/src/tt-1xx/trisc.cc,
0,15,6,TRISC_1,60173,15504821847563,0,0,,,TRISC-KERNEL,ZONE_START,86,/home/nx09/nx09/nebriscv/tt-metal-0.74/tt-metal/tt_metal/hw/firmware/src/tt-1xx/trisck.cc,
0,15,6,TRISC_1,60173,15504821907082,0,0,,,TRISC-KERNEL,ZONE_END,86,/home/nx09/nx09/nebriscv/tt-metal-0.74/tt-metal/tt_metal/hw/firmware/src/tt-1xx/trisck.cc,
0,15,6,TRISC_1,30839,15504821916233,0,0,,,TRISC-FW,ZONE_END,150,/home/nx09/nx09/nebriscv/tt-metal-0.74/tt-metal/tt_metal/hw/firmware/src/tt-1xx/trisc.cc,
0,15,6,TRISC_2,30839,15504821847370,0,0,,,TRISC-FW,ZONE_START,150,/home/nx09/nx09/nebriscv/tt-metal-0.74/tt-metal/tt_metal/hw/firmware/src/tt-1xx/trisc.cc,
0,15,6,TRISC_2,60173,15504821847796,0,0,,,TRISC-KERNEL,ZONE_START,86,/home/nx09/nx09/nebriscv/tt-metal-0.74/tt-metal/tt_metal/hw/firmware/src/tt-1xx/trisck.cc,
0,15,6,TRISC_2,60173,15504821893506,0,0,,,TRISC-KERNEL,ZONE_END,86,/home/nx09/nx09/nebriscv/tt-metal-0.74/tt-metal/tt_metal/hw/firmware/src/tt-1xx/trisck.cc,
0,15,6,TRISC_2,30839,15504821916286,0,0,,,TRISC-FW,ZONE_END,150,/home/nx09/nx09/nebriscv/tt-metal-0.74/tt-metal/tt_metal/hw/firmware/src/tt-1xx/trisc.cc,
0,15,7,BRISC,51381,15504821876300,0,0,,,BRISC-FW,ZONE_START,433,/home/nx09/nx09/nebriscv/tt-metal-0.74/tt-metal/tt_metal/hw/firmware/src/tt-1xx/brisc.cc,
0,15,7,BRISC,31418,15504821877084,0,0,,,BRISC-KERNEL,ZONE_START,77,/home/nx09/nx09/nebriscv/tt-metal-0.74/tt-metal/tt_metal/hw/firmware/src/tt-1xx/brisck.cc,
0,15,7,BRISC,31418,15504821941590,0,0,,,BRISC-KERNEL,ZONE_END,77,/home/nx09/nx09/nebriscv/tt-metal-0.74/tt-metal/tt_metal/hw/firmware/src/tt-1xx/brisck.cc,
0,15,7,BRISC,51381,15504821941683,0,0,,,BRISC-FW,ZONE_END,433,/home/nx09/nx09/nebriscv/tt-metal-0.74/tt-metal/tt_metal/hw/firmware/src/tt-1xx/brisc.cc,
0,15,7,NCRISC,49034,15504821876452,0,0,,,NCRISC-FW,ZONE_START,129,/home/nx09/nx09/nebriscv/tt-metal-0.74/tt-metal/tt_metal/hw/firmware/src/tt-1xx/ncrisc.cc,
0,15,7,NCRISC,13096,15504821876950,0,0,,,NCRISC-KERNEL,ZONE_START,69,/home/nx09/nx09/nebriscv/tt-metal-0.74/tt-metal/tt_metal/hw/firmware/src/tt-1xx/ncrisck.cc,
0,15,7,NCRISC,13096,15504821940994,0,0,,,NCRISC-KERNEL,ZONE_END,69,/home/nx09/nx09/nebriscv/tt-metal-0.74/tt-metal/tt_metal/hw/firmware/src/tt-1xx/ncrisck.cc,
0,15,7,NCRISC,49034,15504821941022,0,0,,,NCRISC-FW,ZONE_END,129,/home/nx09/nx09/nebriscv/tt-metal-0.74/tt-metal/tt_metal/hw/firmware/src/tt-1xx/ncrisc.cc,
0,15,7,TRISC_0,30839,15504821876573,0,0,,,TRISC-FW,ZONE_START,150,/home/nx09/nx09/nebriscv/tt-metal-0.74/tt-metal/tt_metal/hw/firmware/src/tt-1xx/trisc.cc,
0,15,7,TRISC_0,60173,15504821876986,0,0,,,TRISC-KERNEL,ZONE_START,86,/home/nx09/nx09/nebriscv/tt-metal-0.74/tt-metal/tt_metal/hw/firmware/src/tt-1xx/trisck.cc,
0,15,7,TRISC_0,60173,15504821941061,0,0,,,TRISC-KERNEL,ZONE_END,86,/home/nx09/nx09/nebriscv/tt-metal-0.74/tt-metal/tt_metal/hw/firmware/src/tt-1xx/trisck.cc,
0,15,7,TRISC_0,30839,15504821941097,0,0,,,TRISC-FW,ZONE_END,150,/home/nx09/nx09/nebriscv/tt-metal-0.74/tt-metal/tt_metal/hw/firmware/src/tt-1xx/trisc.cc,
0,15,7,TRISC_1,30839,15504821876565,0,0,,,TRISC-FW,ZONE_START,150,/home/nx09/nx09/nebriscv/tt-metal-0.74/tt-metal/tt_metal/hw/firmware/src/tt-1xx/trisc.cc,
0,15,7,TRISC_1,60173,15504821876742,0,0,,,TRISC-KERNEL,ZONE_START,86,/home/nx09/nx09/nebriscv/tt-metal-0.74/tt-metal/tt_metal/hw/firmware/src/tt-1xx/trisck.cc,
0,15,7,TRISC_1,60173,15504821932333,0,0,,,TRISC-KERNEL,ZONE_END,86,/home/nx09/nx09/nebriscv/tt-metal-0.74/tt-metal/tt_metal/hw/firmware/src/tt-1xx/trisck.cc,
0,15,7,TRISC_1,30839,15504821941106,0,0,,,TRISC-FW,ZONE_END,150,/home/nx09/nx09/nebriscv/tt-metal-0.74/tt-metal/tt_metal/hw/firmware/src/tt-1xx/trisc.cc,
0,15,7,TRISC_2,30839,15504821876574,0,0,,,TRISC-FW,ZONE_START,150,/home/nx09/nx09/nebriscv/tt-metal-0.74/tt-metal/tt_metal/hw/firmware/src/tt-1xx/trisc.cc,
0,15,7,TRISC_2,60173,15504821877002,0,0,,,TRISC-KERNEL,ZONE_START,86,/home/nx09/nx09/nebriscv/tt-metal-0.74/tt-metal/tt_metal/hw/firmware/src/tt-1xx/trisck.cc,
0,15,7,TRISC_2,60173,15504821919089,0,0,,,TRISC-KERNEL,ZONE_END,86,/home/nx09/nx09/nebriscv/tt-metal-0.74/tt-metal/tt_metal/hw/firmware/src/tt-1xx/trisck.cc,
0,15,7,TRISC_2,30839,15504821941159,0,0,,,TRISC-FW,ZONE_END,150,/home/nx09/nx09/nebriscv/tt-metal-0.74/tt-metal/tt_metal/hw/firmware/src/tt-1xx/trisc.cc,
0,15,8,BRISC,51381,15504821905175,0,0,,,BRISC-FW,ZONE_START,433,/home/nx09/nx09/nebriscv/tt-metal-0.74/tt-metal/tt_metal/hw/firmware/src/tt-1xx/brisc.cc,
0,15,8,BRISC,31418,15504821905946,0,0,,,BRISC-KERNEL,ZONE_START,77,/home/nx09/nx09/nebriscv/tt-metal-0.74/tt-metal/tt_metal/hw/firmware/src/tt-1xx/brisck.cc,
0,15,8,BRISC,31418,15504821973838,0,0,,,BRISC-KERNEL,ZONE_END,77,/home/nx09/nx09/nebriscv/tt-metal-0.74/tt-metal/tt_metal/hw/firmware/src/tt-1xx/brisck.cc,
0,15,8,BRISC,51381,15504821973931,0,0,,,BRISC-FW,ZONE_END,433,/home/nx09/nx09/nebriscv/tt-metal-0.74/tt-metal/tt_metal/hw/firmware/src/tt-1xx/brisc.cc,
0,15,8,NCRISC,49034,15504821905327,0,0,,,NCRISC-FW,ZONE_START,129,/home/nx09/nx09/nebriscv/tt-metal-0.74/tt-metal/tt_metal/hw/firmware/src/tt-1xx/ncrisc.cc,
0,15,8,NCRISC,13096,15504821905815,0,0,,,NCRISC-KERNEL,ZONE_START,69,/home/nx09/nx09/nebriscv/tt-metal-0.74/tt-metal/tt_metal/hw/firmware/src/tt-1xx/ncrisck.cc,
0,15,8,NCRISC,13096,15504821973242,0,0,,,NCRISC-KERNEL,ZONE_END,69,/home/nx09/nx09/nebriscv/tt-metal-0.74/tt-metal/tt_metal/hw/firmware/src/tt-1xx/ncrisck.cc,
0,15,8,NCRISC,49034,15504821973270,0,0,,,NCRISC-FW,ZONE_END,129,/home/nx09/nx09/nebriscv/tt-metal-0.74/tt-metal/tt_metal/hw/firmware/src/tt-1xx/ncrisc.cc,
0,15,8,TRISC_0,30839,15504821905423,0,0,,,TRISC-FW,ZONE_START,150,/home/nx09/nx09/nebriscv/tt-metal-0.74/tt-metal/tt_metal/hw/firmware/src/tt-1xx/trisc.cc,
0,15,8,TRISC_0,60173,15504821905838,0,0,,,TRISC-KERNEL,ZONE_START,86,/home/nx09/nx09/nebriscv/tt-metal-0.74/tt-metal/tt_metal/hw/firmware/src/tt-1xx/trisck.cc,
0,15,8,TRISC_0,60173,15504821973309,0,0,,,TRISC-KERNEL,ZONE_END,86,/home/nx09/nx09/nebriscv/tt-metal-0.74/tt-metal/tt_metal/hw/firmware/src/tt-1xx/trisck.cc,
0,15,8,TRISC_0,30839,15504821973345,0,0,,,TRISC-FW,ZONE_END,150,/home/nx09/nx09/nebriscv/tt-metal-0.74/tt-metal/tt_metal/hw/firmware/src/tt-1xx/trisc.cc,
0,15,8,TRISC_1,30839,15504821905442,0,0,,,TRISC-FW,ZONE_START,150,/home/nx09/nx09/nebriscv/tt-metal-0.74/tt-metal/tt_metal/hw/firmware/src/tt-1xx/trisc.cc,
0,15,8,TRISC_1,60173,15504821905628,0,0,,,TRISC-KERNEL,ZONE_START,86,/home/nx09/nx09/nebriscv/tt-metal-0.74/tt-metal/tt_metal/hw/firmware/src/tt-1xx/trisck.cc,
0,15,8,TRISC_1,60173,15504821964410,0,0,,,TRISC-KERNEL,ZONE_END,86,/home/nx09/nx09/nebriscv/tt-metal-0.74/tt-metal/tt_metal/hw/firmware/src/tt-1xx/trisck.cc,
0,15,8,TRISC_1,30839,15504821973354,0,0,,,TRISC-FW,ZONE_END,150,/home/nx09/nx09/nebriscv/tt-metal-0.74/tt-metal/tt_metal/hw/firmware/src/tt-1xx/trisc.cc,
0,15,8,TRISC_2,30839,15504821905435,0,0,,,TRISC-FW,ZONE_START,150,/home/nx09/nx09/nebriscv/tt-metal-0.74/tt-metal/tt_metal/hw/firmware/src/tt-1xx/trisc.cc,
0,15,8,TRISC_2,60173,15504821905861,0,0,,,TRISC-KERNEL,ZONE_START,86,/home/nx09/nx09/nebriscv/tt-metal-0.74/tt-metal/tt_metal/hw/firmware/src/tt-1xx/trisck.cc,
0,15,8,TRISC_2,60173,15504821950932,0,0,,,TRISC-KERNEL,ZONE_END,86,/home/nx09/nx09/nebriscv/tt-metal-0.74/tt-metal/tt_metal/hw/firmware/src/tt-1xx/trisck.cc,
0,15,8,TRISC_2,30839,15504821973407,0,0,,,TRISC-FW,ZONE_END,150,/home/nx09/nx09/nebriscv/tt-metal-0.74/tt-metal/tt_metal/hw/firmware/src/tt-1xx/trisc.cc,
0,15,9,BRISC,51381,15504821934671,0,0,,,BRISC-FW,ZONE_START,433,/home/nx09/nx09/nebriscv/tt-metal-0.74/tt-metal/tt_metal/hw/firmware/src/tt-1xx/brisc.cc,
0,15,9,BRISC,31418,15504821935454,0,0,,,BRISC-KERNEL,ZONE_START,77,/home/nx09/nx09/nebriscv/tt-metal-0.74/tt-metal/tt_metal/hw/firmware/src/tt-1xx/brisck.cc,
0,15,9,BRISC,31418,15504822004281,0,0,,,BRISC-KERNEL,ZONE_END,77,/home/nx09/nx09/nebriscv/tt-metal-0.74/tt-metal/tt_metal/hw/firmware/src/tt-1xx/brisck.cc,
0,15,9,BRISC,51381,15504822004375,0,0,,,BRISC-FW,ZONE_END,433,/home/nx09/nx09/nebriscv/tt-metal-0.74/tt-metal/tt_metal/hw/firmware/src/tt-1xx/brisc.cc,
0,15,9,NCRISC,49034,15504821934838,0,0,,,NCRISC-FW,ZONE_START,129,/home/nx09/nx09/nebriscv/tt-metal-0.74/tt-metal/tt_metal/hw/firmware/src/tt-1xx/ncrisc.cc,
0,15,9,NCRISC,13096,15504821935340,0,0,,,NCRISC-KERNEL,ZONE_START,69,/home/nx09/nx09/nebriscv/tt-metal-0.74/tt-metal/tt_metal/hw/firmware/src/tt-1xx/ncrisck.cc,
0,15,9,NCRISC,13096,15504822003690,0,0,,,NCRISC-KERNEL,ZONE_END,69,/home/nx09/nx09/nebriscv/tt-metal-0.74/tt-metal/tt_metal/hw/firmware/src/tt-1xx/ncrisck.cc,
0,15,9,NCRISC,49034,15504822003718,0,0,,,NCRISC-FW,ZONE_END,129,/home/nx09/nx09/nebriscv/tt-metal-0.74/tt-metal/tt_metal/hw/firmware/src/tt-1xx/ncrisc.cc,
0,15,9,TRISC_0,30839,15504821934947,0,0,,,TRISC-FW,ZONE_START,150,/home/nx09/nx09/nebriscv/tt-metal-0.74/tt-metal/tt_metal/hw/firmware/src/tt-1xx/trisc.cc,
0,15,9,TRISC_0,60173,15504821935361,0,0,,,TRISC-KERNEL,ZONE_START,86,/home/nx09/nx09/nebriscv/tt-metal-0.74/tt-metal/tt_metal/hw/firmware/src/tt-1xx/trisck.cc,
0,15,9,TRISC_0,60173,15504822003757,0,0,,,TRISC-KERNEL,ZONE_END,86,/home/nx09/nx09/nebriscv/tt-metal-0.74/tt-metal/tt_metal/hw/firmware/src/tt-1xx/trisck.cc,
0,15,9,TRISC_0,30839,15504822003796,0,0,,,TRISC-FW,ZONE_END,150,/home/nx09/nx09/nebriscv/tt-metal-0.74/tt-metal/tt_metal/hw/firmware/src/tt-1xx/trisc.cc,
0,15,9,TRISC_1,30839,15504821934948,0,0,,,TRISC-FW,ZONE_START,150,/home/nx09/nx09/nebriscv/tt-metal-0.74/tt-metal/tt_metal/hw/firmware/src/tt-1xx/trisc.cc,
0,15,9,TRISC_1,60173,15504821935137,0,0,,,TRISC-KERNEL,ZONE_START,86,/home/nx09/nx09/nebriscv/tt-metal-0.74/tt-metal/tt_metal/hw/firmware/src/tt-1xx/trisck.cc,
0,15,9,TRISC_1,60173,15504821994687,0,0,,,TRISC-KERNEL,ZONE_END,86,/home/nx09/nx09/nebriscv/tt-metal-0.74/tt-metal/tt_metal/hw/firmware/src/tt-1xx/trisck.cc,
0,15,9,TRISC_1,30839,15504822003798,0,0,,,TRISC-FW,ZONE_END,150,/home/nx09/nx09/nebriscv/tt-metal-0.74/tt-metal/tt_metal/hw/firmware/src/tt-1xx/trisc.cc,
0,15,9,TRISC_2,30839,15504821934945,0,0,,,TRISC-FW,ZONE_START,150,/home/nx09/nx09/nebriscv/tt-metal-0.74/tt-metal/tt_metal/hw/firmware/src/tt-1xx/trisc.cc,
0,15,9,TRISC_2,60173,15504821935378,0,0,,,TRISC-KERNEL,ZONE_START,86,/home/nx09/nx09/nebriscv/tt-metal-0.74/tt-metal/tt_metal/hw/firmware/src/tt-1xx/trisck.cc,
0,15,9,TRISC_2,60173,15504821980914,0,0,,,TRISC-KERNEL,ZONE_END,86,/home/nx09/nx09/nebriscv/tt-metal-0.74/tt-metal/tt_metal/hw/firmware/src/tt-1xx/trisck.cc,
0,15,9,TRISC_2,30839,15504822003849,0,0,,,TRISC-FW,ZONE_END,150,/home/nx09/nx09/nebriscv/tt-metal-0.74/tt-metal/tt_metal/hw/firmware/src/tt-1xx/trisc.cc,
0,15,10,BRISC,51381,15504821979348,0,0,,,BRISC-FW,ZONE_START,433,/home/nx09/nx09/nebriscv/tt-metal-0.74/tt-metal/tt_metal/hw/firmware/src/tt-1xx/brisc.cc,
0,15,10,BRISC,31418,15504821980108,0,0,,,BRISC-KERNEL,ZONE_START,77,/home/nx09/nx09/nebriscv/tt-metal-0.74/tt-metal/tt_metal/hw/firmware/src/tt-1xx/brisck.cc,
0,15,10,BRISC,31418,15504822046837,0,0,,,BRISC-KERNEL,ZONE_END,77,/home/nx09/nx09/nebriscv/tt-metal-0.74/tt-metal/tt_metal/hw/firmware/src/tt-1xx/brisck.cc,
0,15,10,BRISC,51381,15504822046930,0,0,,,BRISC-FW,ZONE_END,433,/home/nx09/nx09/nebriscv/tt-metal-0.74/tt-metal/tt_metal/hw/firmware/src/tt-1xx/brisc.cc,
0,15,10,NCRISC,49034,15504821979500,0,0,,,NCRISC-FW,ZONE_START,129,/home/nx09/nx09/nebriscv/tt-metal-0.74/tt-metal/tt_metal/hw/firmware/src/tt-1xx/ncrisc.cc,
0,15,10,NCRISC,13096,15504821979990,0,0,,,NCRISC-KERNEL,ZONE_START,69,/home/nx09/nx09/nebriscv/tt-metal-0.74/tt-metal/tt_metal/hw/firmware/src/tt-1xx/ncrisck.cc,
0,15,10,NCRISC,13096,15504822046241,0,0,,,NCRISC-KERNEL,ZONE_END,69,/home/nx09/nx09/nebriscv/tt-metal-0.74/tt-metal/tt_metal/hw/firmware/src/tt-1xx/ncrisck.cc,
0,15,10,NCRISC,49034,15504822046269,0,0,,,NCRISC-FW,ZONE_END,129,/home/nx09/nx09/nebriscv/tt-metal-0.74/tt-metal/tt_metal/hw/firmware/src/tt-1xx/ncrisc.cc,
0,15,10,TRISC_0,30839,15504821979596,0,0,,,TRISC-FW,ZONE_START,150,/home/nx09/nx09/nebriscv/tt-metal-0.74/tt-metal/tt_metal/hw/firmware/src/tt-1xx/trisc.cc,
0,15,10,TRISC_0,60173,15504821980005,0,0,,,TRISC-KERNEL,ZONE_START,86,/home/nx09/nx09/nebriscv/tt-metal-0.74/tt-metal/tt_metal/hw/firmware/src/tt-1xx/trisck.cc,
0,15,10,TRISC_0,60173,15504822046308,0,0,,,TRISC-KERNEL,ZONE_END,86,/home/nx09/nx09/nebriscv/tt-metal-0.74/tt-metal/tt_metal/hw/firmware/src/tt-1xx/trisck.cc,
0,15,10,TRISC_0,30839,15504822046344,0,0,,,TRISC-FW,ZONE_END,150,/home/nx09/nx09/nebriscv/tt-metal-0.74/tt-metal/tt_metal/hw/firmware/src/tt-1xx/trisc.cc,
0,15,10,TRISC_1,30839,15504821979608,0,0,,,TRISC-FW,ZONE_START,150,/home/nx09/nx09/nebriscv/tt-metal-0.74/tt-metal/tt_metal/hw/firmware/src/tt-1xx/trisc.cc,
0,15,10,TRISC_1,60173,15504821979804,0,0,,,TRISC-KERNEL,ZONE_START,86,/home/nx09/nx09/nebriscv/tt-metal-0.74/tt-metal/tt_metal/hw/firmware/src/tt-1xx/trisck.cc,
0,15,10,TRISC_1,60173,15504822037607,0,0,,,TRISC-KERNEL,ZONE_END,86,/home/nx09/nx09/nebriscv/tt-metal-0.74/tt-metal/tt_metal/hw/firmware/src/tt-1xx/trisck.cc,
0,15,10,TRISC_1,30839,15504822046353,0,0,,,TRISC-FW,ZONE_END,150,/home/nx09/nx09/nebriscv/tt-metal-0.74/tt-metal/tt_metal/hw/firmware/src/tt-1xx/trisc.cc,
0,15,10,TRISC_2,30839,15504821979616,0,0,,,TRISC-FW,ZONE_START,150,/home/nx09/nx09/nebriscv/tt-metal-0.74/tt-metal/tt_metal/hw/firmware/src/tt-1xx/trisc.cc,
0,15,10,TRISC_2,60173,15504821980053,0,0,,,TRISC-KERNEL,ZONE_START,86,/home/nx09/nx09/nebriscv/tt-metal-0.74/tt-metal/tt_metal/hw/firmware/src/tt-1xx/trisck.cc,
0,15,10,TRISC_2,60173,15504822024408,0,0,,,TRISC-KERNEL,ZONE_END,86,/home/nx09/nx09/nebriscv/tt-metal-0.74/tt-metal/tt_metal/hw/firmware/src/tt-1xx/trisck.cc,
0,15,10,TRISC_2,30839,15504822046406,0,0,,,TRISC-FW,ZONE_END,150,/home/nx09/nx09/nebriscv/tt-metal-0.74/tt-metal/tt_metal/hw/firmware/src/tt-1xx/trisc.cc,
0,15,11,BRISC,51381,15504822009229,0,0,,,BRISC-FW,ZONE_START,433,/home/nx09/nx09/nebriscv/tt-metal-0.74/tt-metal/tt_metal/hw/firmware/src/tt-1xx/brisc.cc,
0,15,11,BRISC,31418,15504822010027,0,0,,,BRISC-KERNEL,ZONE_START,77,/home/nx09/nx09/nebriscv/tt-metal-0.74/tt-metal/tt_metal/hw/firmware/src/tt-1xx/brisck.cc,
0,15,11,BRISC,31418,15504822078466,0,0,,,BRISC-KERNEL,ZONE_END,77,/home/nx09/nx09/nebriscv/tt-metal-0.74/tt-metal/tt_metal/hw/firmware/src/tt-1xx/brisck.cc,
0,15,11,BRISC,51381,15504822078564,0,0,,,BRISC-FW,ZONE_END,433,/home/nx09/nx09/nebriscv/tt-metal-0.74/tt-metal/tt_metal/hw/firmware/src/tt-1xx/brisc.cc,
0,15,11,NCRISC,49034,15504822009396,0,0,,,NCRISC-FW,ZONE_START,129,/home/nx09/nx09/nebriscv/tt-metal-0.74/tt-metal/tt_metal/hw/firmware/src/tt-1xx/ncrisc.cc,
0,15,11,NCRISC,13096,15504822009883,0,0,,,NCRISC-KERNEL,ZONE_START,69,/home/nx09/nx09/nebriscv/tt-metal-0.74/tt-metal/tt_metal/hw/firmware/src/tt-1xx/ncrisck.cc,
0,15,11,NCRISC,13096,15504822077977,0,0,,,NCRISC-KERNEL,ZONE_END,69,/home/nx09/nx09/nebriscv/tt-metal-0.74/tt-metal/tt_metal/hw/firmware/src/tt-1xx/ncrisck.cc,
0,15,11,NCRISC,49034,15504822078005,0,0,,,NCRISC-FW,ZONE_END,129,/home/nx09/nx09/nebriscv/tt-metal-0.74/tt-metal/tt_metal/hw/firmware/src/tt-1xx/ncrisc.cc,
0,15,11,TRISC_0,30839,15504822009504,0,0,,,TRISC-FW,ZONE_START,150,/home/nx09/nx09/nebriscv/tt-metal-0.74/tt-metal/tt_metal/hw/firmware/src/tt-1xx/trisc.cc,
0,15,11,TRISC_0,60173,15504822009925,0,0,,,TRISC-KERNEL,ZONE_START,86,/home/nx09/nx09/nebriscv/tt-metal-0.74/tt-metal/tt_metal/hw/firmware/src/tt-1xx/trisck.cc,
0,15,11,TRISC_0,60173,15504822078044,0,0,,,TRISC-KERNEL,ZONE_END,86,/home/nx09/nx09/nebriscv/tt-metal-0.74/tt-metal/tt_metal/hw/firmware/src/tt-1xx/trisck.cc,
0,15,11,TRISC_0,30839,15504822078083,0,0,,,TRISC-FW,ZONE_END,150,/home/nx09/nx09/nebriscv/tt-metal-0.74/tt-metal/tt_metal/hw/firmware/src/tt-1xx/trisc.cc,
0,15,11,TRISC_1,30839,15504822009505,0,0,,,TRISC-FW,ZONE_START,150,/home/nx09/nx09/nebriscv/tt-metal-0.74/tt-metal/tt_metal/hw/firmware/src/tt-1xx/trisc.cc,
0,15,11,TRISC_1,60173,15504822009697,0,0,,,TRISC-KERNEL,ZONE_START,86,/home/nx09/nx09/nebriscv/tt-metal-0.74/tt-metal/tt_metal/hw/firmware/src/tt-1xx/trisck.cc,
0,15,11,TRISC_1,60173,15504822068956,0,0,,,TRISC-KERNEL,ZONE_END,86,/home/nx09/nx09/nebriscv/tt-metal-0.74/tt-metal/tt_metal/hw/firmware/src/tt-1xx/trisck.cc,
0,15,11,TRISC_1,30839,15504822078085,0,0,,,TRISC-FW,ZONE_END,150,/home/nx09/nx09/nebriscv/tt-metal-0.74/tt-metal/tt_metal/hw/firmware/src/tt-1xx/trisc.cc,
0,15,11,TRISC_2,30839,15504822009506,0,0,,,TRISC-FW,ZONE_START,150,/home/nx09/nx09/nebriscv/tt-metal-0.74/tt-metal/tt_metal/hw/firmware/src/tt-1xx/trisc.cc,
0,15,11,TRISC_2,60173,15504822009942,0,0,,,TRISC-KERNEL,ZONE_START,86,/home/nx09/nx09/nebriscv/tt-metal-0.74/tt-metal/tt_metal/hw/firmware/src/tt-1xx/trisck.cc,
0,15,11,TRISC_2,60173,15504822055442,0,0,,,TRISC-KERNEL,ZONE_END,86,/home/nx09/nx09/nebriscv/tt-metal-0.74/tt-metal/tt_metal/hw/firmware/src/tt-1xx/trisck.cc,
0,15,11,TRISC_2,30839,15504822078136,0,0,,,TRISC-FW,ZONE_END,150,/home/nx09/nx09/nebriscv/tt-metal-0.74/tt-metal/tt_metal/hw/firmware/src/tt-1xx/trisc.cc,
0,16,2,BRISC,51381,15504822038662,0,0,,,BRISC-FW,ZONE_START,433,/home/nx09/nx09/nebriscv/tt-metal-0.74/tt-metal/tt_metal/hw/firmware/src/tt-1xx/brisc.cc,
0,16,2,BRISC,31418,15504822039432,0,0,,,BRISC-KERNEL,ZONE_START,77,/home/nx09/nx09/nebriscv/tt-metal-0.74/tt-metal/tt_metal/hw/firmware/src/tt-1xx/brisck.cc,
0,16,2,BRISC,31418,15504822107668,0,0,,,BRISC-KERNEL,ZONE_END,77,/home/nx09/nx09/nebriscv/tt-metal-0.74/tt-metal/tt_metal/hw/firmware/src/tt-1xx/brisck.cc,
0,16,2,BRISC,51381,15504822107761,0,0,,,BRISC-FW,ZONE_END,433,/home/nx09/nx09/nebriscv/tt-metal-0.74/tt-metal/tt_metal/hw/firmware/src/tt-1xx/brisc.cc,
0,16,2,NCRISC,49034,15504822038814,0,0,,,NCRISC-FW,ZONE_START,129,/home/nx09/nx09/nebriscv/tt-metal-0.74/tt-metal/tt_metal/hw/firmware/src/tt-1xx/ncrisc.cc,
0,16,2,NCRISC,13096,15504822039302,0,0,,,NCRISC-KERNEL,ZONE_START,69,/home/nx09/nx09/nebriscv/tt-metal-0.74/tt-metal/tt_metal/hw/firmware/src/tt-1xx/ncrisck.cc,
0,16,2,NCRISC,13096,15504822107072,0,0,,,NCRISC-KERNEL,ZONE_END,69,/home/nx09/nx09/nebriscv/tt-metal-0.74/tt-metal/tt_metal/hw/firmware/src/tt-1xx/ncrisck.cc,
0,16,2,NCRISC,49034,15504822107100,0,0,,,NCRISC-FW,ZONE_END,129,/home/nx09/nx09/nebriscv/tt-metal-0.74/tt-metal/tt_metal/hw/firmware/src/tt-1xx/ncrisc.cc,
0,16,2,TRISC_0,30839,15504822038910,0,0,,,TRISC-FW,ZONE_START,150,/home/nx09/nx09/nebriscv/tt-metal-0.74/tt-metal/tt_metal/hw/firmware/src/tt-1xx/trisc.cc,
0,16,2,TRISC_0,60173,15504822039325,0,0,,,TRISC-KERNEL,ZONE_START,86,/home/nx09/nx09/nebriscv/tt-metal-0.74/tt-metal/tt_metal/hw/firmware/src/tt-1xx/trisck.cc,
0,16,2,TRISC_0,60173,15504822107139,0,0,,,TRISC-KERNEL,ZONE_END,86,/home/nx09/nx09/nebriscv/tt-metal-0.74/tt-metal/tt_metal/hw/firmware/src/tt-1xx/trisck.cc,
0,16,2,TRISC_0,30839,15504822107175,0,0,,,TRISC-FW,ZONE_END,150,/home/nx09/nx09/nebriscv/tt-metal-0.74/tt-metal/tt_metal/hw/firmware/src/tt-1xx/trisc.cc,
0,16,2,TRISC_1,30839,15504822038929,0,0,,,TRISC-FW,ZONE_START,150,/home/nx09/nx09/nebriscv/tt-metal-0.74/tt-metal/tt_metal/hw/firmware/src/tt-1xx/trisc.cc,
0,16,2,TRISC_1,60173,15504822039115,0,0,,,TRISC-KERNEL,ZONE_START,86,/home/nx09/nx09/nebriscv/tt-metal-0.74/tt-metal/tt_metal/hw/firmware/src/tt-1xx/trisck.cc,
0,16,2,TRISC_1,60173,15504822098249,0,0,,,TRISC-KERNEL,ZONE_END,86,/home/nx09/nx09/nebriscv/tt-metal-0.74/tt-metal/tt_metal/hw/firmware/src/tt-1xx/trisck.cc,
0,16,2,TRISC_1,30839,15504822107184,0,0,,,TRISC-FW,ZONE_END,150,/home/nx09/nx09/nebriscv/tt-metal-0.74/tt-metal/tt_metal/hw/firmware/src/tt-1xx/trisc.cc,
0,16,2,TRISC_2,30839,15504822038922,0,0,,,TRISC-FW,ZONE_START,150,/home/nx09/nx09/nebriscv/tt-metal-0.74/tt-metal/tt_metal/hw/firmware/src/tt-1xx/trisc.cc,
0,16,2,TRISC_2,60173,15504822039348,0,0,,,TRISC-KERNEL,ZONE_START,86,/home/nx09/nx09/nebriscv/tt-metal-0.74/tt-metal/tt_metal/hw/firmware/src/tt-1xx/trisck.cc,
0,16,2,TRISC_2,60173,15504822084861,0,0,,,TRISC-KERNEL,ZONE_END,86,/home/nx09/nx09/nebriscv/tt-metal-0.74/tt-metal/tt_metal/hw/firmware/src/tt-1xx/trisck.cc,
0,16,2,TRISC_2,30839,15504822107237,0,0,,,TRISC-FW,ZONE_END,150,/home/nx09/nx09/nebriscv/tt-metal-0.74/tt-metal/tt_metal/hw/firmware/src/tt-1xx/trisc.cc,
0,16,3,BRISC,51381,15504822067807,0,0,,,BRISC-FW,ZONE_START,433,/home/nx09/nx09/nebriscv/tt-metal-0.74/tt-metal/tt_metal/hw/firmware/src/tt-1xx/brisc.cc,
0,16,3,BRISC,31418,15504822068567,0,0,,,BRISC-KERNEL,ZONE_START,77,/home/nx09/nx09/nebriscv/tt-metal-0.74/tt-metal/tt_metal/hw/firmware/src/tt-1xx/brisck.cc,
0,16,3,BRISC,31418,15504822137271,0,0,,,BRISC-KERNEL,ZONE_END,77,/home/nx09/nx09/nebriscv/tt-metal-0.74/tt-metal/tt_metal/hw/firmware/src/tt-1xx/brisck.cc,
0,16,3,BRISC,51381,15504822137364,0,0,,,BRISC-FW,ZONE_END,433,/home/nx09/nx09/nebriscv/tt-metal-0.74/tt-metal/tt_metal/hw/firmware/src/tt-1xx/brisc.cc,
0,16,3,NCRISC,49034,15504822067959,0,0,,,NCRISC-FW,ZONE_START,129,/home/nx09/nx09/nebriscv/tt-metal-0.74/tt-metal/tt_metal/hw/firmware/src/tt-1xx/ncrisc.cc,
0,16,3,NCRISC,13096,15504822068449,0,0,,,NCRISC-KERNEL,ZONE_START,69,/home/nx09/nx09/nebriscv/tt-metal-0.74/tt-metal/tt_metal/hw/firmware/src/tt-1xx/ncrisck.cc,
0,16,3,NCRISC,13096,15504822136675,0,0,,,NCRISC-KERNEL,ZONE_END,69,/home/nx09/nx09/nebriscv/tt-metal-0.74/tt-metal/tt_metal/hw/firmware/src/tt-1xx/ncrisck.cc,
0,16,3,NCRISC,49034,15504822136703,0,0,,,NCRISC-FW,ZONE_END,129,/home/nx09/nx09/nebriscv/tt-metal-0.74/tt-metal/tt_metal/hw/firmware/src/tt-1xx/ncrisc.cc,
0,16,3,TRISC_0,30839,15504822068055,0,0,,,TRISC-FW,ZONE_START,150,/home/nx09/nx09/nebriscv/tt-metal-0.74/tt-metal/tt_metal/hw/firmware/src/tt-1xx/trisc.cc,
0,16,3,TRISC_0,60173,15504822068464,0,0,,,TRISC-KERNEL,ZONE_START,86,/home/nx09/nx09/nebriscv/tt-metal-0.74/tt-metal/tt_metal/hw/firmware/src/tt-1xx/trisck.cc,
0,16,3,TRISC_0,60173,15504822136742,0,0,,,TRISC-KERNEL,ZONE_END,86,/home/nx09/nx09/nebriscv/tt-metal-0.74/tt-metal/tt_metal/hw/firmware/src/tt-1xx/trisck.cc,
0,16,3,TRISC_0,30839,15504822136778,0,0,,,TRISC-FW,ZONE_END,150,/home/nx09/nx09/nebriscv/tt-metal-0.74/tt-metal/tt_metal/hw/firmware/src/tt-1xx/trisc.cc,
0,16,3,TRISC_1,30839,15504822068067,0,0,,,TRISC-FW,ZONE_START,150,/home/nx09/nx09/nebriscv/tt-metal-0.74/tt-metal/tt_metal/hw/firmware/src/tt-1xx/trisc.cc,
0,16,3,TRISC_1,60173,15504822068263,0,0,,,TRISC-KERNEL,ZONE_START,86,/home/nx09/nx09/nebriscv/tt-metal-0.74/tt-metal/tt_metal/hw/firmware/src/tt-1xx/trisck.cc,
0,16,3,TRISC_1,60173,15504822127726,0,0,,,TRISC-KERNEL,ZONE_END,86,/home/nx09/nx09/nebriscv/tt-metal-0.74/tt-metal/tt_metal/hw/firmware/src/tt-1xx/trisck.cc,
0,16,3,TRISC_1,30839,15504822136787,0,0,,,TRISC-FW,ZONE_END,150,/home/nx09/nx09/nebriscv/tt-metal-0.74/tt-metal/tt_metal/hw/firmware/src/tt-1xx/trisc.cc,
0,16,3,TRISC_2,30839,15504822068075,0,0,,,TRISC-FW,ZONE_START,150,/home/nx09/nx09/nebriscv/tt-metal-0.74/tt-metal/tt_metal/hw/firmware/src/tt-1xx/trisc.cc,
0,16,3,TRISC_2,60173,15504822068512,0,0,,,TRISC-KERNEL,ZONE_START,86,/home/nx09/nx09/nebriscv/tt-metal-0.74/tt-metal/tt_metal/hw/firmware/src/tt-1xx/trisck.cc,
0,16,3,TRISC_2,60173,15504822114230,0,0,,,TRISC-KERNEL,ZONE_END,86,/home/nx09/nx09/nebriscv/tt-metal-0.74/tt-metal/tt_metal/hw/firmware/src/tt-1xx/trisck.cc,
0,16,3,TRISC_2,30839,15504822136840,0,0,,,TRISC-FW,ZONE_END,150,/home/nx09/nx09/nebriscv/tt-metal-0.74/tt-metal/tt_metal/hw/firmware/src/tt-1xx/trisc.cc,
0,16,4,BRISC,51381,15504822096745,0,0,,,BRISC-FW,ZONE_START,433,/home/nx09/nx09/nebriscv/tt-metal-0.74/tt-metal/tt_metal/hw/firmware/src/tt-1xx/brisc.cc,
0,16,4,BRISC,31418,15504822097515,0,0,,,BRISC-KERNEL,ZONE_START,77,/home/nx09/nx09/nebriscv/tt-metal-0.74/tt-metal/tt_metal/hw/firmware/src/tt-1xx/brisck.cc,
0,16,4,BRISC,31418,15504822162256,0,0,,,BRISC-KERNEL,ZONE_END,77,/home/nx09/nx09/nebriscv/tt-metal-0.74/tt-metal/tt_metal/hw/firmware/src/tt-1xx/brisck.cc,
0,16,4,BRISC,51381,15504822162349,0,0,,,BRISC-FW,ZONE_END,433,/home/nx09/nx09/nebriscv/tt-metal-0.74/tt-metal/tt_metal/hw/firmware/src/tt-1xx/brisc.cc,
0,16,4,NCRISC,49034,15504822096897,0,0,,,NCRISC-FW,ZONE_START,129,/home/nx09/nx09/nebriscv/tt-metal-0.74/tt-metal/tt_metal/hw/firmware/src/tt-1xx/ncrisc.cc,
0,16,4,NCRISC,13096,15504822097385,0,0,,,NCRISC-KERNEL,ZONE_START,69,/home/nx09/nx09/nebriscv/tt-metal-0.74/tt-metal/tt_metal/hw/firmware/src/tt-1xx/ncrisck.cc,
0,16,4,NCRISC,13096,15504822161660,0,0,,,NCRISC-KERNEL,ZONE_END,69,/home/nx09/nx09/nebriscv/tt-metal-0.74/tt-metal/tt_metal/hw/firmware/src/tt-1xx/ncrisck.cc,
0,16,4,NCRISC,49034,15504822161688,0,0,,,NCRISC-FW,ZONE_END,129,/home/nx09/nx09/nebriscv/tt-metal-0.74/tt-metal/tt_metal/hw/firmware/src/tt-1xx/ncrisc.cc,
0,16,4,TRISC_0,30839,15504822096993,0,0,,,TRISC-FW,ZONE_START,150,/home/nx09/nx09/nebriscv/tt-metal-0.74/tt-metal/tt_metal/hw/firmware/src/tt-1xx/trisc.cc,
0,16,4,TRISC_0,60173,15504822097408,0,0,,,TRISC-KERNEL,ZONE_START,86,/home/nx09/nx09/nebriscv/tt-metal-0.74/tt-metal/tt_metal/hw/firmware/src/tt-1xx/trisck.cc,
0,16,4,TRISC_0,60173,15504822161727,0,0,,,TRISC-KERNEL,ZONE_END,86,/home/nx09/nx09/nebriscv/tt-metal-0.74/tt-metal/tt_metal/hw/firmware/src/tt-1xx/trisck.cc,
0,16,4,TRISC_0,30839,15504822161763,0,0,,,TRISC-FW,ZONE_END,150,/home/nx09/nx09/nebriscv/tt-metal-0.74/tt-metal/tt_metal/hw/firmware/src/tt-1xx/trisc.cc,
0,16,4,TRISC_1,30839,15504822097012,0,0,,,TRISC-FW,ZONE_START,150,/home/nx09/nx09/nebriscv/tt-metal-0.74/tt-metal/tt_metal/hw/firmware/src/tt-1xx/trisc.cc,
0,16,4,TRISC_1,60173,15504822097198,0,0,,,TRISC-KERNEL,ZONE_START,86,/home/nx09/nx09/nebriscv/tt-metal-0.74/tt-metal/tt_metal/hw/firmware/src/tt-1xx/trisck.cc,
0,16,4,TRISC_1,60173,15504822152918,0,0,,,TRISC-KERNEL,ZONE_END,86,/home/nx09/nx09/nebriscv/tt-metal-0.74/tt-metal/tt_metal/hw/firmware/src/tt-1xx/trisck.cc,
0,16,4,TRISC_1,30839,15504822161772,0,0,,,TRISC-FW,ZONE_END,150,/home/nx09/nx09/nebriscv/tt-metal-0.74/tt-metal/tt_metal/hw/firmware/src/tt-1xx/trisc.cc,
0,16,4,TRISC_2,30839,15504822097005,0,0,,,TRISC-FW,ZONE_START,150,/home/nx09/nx09/nebriscv/tt-metal-0.74/tt-metal/tt_metal/hw/firmware/src/tt-1xx/trisc.cc,
0,16,4,TRISC_2,60173,15504822097431,0,0,,,TRISC-KERNEL,ZONE_START,86,/home/nx09/nx09/nebriscv/tt-metal-0.74/tt-metal/tt_metal/hw/firmware/src/tt-1xx/trisck.cc,
0,16,4,TRISC_2,60173,15504822139881,0,0,,,TRISC-KERNEL,ZONE_END,86,/home/nx09/nx09/nebriscv/tt-metal-0.74/tt-metal/tt_metal/hw/firmware/src/tt-1xx/trisck.cc,
0,16,4,TRISC_2,30839,15504822161825,0,0,,,TRISC-FW,ZONE_END,150,/home/nx09/nx09/nebriscv/tt-metal-0.74/tt-metal/tt_metal/hw/firmware/src/tt-1xx/trisc.cc,
0,16,5,BRISC,51381,15504822125475,0,0,,,BRISC-FW,ZONE_START,433,/home/nx09/nx09/nebriscv/tt-metal-0.74/tt-metal/tt_metal/hw/firmware/src/tt-1xx/brisc.cc,
0,16,5,BRISC,31418,15504822126257,0,0,,,BRISC-KERNEL,ZONE_START,77,/home/nx09/nx09/nebriscv/tt-metal-0.74/tt-metal/tt_metal/hw/firmware/src/tt-1xx/brisck.cc,
0,16,5,BRISC,31418,15504822194797,0,0,,,BRISC-KERNEL,ZONE_END,77,/home/nx09/nx09/nebriscv/tt-metal-0.74/tt-metal/tt_metal/hw/firmware/src/tt-1xx/brisck.cc,
0,16,5,BRISC,51381,15504822194894,0,0,,,BRISC-FW,ZONE_END,433,/home/nx09/nx09/nebriscv/tt-metal-0.74/tt-metal/tt_metal/hw/firmware/src/tt-1xx/brisc.cc,
0,16,5,NCRISC,49034,15504822125628,0,0,,,NCRISC-FW,ZONE_START,129,/home/nx09/nx09/nebriscv/tt-metal-0.74/tt-metal/tt_metal/hw/firmware/src/tt-1xx/ncrisc.cc,
0,16,5,NCRISC,13096,15504822126107,0,0,,,NCRISC-KERNEL,ZONE_START,69,/home/nx09/nx09/nebriscv/tt-metal-0.74/tt-metal/tt_metal/hw/firmware/src/tt-1xx/ncrisck.cc,
0,16,5,NCRISC,13096,15504822194204,0,0,,,NCRISC-KERNEL,ZONE_END,69,/home/nx09/nx09/nebriscv/tt-metal-0.74/tt-metal/tt_metal/hw/firmware/src/tt-1xx/ncrisck.cc,
0,16,5,NCRISC,49034,15504822194233,0,0,,,NCRISC-FW,ZONE_END,129,/home/nx09/nx09/nebriscv/tt-metal-0.74/tt-metal/tt_metal/hw/firmware/src/tt-1xx/ncrisc.cc,
0,16,5,TRISC_0,30839,15504822125735,0,0,,,TRISC-FW,ZONE_START,150,/home/nx09/nx09/nebriscv/tt-metal-0.74/tt-metal/tt_metal/hw/firmware/src/tt-1xx/trisc.cc,
0,16,5,TRISC_0,60173,15504822126152,0,0,,,TRISC-KERNEL,ZONE_START,86,/home/nx09/nx09/nebriscv/tt-metal-0.74/tt-metal/tt_metal/hw/firmware/src/tt-1xx/trisck.cc,
0,16,5,TRISC_0,60173,15504822194266,0,0,,,TRISC-KERNEL,ZONE_END,86,/home/nx09/nx09/nebriscv/tt-metal-0.74/tt-metal/tt_metal/hw/firmware/src/tt-1xx/trisck.cc,
0,16,5,TRISC_0,30839,15504822194303,0,0,,,TRISC-FW,ZONE_END,150,/home/nx09/nx09/nebriscv/tt-metal-0.74/tt-metal/tt_metal/hw/firmware/src/tt-1xx/trisc.cc,
0,16,5,TRISC_1,30839,15504822125743,0,0,,,TRISC-FW,ZONE_START,150,/home/nx09/nx09/nebriscv/tt-metal-0.74/tt-metal/tt_metal/hw/firmware/src/tt-1xx/trisc.cc,
0,16,5,TRISC_1,60173,15504822125924,0,0,,,TRISC-KERNEL,ZONE_START,86,/home/nx09/nx09/nebriscv/tt-metal-0.74/tt-metal/tt_metal/hw/firmware/src/tt-1xx/trisck.cc,
0,16,5,TRISC_1,60173,15504822185268,0,0,,,TRISC-KERNEL,ZONE_END,86,/home/nx09/nx09/nebriscv/tt-metal-0.74/tt-metal/tt_metal/hw/firmware/src/tt-1xx/trisck.cc,
0,16,5,TRISC_1,30839,15504822194311,0,0,,,TRISC-FW,ZONE_END,150,/home/nx09/nx09/nebriscv/tt-metal-0.74/tt-metal/tt_metal/hw/firmware/src/tt-1xx/trisc.cc,
0,16,5,TRISC_2,30839,15504822125748,0,0,,,TRISC-FW,ZONE_START,150,/home/nx09/nx09/nebriscv/tt-metal-0.74/tt-metal/tt_metal/hw/firmware/src/tt-1xx/trisc.cc,
0,16,5,TRISC_2,60173,15504822126178,0,0,,,TRISC-KERNEL,ZONE_START,86,/home/nx09/nx09/nebriscv/tt-metal-0.74/tt-metal/tt_metal/hw/firmware/src/tt-1xx/trisck.cc,
0,16,5,TRISC_2,60173,15504822171763,0,0,,,TRISC-KERNEL,ZONE_END,86,/home/nx09/nx09/nebriscv/tt-metal-0.74/tt-metal/tt_metal/hw/firmware/src/tt-1xx/trisck.cc,
0,16,5,TRISC_2,30839,15504822194359,0,0,,,TRISC-FW,ZONE_END,150,/home/nx09/nx09/nebriscv/tt-metal-0.74/tt-metal/tt_metal/hw/firmware/src/tt-1xx/trisc.cc,
0,16,6,BRISC,51381,15504822154222,0,0,,,BRISC-FW,ZONE_START,433,/home/nx09/nx09/nebriscv/tt-metal-0.74/tt-metal/tt_metal/hw/firmware/src/tt-1xx/brisc.cc,
0,16,6,BRISC,31418,15504822155003,0,0,,,BRISC-KERNEL,ZONE_START,77,/home/nx09/nx09/nebriscv/tt-metal-0.74/tt-metal/tt_metal/hw/firmware/src/tt-1xx/brisck.cc,
0,16,6,BRISC,31418,15504822223743,0,0,,,BRISC-KERNEL,ZONE_END,77,/home/nx09/nx09/nebriscv/tt-metal-0.74/tt-metal/tt_metal/hw/firmware/src/tt-1xx/brisck.cc,
0,16,6,BRISC,51381,15504822223841,0,0,,,BRISC-FW,ZONE_END,433,/home/nx09/nx09/nebriscv/tt-metal-0.74/tt-metal/tt_metal/hw/firmware/src/tt-1xx/brisc.cc,
0,16,6,NCRISC,49034,15504822154375,0,0,,,NCRISC-FW,ZONE_START,129,/home/nx09/nx09/nebriscv/tt-metal-0.74/tt-metal/tt_metal/hw/firmware/src/tt-1xx/ncrisc.cc,
0,16,6,NCRISC,13096,15504822154854,0,0,,,NCRISC-KERNEL,ZONE_START,69,/home/nx09/nx09/nebriscv/tt-metal-0.74/tt-metal/tt_metal/hw/firmware/src/tt-1xx/ncrisck.cc,
0,16,6,NCRISC,13096,15504822223256,0,0,,,NCRISC-KERNEL,ZONE_END,69,/home/nx09/nx09/nebriscv/tt-metal-0.74/tt-metal/tt_metal/hw/firmware/src/tt-1xx/ncrisck.cc,
0,16,6,NCRISC,49034,15504822223285,0,0,,,NCRISC-FW,ZONE_END,129,/home/nx09/nx09/nebriscv/tt-metal-0.74/tt-metal/tt_metal/hw/firmware/src/tt-1xx/ncrisc.cc,
0,16,6,TRISC_0,30839,15504822154482,0,0,,,TRISC-FW,ZONE_START,150,/home/nx09/nx09/nebriscv/tt-metal-0.74/tt-metal/tt_metal/hw/firmware/src/tt-1xx/trisc.cc,
0,16,6,TRISC_0,60173,15504822154899,0,0,,,TRISC-KERNEL,ZONE_START,86,/home/nx09/nx09/nebriscv/tt-metal-0.74/tt-metal/tt_metal/hw/firmware/src/tt-1xx/trisck.cc,
0,16,6,TRISC_0,60173,15504822223318,0,0,,,TRISC-KERNEL,ZONE_END,86,/home/nx09/nx09/nebriscv/tt-metal-0.74/tt-metal/tt_metal/hw/firmware/src/tt-1xx/trisck.cc,
0,16,6,TRISC_0,30839,15504822223355,0,0,,,TRISC-FW,ZONE_END,150,/home/nx09/nx09/nebriscv/tt-metal-0.74/tt-metal/tt_metal/hw/firmware/src/tt-1xx/trisc.cc,
0,16,6,TRISC_1,30839,15504822154490,0,0,,,TRISC-FW,ZONE_START,150,/home/nx09/nx09/nebriscv/tt-metal-0.74/tt-metal/tt_metal/hw/firmware/src/tt-1xx/trisc.cc,
0,16,6,TRISC_1,60173,15504822154671,0,0,,,TRISC-KERNEL,ZONE_START,86,/home/nx09/nx09/nebriscv/tt-metal-0.74/tt-metal/tt_metal/hw/firmware/src/tt-1xx/trisck.cc,
0,16,6,TRISC_1,60173,15504822214257,0,0,,,TRISC-KERNEL,ZONE_END,86,/home/nx09/nx09/nebriscv/tt-metal-0.74/tt-metal/tt_metal/hw/firmware/src/tt-1xx/trisck.cc,
0,16,6,TRISC_1,30839,15504822223363,0,0,,,TRISC-FW,ZONE_END,150,/home/nx09/nx09/nebriscv/tt-metal-0.74/tt-metal/tt_metal/hw/firmware/src/tt-1xx/trisc.cc,
0,16,6,TRISC_2,30839,15504822154495,0,0,,,TRISC-FW,ZONE_START,150,/home/nx09/nx09/nebriscv/tt-metal-0.74/tt-metal/tt_metal/hw/firmware/src/tt-1xx/trisc.cc,
0,16,6,TRISC_2,60173,15504822154925,0,0,,,TRISC-KERNEL,ZONE_START,86,/home/nx09/nx09/nebriscv/tt-metal-0.74/tt-metal/tt_metal/hw/firmware/src/tt-1xx/trisck.cc,
0,16,6,TRISC_2,60173,15504822200717,0,0,,,TRISC-KERNEL,ZONE_END,86,/home/nx09/nx09/nebriscv/tt-metal-0.74/tt-metal/tt_metal/hw/firmware/src/tt-1xx/trisck.cc,
0,16,6,TRISC_2,30839,15504822223411,0,0,,,TRISC-FW,ZONE_END,150,/home/nx09/nx09/nebriscv/tt-metal-0.74/tt-metal/tt_metal/hw/firmware/src/tt-1xx/trisc.cc,
0,16,7,BRISC,51381,15504822183247,0,0,,,BRISC-FW,ZONE_START,433,/home/nx09/nx09/nebriscv/tt-metal-0.74/tt-metal/tt_metal/hw/firmware/src/tt-1xx/brisc.cc,
0,16,7,BRISC,31418,15504822184030,0,0,,,BRISC-KERNEL,ZONE_START,77,/home/nx09/nx09/nebriscv/tt-metal-0.74/tt-metal/tt_metal/hw/firmware/src/tt-1xx/brisck.cc,
0,16,7,BRISC,31418,15504822248782,0,0,,,BRISC-KERNEL,ZONE_END,77,/home/nx09/nx09/nebriscv/tt-metal-0.74/tt-metal/tt_metal/hw/firmware/src/tt-1xx/brisck.cc,
0,16,7,BRISC,51381,15504822248875,0,0,,,BRISC-FW,ZONE_END,433,/home/nx09/nx09/nebriscv/tt-metal-0.74/tt-metal/tt_metal/hw/firmware/src/tt-1xx/brisc.cc,
0,16,7,NCRISC,49034,15504822183402,0,0,,,NCRISC-FW,ZONE_START,129,/home/nx09/nx09/nebriscv/tt-metal-0.74/tt-metal/tt_metal/hw/firmware/src/tt-1xx/ncrisc.cc,
0,16,7,NCRISC,13096,15504822183900,0,0,,,NCRISC-KERNEL,ZONE_START,69,/home/nx09/nx09/nebriscv/tt-metal-0.74/tt-metal/tt_metal/hw/firmware/src/tt-1xx/ncrisck.cc,
0,16,7,NCRISC,13096,15504822248186,0,0,,,NCRISC-KERNEL,ZONE_END,69,/home/nx09/nx09/nebriscv/tt-metal-0.74/tt-metal/tt_metal/hw/firmware/src/tt-1xx/ncrisck.cc,
0,16,7,NCRISC,49034,15504822248214,0,0,,,NCRISC-FW,ZONE_END,129,/home/nx09/nx09/nebriscv/tt-metal-0.74/tt-metal/tt_metal/hw/firmware/src/tt-1xx/ncrisc.cc,
0,16,7,TRISC_0,30839,15504822183493,0,0,,,TRISC-FW,ZONE_START,150,/home/nx09/nx09/nebriscv/tt-metal-0.74/tt-metal/tt_metal/hw/firmware/src/tt-1xx/trisc.cc,
0,16,7,TRISC_0,60173,15504822183914,0,0,,,TRISC-KERNEL,ZONE_START,86,/home/nx09/nx09/nebriscv/tt-metal-0.74/tt-metal/tt_metal/hw/firmware/src/tt-1xx/trisck.cc,
0,16,7,TRISC_0,60173,15504822248253,0,0,,,TRISC-KERNEL,ZONE_END,86,/home/nx09/nx09/nebriscv/tt-metal-0.74/tt-metal/tt_metal/hw/firmware/src/tt-1xx/trisck.cc,
0,16,7,TRISC_0,30839,15504822248289,0,0,,,TRISC-FW,ZONE_END,150,/home/nx09/nx09/nebriscv/tt-metal-0.74/tt-metal/tt_metal/hw/firmware/src/tt-1xx/trisc.cc,
0,16,7,TRISC_1,30839,15504822183507,0,0,,,TRISC-FW,ZONE_START,150,/home/nx09/nx09/nebriscv/tt-metal-0.74/tt-metal/tt_metal/hw/firmware/src/tt-1xx/trisc.cc,
0,16,7,TRISC_1,60173,15504822183695,0,0,,,TRISC-KERNEL,ZONE_START,86,/home/nx09/nx09/nebriscv/tt-metal-0.74/tt-metal/tt_metal/hw/firmware/src/tt-1xx/trisck.cc,
0,16,7,TRISC_1,60173,15504822240380,0,0,,,TRISC-KERNEL,ZONE_END,86,/home/nx09/nx09/nebriscv/tt-metal-0.74/tt-metal/tt_metal/hw/firmware/src/tt-1xx/trisck.cc,
0,16,7,TRISC_1,30839,15504822248298,0,0,,,TRISC-FW,ZONE_END,150,/home/nx09/nx09/nebriscv/tt-metal-0.74/tt-metal/tt_metal/hw/firmware/src/tt-1xx/trisc.cc,
0,16,7,TRISC_2,30839,15504822183516,0,0,,,TRISC-FW,ZONE_START,150,/home/nx09/nx09/nebriscv/tt-metal-0.74/tt-metal/tt_metal/hw/firmware/src/tt-1xx/trisc.cc,
0,16,7,TRISC_2,60173,15504822183945,0,0,,,TRISC-KERNEL,ZONE_START,86,/home/nx09/nx09/nebriscv/tt-metal-0.74/tt-metal/tt_metal/hw/firmware/src/tt-1xx/trisck.cc,
0,16,7,TRISC_2,60173,15504822228513,0,0,,,TRISC-KERNEL,ZONE_END,86,/home/nx09/nx09/nebriscv/tt-metal-0.74/tt-metal/tt_metal/hw/firmware/src/tt-1xx/trisck.cc,
0,16,7,TRISC_2,30839,15504822248351,0,0,,,TRISC-FW,ZONE_END,150,/home/nx09/nx09/nebriscv/tt-metal-0.74/tt-metal/tt_metal/hw/firmware/src/tt-1xx/trisc.cc,
0,16,8,BRISC,51381,15504822212738,0,0,,,BRISC-FW,ZONE_START,433,/home/nx09/nx09/nebriscv/tt-metal-0.74/tt-metal/tt_metal/hw/firmware/src/tt-1xx/brisc.cc,
0,16,8,BRISC,31418,15504822213509,0,0,,,BRISC-KERNEL,ZONE_START,77,/home/nx09/nx09/nebriscv/tt-metal-0.74/tt-metal/tt_metal/hw/firmware/src/tt-1xx/brisck.cc,
0,16,8,BRISC,31418,15504822282867,0,0,,,BRISC-KERNEL,ZONE_END,77,/home/nx09/nx09/nebriscv/tt-metal-0.74/tt-metal/tt_metal/hw/firmware/src/tt-1xx/brisck.cc,
0,16,8,BRISC,51381,15504822282960,0,0,,,BRISC-FW,ZONE_END,433,/home/nx09/nx09/nebriscv/tt-metal-0.74/tt-metal/tt_metal/hw/firmware/src/tt-1xx/brisc.cc,
0,16,8,NCRISC,49034,15504822212890,0,0,,,NCRISC-FW,ZONE_START,129,/home/nx09/nx09/nebriscv/tt-metal-0.74/tt-metal/tt_metal/hw/firmware/src/tt-1xx/ncrisc.cc,
0,16,8,NCRISC,13096,15504822213378,0,0,,,NCRISC-KERNEL,ZONE_START,69,/home/nx09/nx09/nebriscv/tt-metal-0.74/tt-metal/tt_metal/hw/firmware/src/tt-1xx/ncrisck.cc,
0,16,8,NCRISC,13096,15504822282271,0,0,,,NCRISC-KERNEL,ZONE_END,69,/home/nx09/nx09/nebriscv/tt-metal-0.74/tt-metal/tt_metal/hw/firmware/src/tt-1xx/ncrisck.cc,
0,16,8,NCRISC,49034,15504822282299,0,0,,,NCRISC-FW,ZONE_END,129,/home/nx09/nx09/nebriscv/tt-metal-0.74/tt-metal/tt_metal/hw/firmware/src/tt-1xx/ncrisc.cc,
0,16,8,TRISC_0,30839,15504822212986,0,0,,,TRISC-FW,ZONE_START,150,/home/nx09/nx09/nebriscv/tt-metal-0.74/tt-metal/tt_metal/hw/firmware/src/tt-1xx/trisc.cc,
0,16,8,TRISC_0,60173,15504822213401,0,0,,,TRISC-KERNEL,ZONE_START,86,/home/nx09/nx09/nebriscv/tt-metal-0.74/tt-metal/tt_metal/hw/firmware/src/tt-1xx/trisck.cc,
0,16,8,TRISC_0,60173,15504822282338,0,0,,,TRISC-KERNEL,ZONE_END,86,/home/nx09/nx09/nebriscv/tt-metal-0.74/tt-metal/tt_metal/hw/firmware/src/tt-1xx/trisck.cc,
0,16,8,TRISC_0,30839,15504822282374,0,0,,,TRISC-FW,ZONE_END,150,/home/nx09/nx09/nebriscv/tt-metal-0.74/tt-metal/tt_metal/hw/firmware/src/tt-1xx/trisc.cc,
0,16,8,TRISC_1,30839,15504822213005,0,0,,,TRISC-FW,ZONE_START,150,/home/nx09/nx09/nebriscv/tt-metal-0.74/tt-metal/tt_metal/hw/firmware/src/tt-1xx/trisc.cc,
0,16,8,TRISC_1,60173,15504822213191,0,0,,,TRISC-KERNEL,ZONE_START,86,/home/nx09/nx09/nebriscv/tt-metal-0.74/tt-metal/tt_metal/hw/firmware/src/tt-1xx/trisck.cc,
0,16,8,TRISC_1,60173,15504822273160,0,0,,,TRISC-KERNEL,ZONE_END,86,/home/nx09/nx09/nebriscv/tt-metal-0.74/tt-metal/tt_metal/hw/firmware/src/tt-1xx/trisck.cc,
0,16,8,TRISC_1,30839,15504822282383,0,0,,,TRISC-FW,ZONE_END,150,/home/nx09/nx09/nebriscv/tt-metal-0.74/tt-metal/tt_metal/hw/firmware/src/tt-1xx/trisc.cc,
0,16,8,TRISC_2,30839,15504822212998,0,0,,,TRISC-FW,ZONE_START,150,/home/nx09/nx09/nebriscv/tt-metal-0.74/tt-metal/tt_metal/hw/firmware/src/tt-1xx/trisc.cc,
0,16,8,TRISC_2,60173,15504822213424,0,0,,,TRISC-KERNEL,ZONE_START,86,/home/nx09/nx09/nebriscv/tt-metal-0.74/tt-metal/tt_metal/hw/firmware/src/tt-1xx/trisck.cc,
0,16,8,TRISC_2,60173,15504822259404,0,0,,,TRISC-KERNEL,ZONE_END,86,/home/nx09/nx09/nebriscv/tt-metal-0.74/tt-metal/tt_metal/hw/firmware/src/tt-1xx/trisck.cc,
0,16,8,TRISC_2,30839,15504822282436,0,0,,,TRISC-FW,ZONE_END,150,/home/nx09/nx09/nebriscv/tt-metal-0.74/tt-metal/tt_metal/hw/firmware/src/tt-1xx/trisc.cc,
0,16,9,BRISC,51381,15504822242131,0,0,,,BRISC-FW,ZONE_START,433,/home/nx09/nx09/nebriscv/tt-metal-0.74/tt-metal/tt_metal/hw/firmware/src/tt-1xx/brisc.cc,
0,16,9,BRISC,31418,15504822242927,0,0,,,BRISC-KERNEL,ZONE_START,77,/home/nx09/nx09/nebriscv/tt-metal-0.74/tt-metal/tt_metal/hw/firmware/src/tt-1xx/brisck.cc,
0,16,9,BRISC,31418,15504822311245,0,0,,,BRISC-KERNEL,ZONE_END,77,/home/nx09/nx09/nebriscv/tt-metal-0.74/tt-metal/tt_metal/hw/firmware/src/tt-1xx/brisck.cc,
0,16,9,BRISC,51381,15504822311339,0,0,,,BRISC-FW,ZONE_END,433,/home/nx09/nx09/nebriscv/tt-metal-0.74/tt-metal/tt_metal/hw/firmware/src/tt-1xx/brisc.cc,
0,16,9,NCRISC,49034,15504822242292,0,0,,,NCRISC-FW,ZONE_START,129,/home/nx09/nx09/nebriscv/tt-metal-0.74/tt-metal/tt_metal/hw/firmware/src/tt-1xx/ncrisc.cc,
0,16,9,NCRISC,13096,15504822242778,0,0,,,NCRISC-KERNEL,ZONE_START,69,/home/nx09/nx09/nebriscv/tt-metal-0.74/tt-metal/tt_metal/hw/firmware/src/tt-1xx/ncrisck.cc,
0,16,9,NCRISC,13096,15504822310654,0,0,,,NCRISC-KERNEL,ZONE_END,69,/home/nx09/nx09/nebriscv/tt-metal-0.74/tt-metal/tt_metal/hw/firmware/src/tt-1xx/ncrisck.cc,
0,16,9,NCRISC,49034,15504822310682,0,0,,,NCRISC-FW,ZONE_END,129,/home/nx09/nx09/nebriscv/tt-metal-0.74/tt-metal/tt_metal/hw/firmware/src/tt-1xx/ncrisc.cc,
0,16,9,TRISC_0,30839,15504822242392,0,0,,,TRISC-FW,ZONE_START,150,/home/nx09/nx09/nebriscv/tt-metal-0.74/tt-metal/tt_metal/hw/firmware/src/tt-1xx/trisc.cc,
0,16,9,TRISC_0,60173,15504822242799,0,0,,,TRISC-KERNEL,ZONE_START,86,/home/nx09/nx09/nebriscv/tt-metal-0.74/tt-metal/tt_metal/hw/firmware/src/tt-1xx/trisck.cc,
0,16,9,TRISC_0,60173,15504822310721,0,0,,,TRISC-KERNEL,ZONE_END,86,/home/nx09/nx09/nebriscv/tt-metal-0.74/tt-metal/tt_metal/hw/firmware/src/tt-1xx/trisck.cc,
0,16,9,TRISC_0,30839,15504822310760,0,0,,,TRISC-FW,ZONE_END,150,/home/nx09/nx09/nebriscv/tt-metal-0.74/tt-metal/tt_metal/hw/firmware/src/tt-1xx/trisc.cc,
0,16,9,TRISC_1,30839,15504822242402,0,0,,,TRISC-FW,ZONE_START,150,/home/nx09/nx09/nebriscv/tt-metal-0.74/tt-metal/tt_metal/hw/firmware/src/tt-1xx/trisc.cc,
0,16,9,TRISC_1,60173,15504822242592,0,0,,,TRISC-KERNEL,ZONE_START,86,/home/nx09/nx09/nebriscv/tt-metal-0.74/tt-metal/tt_metal/hw/firmware/src/tt-1xx/trisck.cc,
0,16,9,TRISC_1,60173,15504822301795,0,0,,,TRISC-KERNEL,ZONE_END,86,/home/nx09/nx09/nebriscv/tt-metal-0.74/tt-metal/tt_metal/hw/firmware/src/tt-1xx/trisck.cc,
0,16,9,TRISC_1,30839,15504822310762,0,0,,,TRISC-FW,ZONE_END,150,/home/nx09/nx09/nebriscv/tt-metal-0.74/tt-metal/tt_metal/hw/firmware/src/tt-1xx/trisc.cc,
0,16,9,TRISC_2,30839,15504822242401,0,0,,,TRISC-FW,ZONE_START,150,/home/nx09/nx09/nebriscv/tt-metal-0.74/tt-metal/tt_metal/hw/firmware/src/tt-1xx/trisc.cc,
0,16,9,TRISC_2,60173,15504822242837,0,0,,,TRISC-KERNEL,ZONE_START,86,/home/nx09/nx09/nebriscv/tt-metal-0.74/tt-metal/tt_metal/hw/firmware/src/tt-1xx/trisck.cc,
0,16,9,TRISC_2,60173,15504822288371,0,0,,,TRISC-KERNEL,ZONE_END,86,/home/nx09/nx09/nebriscv/tt-metal-0.74/tt-metal/tt_metal/hw/firmware/src/tt-1xx/trisck.cc,
0,16,9,TRISC_2,30839,15504822310813,0,0,,,TRISC-FW,ZONE_END,150,/home/nx09/nx09/nebriscv/tt-metal-0.74/tt-metal/tt_metal/hw/firmware/src/tt-1xx/trisc.cc,
0,16,10,BRISC,51381,15504822271462,0,0,,,BRISC-FW,ZONE_START,433,/home/nx09/nx09/nebriscv/tt-metal-0.74/tt-metal/tt_metal/hw/firmware/src/tt-1xx/brisc.cc,
0,16,10,BRISC,31418,15504822272222,0,0,,,BRISC-KERNEL,ZONE_START,77,/home/nx09/nx09/nebriscv/tt-metal-0.74/tt-metal/tt_metal/hw/firmware/src/tt-1xx/brisck.cc,
0,16,10,BRISC,31418,15504822337342,0,0,,,BRISC-KERNEL,ZONE_END,77,/home/nx09/nx09/nebriscv/tt-metal-0.74/tt-metal/tt_metal/hw/firmware/src/tt-1xx/brisck.cc,
0,16,10,BRISC,51381,15504822337435,0,0,,,BRISC-FW,ZONE_END,433,/home/nx09/nx09/nebriscv/tt-metal-0.74/tt-metal/tt_metal/hw/firmware/src/tt-1xx/brisc.cc,
0,16,10,NCRISC,49034,15504822271614,0,0,,,NCRISC-FW,ZONE_START,129,/home/nx09/nx09/nebriscv/tt-metal-0.74/tt-metal/tt_metal/hw/firmware/src/tt-1xx/ncrisc.cc,
0,16,10,NCRISC,13096,15504822272104,0,0,,,NCRISC-KERNEL,ZONE_START,69,/home/nx09/nx09/nebriscv/tt-metal-0.74/tt-metal/tt_metal/hw/firmware/src/tt-1xx/ncrisck.cc,
0,16,10,NCRISC,13096,15504822336746,0,0,,,NCRISC-KERNEL,ZONE_END,69,/home/nx09/nx09/nebriscv/tt-metal-0.74/tt-metal/tt_metal/hw/firmware/src/tt-1xx/ncrisck.cc,
0,16,10,NCRISC,49034,15504822336774,0,0,,,NCRISC-FW,ZONE_END,129,/home/nx09/nx09/nebriscv/tt-metal-0.74/tt-metal/tt_metal/hw/firmware/src/tt-1xx/ncrisc.cc,
0,16,10,TRISC_0,30839,15504822271710,0,0,,,TRISC-FW,ZONE_START,150,/home/nx09/nx09/nebriscv/tt-metal-0.74/tt-metal/tt_metal/hw/firmware/src/tt-1xx/trisc.cc,
0,16,10,TRISC_0,60173,15504822272119,0,0,,,TRISC-KERNEL,ZONE_START,86,/home/nx09/nx09/nebriscv/tt-metal-0.74/tt-metal/tt_metal/hw/firmware/src/tt-1xx/trisck.cc,
0,16,10,TRISC_0,60173,15504822336813,0,0,,,TRISC-KERNEL,ZONE_END,86,/home/nx09/nx09/nebriscv/tt-metal-0.74/tt-metal/tt_metal/hw/firmware/src/tt-1xx/trisck.cc,
0,16,10,TRISC_0,30839,15504822336849,0,0,,,TRISC-FW,ZONE_END,150,/home/nx09/nx09/nebriscv/tt-metal-0.74/tt-metal/tt_metal/hw/firmware/src/tt-1xx/trisc.cc,
0,16,10,TRISC_1,30839,15504822271722,0,0,,,TRISC-FW,ZONE_START,150,/home/nx09/nx09/nebriscv/tt-metal-0.74/tt-metal/tt_metal/hw/firmware/src/tt-1xx/trisc.cc,
0,16,10,TRISC_1,60173,15504822271918,0,0,,,TRISC-KERNEL,ZONE_START,86,/home/nx09/nx09/nebriscv/tt-metal-0.74/tt-metal/tt_metal/hw/firmware/src/tt-1xx/trisck.cc,
0,16,10,TRISC_1,60173,15504822327977,0,0,,,TRISC-KERNEL,ZONE_END,86,/home/nx09/nx09/nebriscv/tt-metal-0.74/tt-metal/tt_metal/hw/firmware/src/tt-1xx/trisck.cc,
0,16,10,TRISC_1,30839,15504822336858,0,0,,,TRISC-FW,ZONE_END,150,/home/nx09/nx09/nebriscv/tt-metal-0.74/tt-metal/tt_metal/hw/firmware/src/tt-1xx/trisc.cc,
0,16,10,TRISC_2,30839,15504822271730,0,0,,,TRISC-FW,ZONE_START,150,/home/nx09/nx09/nebriscv/tt-metal-0.74/tt-metal/tt_metal/hw/firmware/src/tt-1xx/trisc.cc,
0,16,10,TRISC_2,60173,15504822272167,0,0,,,TRISC-KERNEL,ZONE_START,86,/home/nx09/nx09/nebriscv/tt-metal-0.74/tt-metal/tt_metal/hw/firmware/src/tt-1xx/trisck.cc,
0,16,10,TRISC_2,60173,15504822314490,0,0,,,TRISC-KERNEL,ZONE_END,86,/home/nx09/nx09/nebriscv/tt-metal-0.74/tt-metal/tt_metal/hw/firmware/src/tt-1xx/trisck.cc,
0,16,10,TRISC_2,30839,15504822336911,0,0,,,TRISC-FW,ZONE_END,150,/home/nx09/nx09/nebriscv/tt-metal-0.74/tt-metal/tt_metal/hw/firmware/src/tt-1xx/trisc.cc,
0,16,11,BRISC,51381,15504822301951,0,0,,,BRISC-FW,ZONE_START,433,/home/nx09/nx09/nebriscv/tt-metal-0.74/tt-metal/tt_metal/hw/firmware/src/tt-1xx/brisc.cc,
0,16,11,BRISC,31418,15504822302711,0,0,,,BRISC-KERNEL,ZONE_START,77,/home/nx09/nx09/nebriscv/tt-metal-0.74/tt-metal/tt_metal/hw/firmware/src/tt-1xx/brisck.cc,
0,16,11,BRISC,31418,15504822371295,0,0,,,BRISC-KERNEL,ZONE_END,77,/home/nx09/nx09/nebriscv/tt-metal-0.74/tt-metal/tt_metal/hw/firmware/src/tt-1xx/brisck.cc,
0,16,11,BRISC,51381,15504822371388,0,0,,,BRISC-FW,ZONE_END,433,/home/nx09/nx09/nebriscv/tt-metal-0.74/tt-metal/tt_metal/hw/firmware/src/tt-1xx/brisc.cc,
0,16,11,NCRISC,49034,15504822302103,0,0,,,NCRISC-FW,ZONE_START,129,/home/nx09/nx09/nebriscv/tt-metal-0.74/tt-metal/tt_metal/hw/firmware/src/tt-1xx/ncrisc.cc,
0,16,11,NCRISC,13096,15504822302593,0,0,,,NCRISC-KERNEL,ZONE_START,69,/home/nx09/nx09/nebriscv/tt-metal-0.74/tt-metal/tt_metal/hw/firmware/src/tt-1xx/ncrisck.cc,
0,16,11,NCRISC,13096,15504822370699,0,0,,,NCRISC-KERNEL,ZONE_END,69,/home/nx09/nx09/nebriscv/tt-metal-0.74/tt-metal/tt_metal/hw/firmware/src/tt-1xx/ncrisck.cc,
0,16,11,NCRISC,49034,15504822370727,0,0,,,NCRISC-FW,ZONE_END,129,/home/nx09/nx09/nebriscv/tt-metal-0.74/tt-metal/tt_metal/hw/firmware/src/tt-1xx/ncrisc.cc,
0,16,11,TRISC_0,30839,15504822302199,0,0,,,TRISC-FW,ZONE_START,150,/home/nx09/nx09/nebriscv/tt-metal-0.74/tt-metal/tt_metal/hw/firmware/src/tt-1xx/trisc.cc,
0,16,11,TRISC_0,60173,15504822302608,0,0,,,TRISC-KERNEL,ZONE_START,86,/home/nx09/nx09/nebriscv/tt-metal-0.74/tt-metal/tt_metal/hw/firmware/src/tt-1xx/trisck.cc,
0,16,11,TRISC_0,60173,15504822370766,0,0,,,TRISC-KERNEL,ZONE_END,86,/home/nx09/nx09/nebriscv/tt-metal-0.74/tt-metal/tt_metal/hw/firmware/src/tt-1xx/trisck.cc,
0,16,11,TRISC_0,30839,15504822370802,0,0,,,TRISC-FW,ZONE_END,150,/home/nx09/nx09/nebriscv/tt-metal-0.74/tt-metal/tt_metal/hw/firmware/src/tt-1xx/trisc.cc,
0,16,11,TRISC_1,30839,15504822302211,0,0,,,TRISC-FW,ZONE_START,150,/home/nx09/nx09/nebriscv/tt-metal-0.74/tt-metal/tt_metal/hw/firmware/src/tt-1xx/trisc.cc,
0,16,11,TRISC_1,60173,15504822302407,0,0,,,TRISC-KERNEL,ZONE_START,86,/home/nx09/nx09/nebriscv/tt-metal-0.74/tt-metal/tt_metal/hw/firmware/src/tt-1xx/trisck.cc,
0,16,11,TRISC_1,60173,15504822361669,0,0,,,TRISC-KERNEL,ZONE_END,86,/home/nx09/nx09/nebriscv/tt-metal-0.74/tt-metal/tt_metal/hw/firmware/src/tt-1xx/trisck.cc,
0,16,11,TRISC_1,30839,15504822370811,0,0,,,TRISC-FW,ZONE_END,150,/home/nx09/nx09/nebriscv/tt-metal-0.74/tt-metal/tt_metal/hw/firmware/src/tt-1xx/trisc.cc,
0,16,11,TRISC_2,30839,15504822302219,0,0,,,TRISC-FW,ZONE_START,150,/home/nx09/nx09/nebriscv/tt-metal-0.74/tt-metal/tt_metal/hw/firmware/src/tt-1xx/trisc.cc,
0,16,11,TRISC_2,60173,15504822302656,0,0,,,TRISC-KERNEL,ZONE_START,86,/home/nx09/nx09/nebriscv/tt-metal-0.74/tt-metal/tt_metal/hw/firmware/src/tt-1xx/trisck.cc,
0,16,11,TRISC_2,60173,15504822348119,0,0,,,TRISC-KERNEL,ZONE_END,86,/home/nx09/nx09/nebriscv/tt-metal-0.74/tt-metal/tt_metal/hw/firmware/src/tt-1xx/trisck.cc,
0,16,11,TRISC_2,30839,15504822370864,0,0,,,TRISC-FW,ZONE_END,150,/home/nx09/nx09/nebriscv/tt-metal-0.74/tt-metal/tt_metal/hw/firmware/src/tt-1xx/trisc.cc,
